{
"type": "FeatureCollection",
"name": "house",
"crs": { "type": "name", "properties": { "name": "urn:ogc:def:crs:OGC:1.3:CRS84" } },
"features": [
{ "type": "Feature", "properties": { "district": 28 }, "geometry": { "type": "Polygon", "coordinates": [ [ [ -85.884761301401852, 38.071714697774709 ], [ -85.885234218950018, 38.06597162964681 ], [ -85.885505892132855, 38.064813690510782 ], [ -85.887306210155984, 38.060661209787504 ], [ -85.888247765227902, 38.059061960925099 ], [ -85.89063211046745, 38.056182441399699 ], [ -85.904064914166625, 38.063189248082786 ], [ -85.904795912217168, 38.063820249908531 ], [ -85.905724736628315, 38.063679061525932 ], [ -85.905993912685474, 38.064011247563244 ], [ -85.906396913165025, 38.06419124910191 ], [ -85.906333127732992, 38.064298888113747 ], [ -85.907271914913721, 38.064798250450416 ], [ -85.907658914330014, 38.064568249267381 ], [ -85.908076916385426, 38.064576248924645 ], [ -85.909466918311338, 38.065288247687612 ], [ -85.910177916181638, 38.065291248466664 ], [ -85.91013691674398, 38.06552424776563 ], [ -85.915754605086136, 38.065137268419257 ], [ -85.913528781807784, 38.072836274944123 ], [ -85.91328832024972, 38.073077856630903 ], [ -85.913242395960339, 38.071787001733632 ], [ -85.913087690035852, 38.071330848242553 ], [ -85.912153586330945, 38.073038847273068 ], [ -85.909168525916328, 38.079966160494742 ], [ -85.907673247017584, 38.082943077248871 ], [ -85.905312320290079, 38.088820587656294 ], [ -85.905037416926646, 38.090006936833333 ], [ -85.90480819125699, 38.09350080982766 ], [ -85.90436725313765, 38.097066513856348 ], [ -85.904252687372221, 38.099220257241079 ], [ -85.904407241068185, 38.101999564302382 ], [ -85.904258346196301, 38.103472172179593 ], [ -85.904613701851659, 38.108229171538746 ], [ -85.905427262835289, 38.111827705777898 ], [ -85.906134946291402, 38.116996309498084 ], [ -85.884929487216752, 38.115986187592078 ], [ -85.885279089254283, 38.117349798490523 ], [ -85.885157323206229, 38.118041814660678 ], [ -85.883301421069532, 38.120047772025671 ], [ -85.88187661785895, 38.120562748921024 ], [ -85.881247284715954, 38.121116246479367 ], [ -85.880216677262169, 38.120990627407657 ], [ -85.878377935713047, 38.121561124893113 ], [ -85.878613676029133, 38.12262829780807 ], [ -85.877386964353406, 38.124425477435487 ], [ -85.877745298085074, 38.125756540825108 ], [ -85.877425259431476, 38.12601014391614 ], [ -85.877369939090855, 38.129292003592255 ], [ -85.877498469885694, 38.130048679839653 ], [ -85.877783889703167, 38.130474074107624 ], [ -85.877675637771247, 38.130632827299721 ], [ -85.87777423199735, 38.131074640859595 ], [ -85.874224272474905, 38.131039354084912 ], [ -85.871891084825194, 38.144513087788603 ], [ -85.871757185488036, 38.146087983686797 ], [ -85.87025029242146, 38.149192678382768 ], [ -85.865599830493508, 38.164495115237251 ], [ -85.865547912038977, 38.164810220493273 ], [ -85.870348892274563, 38.167063091609869 ], [ -85.868047238746712, 38.169974281560073 ], [ -85.867757912937364, 38.169954269593241 ], [ -85.867733913151582, 38.169346270476964 ], [ -85.867405912189525, 38.168605270538961 ], [ -85.862371911480466, 38.168360269415778 ], [ -85.853326347947458, 38.172126987932813 ], [ -85.852169485150398, 38.171961777657486 ], [ -85.850260632803256, 38.171200188217014 ], [ -85.848656429742462, 38.170038027322967 ], [ -85.847992799269306, 38.169136070518476 ], [ -85.84738379313842, 38.16668664925912 ], [ -85.84623448045032, 38.1669478860059 ], [ -85.844914455501183, 38.166879208699783 ], [ -85.844571045704569, 38.1667053024632 ], [ -85.84221028459875, 38.166679159486968 ], [ -85.841263195275914, 38.167157521367749 ], [ -85.840997730342394, 38.166912672083008 ], [ -85.841806832806597, 38.166176028722361 ], [ -85.842695234476707, 38.165045604148979 ], [ -85.843960234887035, 38.164305407684729 ], [ -85.844498657886561, 38.162971353888906 ], [ -85.846845903791078, 38.164246272457547 ], [ -85.846930904403706, 38.163343270283782 ], [ -85.848516719501134, 38.158206931802916 ], [ -85.847561351207034, 38.157791981119409 ], [ -85.845040219511517, 38.157138144514157 ], [ -85.83456677851936, 38.156130226453485 ], [ -85.836883364965544, 38.150744989665895 ], [ -85.838314139803856, 38.146168400431662 ], [ -85.839588406241901, 38.143491106715004 ], [ -85.837242739994949, 38.143407637866424 ], [ -85.836226111427962, 38.14355886479612 ], [ -85.827948124688888, 38.147790135656201 ], [ -85.824088997972211, 38.14954532266372 ], [ -85.821308089895226, 38.138996536688637 ], [ -85.818389623620888, 38.136199336078718 ], [ -85.816982366665997, 38.135478920119247 ], [ -85.814546532573615, 38.133385428374751 ], [ -85.81353789143877, 38.131760266144674 ], [ -85.810673892736915, 38.128996266010319 ], [ -85.806187995240819, 38.123823183333599 ], [ -85.803603213838969, 38.121217066731624 ], [ -85.803998131849923, 38.120930194793253 ], [ -85.802757268143765, 38.120201691840322 ], [ -85.806788264285345, 38.117162796120461 ], [ -85.806927654107454, 38.117305204499338 ], [ -85.807779742664479, 38.11692192697754 ], [ -85.809144280447981, 38.116604158715106 ], [ -85.811324186664535, 38.116591460873657 ], [ -85.813066384316969, 38.116364963311383 ], [ -85.815121459866859, 38.116573335646102 ], [ -85.81895393789037, 38.116519225064096 ], [ -85.820249493835504, 38.116121241457357 ], [ -85.821387919992361, 38.116004718793953 ], [ -85.821987893419305, 38.115300263425283 ], [ -85.824496892654267, 38.114517262357516 ], [ -85.8290068943964, 38.114699263518474 ], [ -85.829836362265524, 38.114990459596996 ], [ -85.835234933897453, 38.115234884620918 ], [ -85.841054734618723, 38.10766707511808 ], [ -85.842129576907809, 38.106967296336144 ], [ -85.844674519220433, 38.105933181663964 ], [ -85.848202747012081, 38.105702381496378 ], [ -85.851413575404848, 38.105940590660651 ], [ -85.859325223864616, 38.105075903534548 ], [ -85.86069915412881, 38.105354421155248 ], [ -85.86270139582129, 38.106227737965312 ], [ -85.863908905551966, 38.103864258895051 ], [ -85.863329592641009, 38.103648865025384 ], [ -85.863445283882015, 38.1034114111851 ], [ -85.862369503130836, 38.102904388695485 ], [ -85.861655023269904, 38.098451299629211 ], [ -85.864407556599261, 38.093771900040501 ], [ -85.864780814246757, 38.093521881325977 ], [ -85.865926942425347, 38.093392949686852 ], [ -85.86657173565176, 38.093100104816244 ], [ -85.86767911925844, 38.091355041465576 ], [ -85.866457488338654, 38.090929043883136 ], [ -85.865791640538319, 38.090926962903168 ], [ -85.864881511964867, 38.090625108939811 ], [ -85.865456814349628, 38.089534385976627 ], [ -85.863987673741164, 38.089179696992787 ], [ -85.86472862270773, 38.087654290045428 ], [ -85.858920908159092, 38.086629256517398 ], [ -85.858721901368696, 38.086079254783812 ], [ -85.857651902769007, 38.085741253204155 ], [ -85.860395658722325, 38.083139635215716 ], [ -85.86597690423018, 38.075407254247857 ], [ -85.866617903676186, 38.073637251209085 ], [ -85.867631357994327, 38.067329225865656 ], [ -85.879572988906446, 38.070086467467654 ], [ -85.884761301401852, 38.071714697774709 ] ] ] } },
{ "type": "Feature", "properties": { "district": 29 }, "geometry": { "type": "Polygon", "coordinates": [ [ [ -85.55724225836093, 38.073810000125988 ], [ -85.643018552337765, 38.081258947322162 ], [ -85.642604026953705, 38.081781583862934 ], [ -85.642532842346412, 38.082309264858402 ], [ -85.642294356483077, 38.08258137446925 ], [ -85.642288912716893, 38.083347473946368 ], [ -85.642706595911633, 38.08360407287298 ], [ -85.644142838636157, 38.083795263678809 ], [ -85.644502543000272, 38.084284476416371 ], [ -85.644157572156814, 38.084936250394151 ], [ -85.642620127951048, 38.085731064467936 ], [ -85.642572782803384, 38.086126707400901 ], [ -85.642851404560091, 38.087301485282943 ], [ -85.642549300643324, 38.087541794079598 ], [ -85.642099450622624, 38.087581670176064 ], [ -85.643855579145523, 38.089150694292783 ], [ -85.64354339779679, 38.090152865811923 ], [ -85.643401587702456, 38.090318216919826 ], [ -85.643171976666594, 38.090222779972457 ], [ -85.643053064063139, 38.090502434868363 ], [ -85.643619962897375, 38.090904863745038 ], [ -85.642439069894621, 38.091966522444778 ], [ -85.638437853520173, 38.091712713350212 ], [ -85.637687061615139, 38.090722422915185 ], [ -85.637426644656486, 38.091041381797915 ], [ -85.637170307951408, 38.09157090932127 ], [ -85.637055161070634, 38.092519963959006 ], [ -85.636093218047762, 38.09447936967414 ], [ -85.636918472847668, 38.095838415797047 ], [ -85.636009090053022, 38.097060101043915 ], [ -85.636358163008552, 38.097898310155898 ], [ -85.636593082055271, 38.099738180137514 ], [ -85.636003628752448, 38.100271694513978 ], [ -85.635101188681645, 38.101861876668337 ], [ -85.635276420489177, 38.104070990686175 ], [ -85.635190352347166, 38.106546420054052 ], [ -85.634153478548285, 38.108085543124687 ], [ -85.633721685969874, 38.109994311766357 ], [ -85.6469346443766, 38.110600144383234 ], [ -85.646594869906977, 38.111676996678305 ], [ -85.646335197489975, 38.116074977045109 ], [ -85.646668844394767, 38.116700269196919 ], [ -85.646688841995783, 38.117881270424931 ], [ -85.647078263119084, 38.118146876222099 ], [ -85.648425002190876, 38.121737048016925 ], [ -85.645420635633229, 38.122193925444783 ], [ -85.63895254276386, 38.123919824868999 ], [ -85.637072236596168, 38.123866850953576 ], [ -85.633970779667166, 38.123076811489341 ], [ -85.629583317393283, 38.123616974754981 ], [ -85.629385630422917, 38.123682452305971 ], [ -85.629314518902248, 38.124545316126898 ], [ -85.628383560867562, 38.124637343448093 ], [ -85.626657574734381, 38.125345091180684 ], [ -85.62092486778468, 38.126834915384812 ], [ -85.619801566306791, 38.126939433957276 ], [ -85.615242604142978, 38.128090315670278 ], [ -85.614285109860461, 38.128103336031664 ], [ -85.613440618928607, 38.13764933560649 ], [ -85.609852827992711, 38.137503714200733 ], [ -85.609195831687785, 38.137613276702432 ], [ -85.606587834764767, 38.138619277202629 ], [ -85.603122803069425, 38.138630857588673 ], [ -85.600623989300416, 38.13988433199237 ], [ -85.601153992757773, 38.141168032872628 ], [ -85.601023002833301, 38.143459713536004 ], [ -85.601131307353725, 38.143673963130759 ], [ -85.606792831990631, 38.143983277606068 ], [ -85.606245833937876, 38.148987280427441 ], [ -85.602240291195059, 38.148810841375763 ], [ -85.602003131814271, 38.151322679862105 ], [ -85.598428331704199, 38.151177671547863 ], [ -85.59820086206021, 38.151640090958061 ], [ -85.598391938017372, 38.151762098345365 ], [ -85.598548938642978, 38.152536504451824 ], [ -85.598238832453816, 38.154002280909509 ], [ -85.597845434880085, 38.154665760150451 ], [ -85.597631049203102, 38.155420469272144 ], [ -85.592058830951544, 38.155173281193022 ], [ -85.591485958338779, 38.157239512694019 ], [ -85.590939957786773, 38.157549678218558 ], [ -85.591193876596066, 38.158096846848878 ], [ -85.588582079330948, 38.158421995958065 ], [ -85.588057266876859, 38.159838499471533 ], [ -85.583438438143958, 38.15897670316928 ], [ -85.581831988071244, 38.158403143031492 ], [ -85.579134465921086, 38.158000928187683 ], [ -85.577297174695261, 38.157538772864037 ], [ -85.575378282648032, 38.157584622972323 ], [ -85.574725504527905, 38.157168419678783 ], [ -85.574483538511132, 38.15668949156138 ], [ -85.572312148157721, 38.156547372040883 ], [ -85.571252087625211, 38.163691336280621 ], [ -85.571086932236042, 38.164083869493595 ], [ -85.570076026732039, 38.165114881272054 ], [ -85.569659108667139, 38.166022310459638 ], [ -85.569351633554419, 38.166217508225024 ], [ -85.568788152447368, 38.16552379056855 ], [ -85.566887901742589, 38.163839381679196 ], [ -85.561515996165681, 38.163662105291117 ], [ -85.560062133276517, 38.164139903855478 ], [ -85.555892710372987, 38.166000560314458 ], [ -85.554959331570473, 38.167160607793093 ], [ -85.554634298983345, 38.168165270644927 ], [ -85.553864744346015, 38.169237489722036 ], [ -85.553394546172683, 38.169253948890614 ], [ -85.552812129236457, 38.168991069770122 ], [ -85.552227741723172, 38.168070195892433 ], [ -85.551680498155676, 38.167668834568182 ], [ -85.551210567503162, 38.16756557077963 ], [ -85.550211969118308, 38.167661260122969 ], [ -85.550409947224026, 38.168886213945768 ], [ -85.550297897309733, 38.170195223813955 ], [ -85.549952873308897, 38.171619318030835 ], [ -85.550243519912598, 38.173342403244817 ], [ -85.550095311354212, 38.177007261155111 ], [ -85.549593677064237, 38.180119956798002 ], [ -85.549744293416381, 38.180822539736127 ], [ -85.550377555886584, 38.181480252718224 ], [ -85.551186327930921, 38.183086663802605 ], [ -85.552352819846391, 38.186486289055487 ], [ -85.552435715262234, 38.187266984154682 ], [ -85.552040646308541, 38.188306249337899 ], [ -85.54805156697644, 38.187357740641076 ], [ -85.546044168581602, 38.186178577002622 ], [ -85.544852046438095, 38.185705250705112 ], [ -85.541049819128801, 38.18533129034212 ], [ -85.537587566041054, 38.185880136725032 ], [ -85.512693078555628, 38.188105254355811 ], [ -85.512548783908514, 38.187741337170536 ], [ -85.512256476023524, 38.187525483572244 ], [ -85.511085809390508, 38.187535291684625 ], [ -85.510620529209788, 38.187230339582136 ], [ -85.509989959034115, 38.185780440693193 ], [ -85.509221724666759, 38.182364273026025 ], [ -85.509043809092091, 38.182108289718052 ], [ -85.508242808025017, 38.181911288616369 ], [ -85.505188807936037, 38.182256289408642 ], [ -85.50351559876411, 38.178658271947896 ], [ -85.503976790434024, 38.178333268232151 ], [ -85.504894804072663, 38.178139287632568 ], [ -85.505350894796194, 38.17719099970499 ], [ -85.505371792812028, 38.175954282664584 ], [ -85.505949397322439, 38.175356472762289 ], [ -85.507433868353118, 38.174391615364485 ], [ -85.507687805623547, 38.173988288364015 ], [ -85.507327505581358, 38.172872852528151 ], [ -85.504569673922148, 38.166694224836853 ], [ -85.506097806629967, 38.165901286383857 ], [ -85.506297548006287, 38.165308176513783 ], [ -85.505642670539359, 38.164936947386458 ], [ -85.505113366481922, 38.164310998416539 ], [ -85.505249538527707, 38.163067251969167 ], [ -85.505152927241454, 38.162598759457779 ], [ -85.504201076603209, 38.161687207491937 ], [ -85.503700696570036, 38.161538437599702 ], [ -85.501211821585457, 38.161857035488836 ], [ -85.499197788328161, 38.160181336879781 ], [ -85.498719730142, 38.159155831026588 ], [ -85.498566177085962, 38.157428347123663 ], [ -85.498043804445217, 38.157429286046039 ], [ -85.497872802784656, 38.156755286567297 ], [ -85.496941803504328, 38.155645285424789 ], [ -85.496772803266566, 38.155200285726984 ], [ -85.497348801875418, 38.154562283383022 ], [ -85.498021803526569, 38.154530285273736 ], [ -85.49836380313198, 38.154264283307036 ], [ -85.499293800451611, 38.154169283770955 ], [ -85.50018380464121, 38.153435284888545 ], [ -85.50041780227437, 38.15350428628998 ], [ -85.501575803777428, 38.152779284193862 ], [ -85.502693805536765, 38.152656283885875 ], [ -85.502885803644844, 38.152455284171424 ], [ -85.503308806087134, 38.152910285639962 ], [ -85.503755804134073, 38.154486284252059 ], [ -85.504089804829945, 38.1550612842343 ], [ -85.504225806272331, 38.155886285332812 ], [ -85.50477280320375, 38.156855285180313 ], [ -85.505945804896371, 38.157661283567968 ], [ -85.507184803198598, 38.157805284502835 ], [ -85.508260806494022, 38.157329285343806 ], [ -85.508912806325867, 38.156454286383031 ], [ -85.512822806240408, 38.155392285261406 ], [ -85.51328980653426, 38.155198283571394 ], [ -85.51328080496036, 38.154860285500419 ], [ -85.513406808133411, 38.155103285464406 ], [ -85.514235806836297, 38.154933284586534 ], [ -85.513898808117617, 38.155258283488386 ], [ -85.514594808919597, 38.155143284098749 ], [ -85.515499808330119, 38.154224285428988 ], [ -85.515866807546786, 38.153503284457507 ], [ -85.515802807015731, 38.153072282890264 ], [ -85.515480808731098, 38.15257028460271 ], [ -85.514384808235363, 38.151489285170193 ], [ -85.514687809367871, 38.151902282598193 ], [ -85.514461806290697, 38.151819282201359 ], [ -85.514433804751505, 38.152020284611552 ], [ -85.514298808064794, 38.151948284805016 ], [ -85.513967806401936, 38.151256285338704 ], [ -85.513224804995147, 38.150240284977194 ], [ -85.512956806447363, 38.150144283189732 ], [ -85.511935807993041, 38.148472281899352 ], [ -85.510456804205091, 38.146963282123131 ], [ -85.509963804923984, 38.14590128131853 ], [ -85.510115805701759, 38.143586281729689 ], [ -85.510420805562987, 38.143104279957498 ], [ -85.511359805112221, 38.142810281192133 ], [ -85.512087808673968, 38.142697283605443 ], [ -85.512298804435133, 38.142829283242875 ], [ -85.51334680517094, 38.142527281079708 ], [ -85.515641806415587, 38.142439279595891 ], [ -85.516551808330519, 38.142063281344285 ], [ -85.516901805545459, 38.141624281461432 ], [ -85.517074809213241, 38.140082280825332 ], [ -85.517363805278592, 38.13912927993487 ], [ -85.516721804827014, 38.136256279534599 ], [ -85.515741807530816, 38.135119279582241 ], [ -85.515705808376936, 38.133995279423345 ], [ -85.5158618045743, 38.133536280058649 ], [ -85.516429809338348, 38.133132280753394 ], [ -85.517782806544389, 38.132720278327632 ], [ -85.514361806189839, 38.130549280179842 ], [ -85.511559804144625, 38.129859278050681 ], [ -85.509851442128877, 38.129154153169353 ], [ -85.507285801238922, 38.128677278078541 ], [ -85.506055802791977, 38.128100278193756 ], [ -85.503829189608098, 38.12742048646286 ], [ -85.501189252172139, 38.127038413130315 ], [ -85.49948480270848, 38.126596279724197 ], [ -85.495474118905364, 38.124655490551277 ], [ -85.494584803274819, 38.12449027200541 ], [ -85.49328421249794, 38.123947225676659 ], [ -85.492089797308225, 38.122773279619146 ], [ -85.489620795453703, 38.122092279480221 ], [ -85.485332796988885, 38.122591280699638 ], [ -85.483865387618522, 38.12315828727882 ], [ -85.478817289003132, 38.127502748475841 ], [ -85.469402730907007, 38.127526672471802 ], [ -85.468941793555175, 38.130092281168118 ], [ -85.467254060507315, 38.131834521862288 ], [ -85.466492792824795, 38.13400828129862 ], [ -85.465003382248142, 38.13393898472458 ], [ -85.463120789713514, 38.133329280937922 ], [ -85.459420836008533, 38.132836116631516 ], [ -85.457930787055417, 38.133386281586134 ], [ -85.452293179370386, 38.133116257859093 ], [ -85.451056788133286, 38.132506283406897 ], [ -85.450629079543376, 38.131850602103647 ], [ -85.449516788999873, 38.131298282346542 ], [ -85.44849092178373, 38.131025540135184 ], [ -85.448524358330474, 38.129864211866661 ], [ -85.44840085619434, 38.129701227028271 ], [ -85.442739783221498, 38.129041283898346 ], [ -85.436391781086115, 38.129092282890205 ], [ -85.433184157184428, 38.127999911765293 ], [ -85.430309452794333, 38.126356122042807 ], [ -85.427652225324195, 38.125821079481149 ], [ -85.428892450135777, 38.118332418786764 ], [ -85.479487654899728, 38.100223316445067 ], [ -85.515829969174945, 38.08871910937237 ], [ -85.55724225836093, 38.073810000125988 ] ] ] } },
{ "type": "Feature", "properties": { "district": 30 }, "geometry": { "type": "Polygon", "coordinates": [ [ [ -85.660055112762493, 38.161615112030319 ], [ -85.65967525580804, 38.153364171434312 ], [ -85.659894385423158, 38.149054033420057 ], [ -85.66214094051773, 38.148357731535654 ], [ -85.6779768526266, 38.149331275364894 ], [ -85.679712855264825, 38.149274276686974 ], [ -85.685788858046934, 38.149567275522791 ], [ -85.687246856219232, 38.149249276644078 ], [ -85.691212859076344, 38.149910273597051 ], [ -85.693183857102611, 38.150081273750679 ], [ -85.700166861480696, 38.162381275781371 ], [ -85.701736863713549, 38.164171274811906 ], [ -85.709235798856142, 38.171310323431378 ], [ -85.707859865642263, 38.172151279059015 ], [ -85.708783864538361, 38.173046278344337 ], [ -85.706828864979613, 38.173893279443284 ], [ -85.698593865258815, 38.173715279236454 ], [ -85.697782861331874, 38.174064278697912 ], [ -85.697462863456025, 38.174630279169868 ], [ -85.696425672135177, 38.181582578947399 ], [ -85.698061153274821, 38.182541375010281 ], [ -85.698864378036106, 38.18332927396407 ], [ -85.701208752297944, 38.186543613146384 ], [ -85.706920339611543, 38.193755574941363 ], [ -85.706448867980441, 38.194089283336467 ], [ -85.705198866069665, 38.195932283641362 ], [ -85.704090868914349, 38.196498285037002 ], [ -85.704016866269683, 38.196754282388859 ], [ -85.704215868519725, 38.196788284825629 ], [ -85.702956297803681, 38.197603974889859 ], [ -85.701189866966288, 38.197701282625083 ], [ -85.701325933968604, 38.196845039627618 ], [ -85.697455863805473, 38.196906282866628 ], [ -85.698150865928, 38.194268281631921 ], [ -85.693857862277696, 38.193046282917976 ], [ -85.693593864434135, 38.194317285321148 ], [ -85.692522863891369, 38.194013283348774 ], [ -85.692453860958167, 38.194367283593856 ], [ -85.693132862199249, 38.194513282269867 ], [ -85.692994863400202, 38.194575281573499 ], [ -85.692517990407552, 38.197170673158766 ], [ -85.695777432954898, 38.197866449272468 ], [ -85.695756357917688, 38.198537020966228 ], [ -85.696412352959555, 38.198642784145122 ], [ -85.693088912933632, 38.200903422105185 ], [ -85.691605864381003, 38.201096284559902 ], [ -85.691258549744731, 38.201084511327906 ], [ -85.691332861272841, 38.200747285187283 ], [ -85.691145863882952, 38.200739285271283 ], [ -85.690903863608966, 38.200969283598788 ], [ -85.688222863150088, 38.200889285052398 ], [ -85.686761862398455, 38.201060286125859 ], [ -85.686143253792949, 38.200929517985521 ], [ -85.684896790241183, 38.200110957023178 ], [ -85.682286936031502, 38.197979356566357 ], [ -85.681006994936638, 38.198976356766238 ], [ -85.678446040089753, 38.200340313949042 ], [ -85.677866037703907, 38.20113119209654 ], [ -85.675541188886825, 38.202143491032743 ], [ -85.675400433313754, 38.202556393400421 ], [ -85.674398403883899, 38.202701989409178 ], [ -85.674407435137383, 38.203162771229707 ], [ -85.67486316969439, 38.203225565022763 ], [ -85.678275776120486, 38.204607670640485 ], [ -85.678722911328521, 38.204940548313012 ], [ -85.679535085431411, 38.204445433605478 ], [ -85.680926043363399, 38.205337458191231 ], [ -85.678369859233555, 38.206784287952964 ], [ -85.67507785648958, 38.209136289027434 ], [ -85.671274855039883, 38.211282289596497 ], [ -85.665238862500672, 38.203881293215787 ], [ -85.662845854140073, 38.205305286184696 ], [ -85.661959853445865, 38.206968288854959 ], [ -85.65882685323092, 38.208555287862758 ], [ -85.659088853387217, 38.208903285904263 ], [ -85.65922085443718, 38.208882285988473 ], [ -85.662693854175217, 38.207151287347862 ], [ -85.663980853847178, 38.208787287928402 ], [ -85.665672856502297, 38.207884286346761 ], [ -85.666515854245716, 38.208956286053997 ], [ -85.660686853662398, 38.212083287187447 ], [ -85.660257855742358, 38.211639290057157 ], [ -85.659808852498443, 38.211833287779811 ], [ -85.660426853737363, 38.21254028898904 ], [ -85.657178350768518, 38.214026680824837 ], [ -85.650068996603451, 38.205274461218124 ], [ -85.648691126501774, 38.206219125663743 ], [ -85.647062853387908, 38.207714286740234 ], [ -85.644608849159255, 38.208753288240665 ], [ -85.642220846457789, 38.210225287925589 ], [ -85.641182849292008, 38.209036288311559 ], [ -85.639475848394014, 38.209836290224054 ], [ -85.636741816685259, 38.206897770011729 ], [ -85.635855533327245, 38.207390634233292 ], [ -85.6356438013039, 38.207160149446672 ], [ -85.635380035049891, 38.207163280434408 ], [ -85.63323661043809, 38.208438005859549 ], [ -85.632575406225271, 38.208361582340167 ], [ -85.632015129186826, 38.208635929392514 ], [ -85.631649845067642, 38.208220288975433 ], [ -85.628905802152104, 38.209697239978034 ], [ -85.627835845589487, 38.208404289110362 ], [ -85.62686729006316, 38.209036789231945 ], [ -85.624619387769613, 38.206486644982391 ], [ -85.629045844085624, 38.203503289794121 ], [ -85.63163272785313, 38.20218034929038 ], [ -85.631485844555812, 38.202015286307976 ], [ -85.631959846819385, 38.201798286405719 ], [ -85.630660894783389, 38.200259794158853 ], [ -85.630856845467648, 38.197991287879859 ], [ -85.6327594572831, 38.198034257335117 ], [ -85.633734845577806, 38.195715288088621 ], [ -85.633648881710471, 38.195542361600978 ], [ -85.625263283531041, 38.196766030789746 ], [ -85.625661124440271, 38.192004070949956 ], [ -85.630341500714309, 38.192274160748646 ], [ -85.630498190842687, 38.190641316551634 ], [ -85.625776041850457, 38.190381421265187 ], [ -85.625818126512414, 38.189882140324556 ], [ -85.631148603711551, 38.190178340441349 ], [ -85.631400696304723, 38.189252932480272 ], [ -85.631742027079781, 38.188995456396647 ], [ -85.632433117742053, 38.188855021543183 ], [ -85.634389115257491, 38.189082603645581 ], [ -85.635896166128433, 38.189967657655302 ], [ -85.636695099873393, 38.189210047996724 ], [ -85.637708778025242, 38.189859349220868 ], [ -85.638493728035741, 38.189122147515548 ], [ -85.639322085645659, 38.189086627017545 ], [ -85.63997850985406, 38.188316794466914 ], [ -85.622575870786847, 38.178835202556684 ], [ -85.622921585456368, 38.173416112620863 ], [ -85.62615993909418, 38.173447056686513 ], [ -85.62696695804847, 38.173271271555059 ], [ -85.628668842627064, 38.173276438696639 ], [ -85.631981588184658, 38.173587868831525 ], [ -85.639375679492431, 38.173815409286874 ], [ -85.639913992866866, 38.171752284680117 ], [ -85.643224845196968, 38.171918280688708 ], [ -85.644140846812107, 38.171731280365371 ], [ -85.659391265473715, 38.172018296174272 ], [ -85.660055112762493, 38.161615112030319 ] ] ] } },
{ "type": "Feature", "properties": { "district": 31 }, "geometry": { "type": "Polygon", "coordinates": [ [ [ -85.572965355293817, 38.173221856109699 ], [ -85.584226593947719, 38.17399986960173 ], [ -85.584423904430068, 38.175096523082949 ], [ -85.584917489233803, 38.175883957175657 ], [ -85.587026755888928, 38.17591618627052 ], [ -85.590293066468135, 38.17753465545384 ], [ -85.591099725402799, 38.177742887506213 ], [ -85.591177606578171, 38.179180001156354 ], [ -85.590771457719029, 38.180101938511662 ], [ -85.591003903128708, 38.181079787663691 ], [ -85.590485137319405, 38.181744864361271 ], [ -85.590207023900092, 38.182606454174788 ], [ -85.590438432422602, 38.183365301002084 ], [ -85.595975726332043, 38.183736938324579 ], [ -85.595015160058253, 38.188001646395882 ], [ -85.595553116365366, 38.188344199111576 ], [ -85.595785713353834, 38.188824456447442 ], [ -85.595513835366773, 38.192851286563638 ], [ -85.600060833454975, 38.193117289467267 ], [ -85.600053835136833, 38.195750287814157 ], [ -85.599410834012843, 38.196974287303206 ], [ -85.599256194938278, 38.19880653882214 ], [ -85.600413691361595, 38.198867631351582 ], [ -85.60317666225852, 38.198564045345016 ], [ -85.605585844318242, 38.199067636681647 ], [ -85.6097870477101, 38.199222073297854 ], [ -85.619931526546424, 38.201943966496728 ], [ -85.618330876152925, 38.202822802290726 ], [ -85.622134706587687, 38.207167373844008 ], [ -85.61917437380302, 38.208961677591169 ], [ -85.619326113196806, 38.209742159656976 ], [ -85.619244746882245, 38.21084927721131 ], [ -85.618793932433022, 38.212006481095635 ], [ -85.618901782483817, 38.211502886940487 ], [ -85.618160247794989, 38.211131545010666 ], [ -85.618264168035992, 38.210890463319231 ], [ -85.617789647840638, 38.210789110404995 ], [ -85.616287541035618, 38.209987337835464 ], [ -85.615938854077854, 38.210222895694315 ], [ -85.613993841222182, 38.210049292181694 ], [ -85.613606840690011, 38.210307288696015 ], [ -85.612371840039842, 38.209942288609753 ], [ -85.611111706832233, 38.210240131420633 ], [ -85.610278739603132, 38.210039562847754 ], [ -85.60880383987157, 38.210367291459285 ], [ -85.608107278709298, 38.210236183827185 ], [ -85.60797683943288, 38.210007288952959 ], [ -85.607266173330359, 38.209679100066502 ], [ -85.606861854791717, 38.209701184908809 ], [ -85.606219764797473, 38.210151819920775 ], [ -85.604964067238114, 38.210237285282695 ], [ -85.60487857763259, 38.210468556079668 ], [ -85.60432367398505, 38.210811583938984 ], [ -85.60404841949557, 38.210495902739886 ], [ -85.603600756748477, 38.210571949742345 ], [ -85.603389460874411, 38.210361697812203 ], [ -85.602617373072164, 38.210587880654245 ], [ -85.601975004398639, 38.211281653657167 ], [ -85.601149688285076, 38.212779244178392 ], [ -85.600346227610714, 38.213036560858846 ], [ -85.59902383921748, 38.212152021942394 ], [ -85.59757792509275, 38.210915032296519 ], [ -85.594901745324293, 38.212444009133328 ], [ -85.593160887274976, 38.213699288090638 ], [ -85.591052605752012, 38.215503986172742 ], [ -85.594064348435438, 38.217098348447756 ], [ -85.59718724724668, 38.218143188350624 ], [ -85.600419009431363, 38.218672275042145 ], [ -85.6068428394004, 38.218982293293685 ], [ -85.606929840595797, 38.219369291464659 ], [ -85.61093584018306, 38.224621294485694 ], [ -85.618248842896122, 38.23288829390728 ], [ -85.618006844733657, 38.233000295430216 ], [ -85.61685784441589, 38.231667295723135 ], [ -85.614819844446188, 38.232823292980186 ], [ -85.6153668439581, 38.23329429635276 ], [ -85.615788844781761, 38.2340342949066 ], [ -85.616317846328826, 38.234431292222901 ], [ -85.617217842670769, 38.233558294916698 ], [ -85.618326841887338, 38.232951293472553 ], [ -85.622452046931002, 38.237755109230221 ], [ -85.620462205574611, 38.237337641392479 ], [ -85.618547924990679, 38.236728440492151 ], [ -85.610091418048682, 38.233467657116741 ], [ -85.595905079785823, 38.228965756508664 ], [ -85.596782837800589, 38.230101294112252 ], [ -85.596640838394947, 38.230073295888957 ], [ -85.596765836060726, 38.230218294032355 ], [ -85.596545835824514, 38.230689296223346 ], [ -85.597429836413653, 38.230982293577206 ], [ -85.598444836943202, 38.231934295828239 ], [ -85.597076837417319, 38.232531293896777 ], [ -85.596952838424613, 38.233287295705829 ], [ -85.598534286319918, 38.23489093078129 ], [ -85.599488823768667, 38.236502008109625 ], [ -85.603127832630591, 38.240681544712743 ], [ -85.602382187902037, 38.241062334245832 ], [ -85.602497543171083, 38.241224568190162 ], [ -85.602254597388594, 38.241636333982939 ], [ -85.606061843159338, 38.246040297394138 ], [ -85.604410839199588, 38.246936296752487 ], [ -85.606062468060287, 38.248797875430732 ], [ -85.602909965503429, 38.248546772458837 ], [ -85.602805257736904, 38.248718935879211 ], [ -85.590990409970033, 38.255098570522321 ], [ -85.587304836080705, 38.256325300403269 ], [ -85.584860835292673, 38.247042299759222 ], [ -85.551388017512124, 38.244387712262849 ], [ -85.551748449940547, 38.243513971515881 ], [ -85.550829823545342, 38.242706299691655 ], [ -85.54955982485356, 38.242104297476551 ], [ -85.549093822236443, 38.241682298269637 ], [ -85.548480822655492, 38.240074298752674 ], [ -85.547242824091811, 38.238908296637725 ], [ -85.547180823926652, 38.238552298278073 ], [ -85.547361826245748, 38.238153298632227 ], [ -85.544399822895215, 38.235981297001508 ], [ -85.543394820307299, 38.235936299321025 ], [ -85.540367821356554, 38.236305298443355 ], [ -85.540058820466982, 38.235795299106854 ], [ -85.539973820887525, 38.235088298685859 ], [ -85.537578139256809, 38.234966348417281 ], [ -85.537422820821476, 38.235502298063224 ], [ -85.537162820407929, 38.235708299775609 ], [ -85.535959821397626, 38.235675300327763 ], [ -85.534705819291176, 38.235991297359298 ], [ -85.534539844220959, 38.235793262977069 ], [ -85.531194073762421, 38.234187322088978 ], [ -85.530384246214595, 38.231648281635096 ], [ -85.529597073937339, 38.231706244376149 ], [ -85.529059423634436, 38.231177654944041 ], [ -85.527817103442146, 38.230843166858705 ], [ -85.526230138198912, 38.229901551729306 ], [ -85.523241815567914, 38.230509298615623 ], [ -85.520987092761672, 38.224960245820604 ], [ -85.519229893636663, 38.225226289814188 ], [ -85.517779891551271, 38.225025768190427 ], [ -85.516296813564438, 38.225236299377642 ], [ -85.514642813570191, 38.225115296613538 ], [ -85.510689651929781, 38.225824456651267 ], [ -85.51033881210067, 38.225695297536326 ], [ -85.509160299462195, 38.222760149973809 ], [ -85.512087812677748, 38.222822331116248 ], [ -85.511990811270337, 38.220952330842458 ], [ -85.50977481450785, 38.221328332937922 ], [ -85.509007708798237, 38.221122615238784 ], [ -85.50831134476681, 38.220618173434609 ], [ -85.507973816747082, 38.219961332822386 ], [ -85.507396808449059, 38.214984329862233 ], [ -85.507230928047107, 38.214559833308954 ], [ -85.505507521915135, 38.212889259953343 ], [ -85.502927172394863, 38.209720160076458 ], [ -85.501898242989995, 38.209164946288269 ], [ -85.500883979306508, 38.207958453007848 ], [ -85.499539404391072, 38.207453507329035 ], [ -85.499752204691305, 38.206911284757645 ], [ -85.500259787842737, 38.206587116686784 ], [ -85.501859054183754, 38.206108162130448 ], [ -85.501822071020527, 38.205767499258563 ], [ -85.502023913838372, 38.205550108973213 ], [ -85.502742004257357, 38.205286396463329 ], [ -85.503790666417686, 38.204504834387912 ], [ -85.504899563339876, 38.203986037565194 ], [ -85.506050810739239, 38.204045294101611 ], [ -85.507829811258944, 38.205002292372541 ], [ -85.510214809908319, 38.205681294505091 ], [ -85.510431899600121, 38.205888419138027 ], [ -85.517176745697924, 38.204091357062268 ], [ -85.518034707581478, 38.203657821441872 ], [ -85.52064263734313, 38.202916469852831 ], [ -85.523945622782165, 38.201388711621917 ], [ -85.52815456792834, 38.200356036675593 ], [ -85.529753556918365, 38.200072866346737 ], [ -85.531034115521066, 38.200485535578117 ], [ -85.532174996823144, 38.20054723968012 ], [ -85.537087820152607, 38.200048290019822 ], [ -85.537661817180492, 38.200176289798996 ], [ -85.538246817750078, 38.20059829280229 ], [ -85.539495819260523, 38.199878291581072 ], [ -85.540755819231052, 38.199472292813375 ], [ -85.542780254711005, 38.204821731759438 ], [ -85.545248005327593, 38.212127816328412 ], [ -85.545075631471747, 38.212365662502343 ], [ -85.543633363932244, 38.212712692468997 ], [ -85.543471086591481, 38.21287086434959 ], [ -85.545133796140718, 38.217777318236081 ], [ -85.542543980348228, 38.217780508606573 ], [ -85.5420400514639, 38.217900881791827 ], [ -85.541611643372022, 38.217397642108963 ], [ -85.541011392333345, 38.217090683520716 ], [ -85.538904973705399, 38.216944898235589 ], [ -85.538683330001774, 38.221154322406903 ], [ -85.538844686475329, 38.223064036553978 ], [ -85.539150554507117, 38.224155396471815 ], [ -85.546243822392739, 38.224276295545828 ], [ -85.552274703136632, 38.223944273263108 ], [ -85.554156661101757, 38.220547125184815 ], [ -85.556166082644467, 38.216306164690145 ], [ -85.558794195472814, 38.212610949166468 ], [ -85.559086248763904, 38.210948308355611 ], [ -85.558886839384613, 38.209757911205642 ], [ -85.559637826361865, 38.203450291866595 ], [ -85.559829824491175, 38.202836289891259 ], [ -85.560600827074495, 38.201683290448983 ], [ -85.56220968333875, 38.202970260723852 ], [ -85.563724301961429, 38.203418115634456 ], [ -85.571037416848355, 38.202737784224169 ], [ -85.5760270503405, 38.203078015562909 ], [ -85.5722008230574, 38.200968816876888 ], [ -85.571635806030301, 38.200346670239078 ], [ -85.570807091563296, 38.198766189824021 ], [ -85.568637826606547, 38.197275289738563 ], [ -85.565462935246856, 38.194282930967745 ], [ -85.56847252031956, 38.192348677288599 ], [ -85.568098826238824, 38.191852288919705 ], [ -85.568107826154971, 38.191604288785257 ], [ -85.570843533034761, 38.187342701347909 ], [ -85.571340546258682, 38.179129562528836 ], [ -85.571548040064371, 38.178610659521276 ], [ -85.572498860813724, 38.177666058827036 ], [ -85.572722189400722, 38.177150022440095 ], [ -85.573043574167656, 38.174354343510153 ], [ -85.572965355293817, 38.173221856109699 ] ] ] } },
{ "type": "Feature", "properties": { "district": 32 }, "geometry": { "type": "Polygon", "coordinates": [ [ [ -85.602805257736904, 38.248718935879211 ], [ -85.602909965503429, 38.248546772458837 ], [ -85.606062468060287, 38.248797875430732 ], [ -85.604410839199588, 38.246936296752487 ], [ -85.606061843159338, 38.246040297394138 ], [ -85.602254597388594, 38.241636333982939 ], [ -85.602497543171083, 38.241224568190162 ], [ -85.602382187902037, 38.241062334245832 ], [ -85.603127832630591, 38.240681544712743 ], [ -85.599488823768667, 38.236502008109625 ], [ -85.598534286319918, 38.23489093078129 ], [ -85.596952838424613, 38.233287295705829 ], [ -85.597076837417319, 38.232531293896777 ], [ -85.598444836943202, 38.231934295828239 ], [ -85.597429836413653, 38.230982293577206 ], [ -85.596545835824514, 38.230689296223346 ], [ -85.596765836060726, 38.230218294032355 ], [ -85.596640838394947, 38.230073295888957 ], [ -85.596782837800589, 38.230101294112252 ], [ -85.595905079785823, 38.228965756508664 ], [ -85.610091418048682, 38.233467657116741 ], [ -85.618547924990679, 38.236728440492151 ], [ -85.620462205574611, 38.237337641392479 ], [ -85.623123844136884, 38.237901296822727 ], [ -85.623503844647445, 38.236997296152786 ], [ -85.624630846639064, 38.235309296326037 ], [ -85.625847845398226, 38.234136295106438 ], [ -85.627283845610691, 38.233152294450065 ], [ -85.629512847551439, 38.235751293477122 ], [ -85.632942847060164, 38.23796629329761 ], [ -85.633662849451923, 38.238594295589451 ], [ -85.635555847448273, 38.241964296187746 ], [ -85.635576850351413, 38.242558295581141 ], [ -85.635272847222339, 38.243424294444047 ], [ -85.635482848292369, 38.244066295558838 ], [ -85.632645029924888, 38.245554172627237 ], [ -85.635544759990765, 38.249025294935066 ], [ -85.634608846180853, 38.24950629972431 ], [ -85.63505484933583, 38.249972296400948 ], [ -85.636332850938729, 38.250083295525265 ], [ -85.636374848082042, 38.25019829681596 ], [ -85.636234663469864, 38.25134889980643 ], [ -85.634928649540853, 38.251232738902452 ], [ -85.634364925871154, 38.255779260479486 ], [ -85.633119802849279, 38.255680671254645 ], [ -85.632838849398254, 38.257879298348811 ], [ -85.639605045600476, 38.257640307714141 ], [ -85.640150739691094, 38.258718279891724 ], [ -85.648114757974653, 38.268259535321114 ], [ -85.64748812920098, 38.26841602093711 ], [ -85.646900347814778, 38.268911565777444 ], [ -85.646553417788397, 38.268809815764662 ], [ -85.64528093688925, 38.269029786277045 ], [ -85.642876145229465, 38.267561989251469 ], [ -85.639872343933931, 38.267431696608675 ], [ -85.639121416928859, 38.266714255996781 ], [ -85.638598589818884, 38.266907221305779 ], [ -85.637902284520152, 38.266292824523703 ], [ -85.630533869004665, 38.270614423948331 ], [ -85.633922535017888, 38.274351988996848 ], [ -85.634771659578092, 38.274694828250567 ], [ -85.638051797757171, 38.278470236446886 ], [ -85.635449853020972, 38.280649302308674 ], [ -85.633033849794586, 38.283204304303396 ], [ -85.63629985363184, 38.287224305412309 ], [ -85.630635844674202, 38.290352823824819 ], [ -85.629622702087872, 38.289090587664369 ], [ -85.628435911389118, 38.292932003896716 ], [ -85.626882537510028, 38.292549511248836 ], [ -85.62634923456892, 38.293897446909121 ], [ -85.62581831549538, 38.294567197701099 ], [ -85.623251078383902, 38.296070596860254 ], [ -85.62252295671064, 38.296151155045351 ], [ -85.621763512717166, 38.295909911688092 ], [ -85.621300898698024, 38.295287976913251 ], [ -85.621447752550466, 38.294506308666051 ], [ -85.620149634559965, 38.293903450629934 ], [ -85.621003348971399, 38.293187474889159 ], [ -85.620684154399697, 38.29282217179648 ], [ -85.620702436463816, 38.292430091600224 ], [ -85.621580676479681, 38.291997375422063 ], [ -85.621671149844161, 38.291184868171989 ], [ -85.620648635162908, 38.291057240777377 ], [ -85.619744759655191, 38.290522867223643 ], [ -85.619217333278698, 38.290847886609008 ], [ -85.617762624821324, 38.291015364619291 ], [ -85.6168686856996, 38.291353739039742 ], [ -85.616130932352149, 38.290542675725106 ], [ -85.613947770785131, 38.291756060472913 ], [ -85.611917989363675, 38.292430935285338 ], [ -85.608867696452592, 38.292490145139567 ], [ -85.607141115468238, 38.29225255238719 ], [ -85.606023845939049, 38.292407306592189 ], [ -85.600936494115189, 38.296334904597543 ], [ -85.597682879145154, 38.297972555936305 ], [ -85.58925587752708, 38.287165951516606 ], [ -85.581390509967406, 38.29097413381912 ], [ -85.582456590227196, 38.292290661030776 ], [ -85.583106588088199, 38.292724025916421 ], [ -85.583829251410137, 38.292933779550751 ], [ -85.58630703227486, 38.293134100205279 ], [ -85.587349604288107, 38.293678790260458 ], [ -85.592682447792583, 38.300441468700349 ], [ -85.589404839408076, 38.302039308202524 ], [ -85.587196863466005, 38.302375456177494 ], [ -85.58541383851599, 38.303008310720742 ], [ -85.584256840261119, 38.30283230952729 ], [ -85.58273783695499, 38.302173307870497 ], [ -85.581744062636446, 38.302380592901883 ], [ -85.578540839593302, 38.299363309022326 ], [ -85.578203837977725, 38.2996033089318 ], [ -85.577463835781415, 38.298241307300039 ], [ -85.575273835716757, 38.299085307397597 ], [ -85.574036836894905, 38.296836307827917 ], [ -85.576769836665747, 38.295461308454364 ], [ -85.575084836316123, 38.295001307328548 ], [ -85.574816154142056, 38.294700577556483 ], [ -85.574228382418738, 38.294452027840784 ], [ -85.573171378791471, 38.295089217670558 ], [ -85.572973268250607, 38.295767730985503 ], [ -85.571946778057338, 38.296302512289266 ], [ -85.571522011570735, 38.296983586486967 ], [ -85.570905499167509, 38.296913990193033 ], [ -85.570422402823525, 38.297059811531398 ], [ -85.570158992157076, 38.297713544448357 ], [ -85.568977541917846, 38.29773965445505 ], [ -85.567870331386573, 38.298159911779969 ], [ -85.566718347875877, 38.299731927535397 ], [ -85.565882967942443, 38.300364218023724 ], [ -85.565704118730608, 38.300783307746499 ], [ -85.565741526794397, 38.301141631983384 ], [ -85.566296376997798, 38.302135054349257 ], [ -85.567444880010413, 38.303519169344412 ], [ -85.568485245380671, 38.304385283269404 ], [ -85.568742484283419, 38.304972060429748 ], [ -85.570511142601291, 38.304825680628909 ], [ -85.572991408241819, 38.305283804849751 ], [ -85.573796820823191, 38.305253896183395 ], [ -85.574706128214928, 38.304878449261842 ], [ -85.576035203819742, 38.303848025599656 ], [ -85.57754863639471, 38.305165421478513 ], [ -85.572970837858691, 38.308960310552138 ], [ -85.569460460973033, 38.311514844702536 ], [ -85.567446894709036, 38.312725403121178 ], [ -85.563518801368446, 38.314706107240802 ], [ -85.561404282356193, 38.315560884937248 ], [ -85.553884828910057, 38.317363314064607 ], [ -85.547984638387376, 38.317570183846826 ], [ -85.545340328799412, 38.317267097274815 ], [ -85.539527739394174, 38.317693093569822 ], [ -85.532340826531183, 38.317522314109915 ], [ -85.526810157933554, 38.317970838320697 ], [ -85.514533941292356, 38.311024637920696 ], [ -85.518965194226396, 38.308844130323862 ], [ -85.517130956301642, 38.306726620577578 ], [ -85.517157069982346, 38.306270048252117 ], [ -85.517359096906802, 38.306133621204815 ], [ -85.519833062049244, 38.30540889272207 ], [ -85.520230818199863, 38.305071313221454 ], [ -85.521609229065959, 38.304956327011872 ], [ -85.531808334157915, 38.30224698282322 ], [ -85.54078482572676, 38.299557310268717 ], [ -85.553966958847354, 38.296039374764433 ], [ -85.556056828229174, 38.29523231101394 ], [ -85.572173041830894, 38.287663269882387 ], [ -85.574867717299057, 38.286633120214887 ], [ -85.57339483271241, 38.284323307205504 ], [ -85.574045838078504, 38.283893307142165 ], [ -85.573817844906642, 38.283641327456429 ], [ -85.574083833151917, 38.283478305023465 ], [ -85.573870834761493, 38.283150306696982 ], [ -85.57395283435892, 38.282606307546466 ], [ -85.575685834917891, 38.280741304649091 ], [ -85.576264915375233, 38.279597837351901 ], [ -85.576108836346208, 38.279397304057127 ], [ -85.575123834089737, 38.279332304617988 ], [ -85.574020835001789, 38.27884030344876 ], [ -85.571631833040371, 38.27872130433348 ], [ -85.570606832118514, 38.277442303950991 ], [ -85.568356834040401, 38.272391304388933 ], [ -85.568481831669274, 38.272262304973943 ], [ -85.569247268817122, 38.272322183648669 ], [ -85.573669260116048, 38.271035047081369 ], [ -85.573958833020797, 38.270811304378626 ], [ -85.575955487918165, 38.270538205148732 ], [ -85.582021644581573, 38.268904663940653 ], [ -85.586994627740651, 38.274893810934792 ], [ -85.588126078443494, 38.275116351591706 ], [ -85.588752321651896, 38.27583795994353 ], [ -85.589852621856394, 38.275996825025267 ], [ -85.590176645907192, 38.275813391449958 ], [ -85.591050454467776, 38.275896216850008 ], [ -85.592066553146694, 38.27561011246577 ], [ -85.593162707991652, 38.274972212669027 ], [ -85.59512569841533, 38.274330174806131 ], [ -85.595458166559723, 38.274041418632052 ], [ -85.595714769414883, 38.274317211879008 ], [ -85.595871433388652, 38.274294645258507 ], [ -85.596451662681417, 38.273804941661325 ], [ -85.596918140656996, 38.273822221506755 ], [ -85.597358819667676, 38.273575631082458 ], [ -85.597172639927464, 38.273280327081601 ], [ -85.597242660414878, 38.273099994444244 ], [ -85.597838295963371, 38.27302084170028 ], [ -85.598379359424101, 38.272680072157499 ], [ -85.599003216672003, 38.272637003550408 ], [ -85.599752766309877, 38.272238015242515 ], [ -85.600035394995089, 38.271938015828205 ], [ -85.59914050255945, 38.270896931363005 ], [ -85.600552894498605, 38.270348517125591 ], [ -85.601718114256272, 38.270206459057064 ], [ -85.602475380269695, 38.269593619156268 ], [ -85.603762110133232, 38.269050959367419 ], [ -85.596096766643186, 38.260752981841506 ], [ -85.589755581074201, 38.257367947397888 ], [ -85.589154281383173, 38.257641724379958 ], [ -85.588402482736797, 38.255917978854171 ], [ -85.590990409970033, 38.255098570522321 ], [ -85.602805257736904, 38.248718935879211 ] ] ] } },
{ "type": "Feature", "properties": { "district": 33 }, "geometry": { "type": "Polygon", "coordinates": [ [ [ -85.543814823637931, 38.235907297148508 ], [ -85.544516823088586, 38.236045296253927 ], [ -85.547361826245748, 38.238153298632227 ], [ -85.547180823926652, 38.238552298278073 ], [ -85.547242824091811, 38.238908296637725 ], [ -85.548480822655492, 38.240074298752674 ], [ -85.549093822236443, 38.241682298269637 ], [ -85.54955982485356, 38.242104297476551 ], [ -85.550829823545342, 38.242706299691655 ], [ -85.551748449940547, 38.243513971515881 ], [ -85.551388017512124, 38.244387712262849 ], [ -85.584860835292673, 38.247042299759222 ], [ -85.587304836080705, 38.256325300403269 ], [ -85.588401835593842, 38.255918298660731 ], [ -85.589154281383173, 38.257641724379958 ], [ -85.589755581074201, 38.257367947397888 ], [ -85.596096766643186, 38.260752981841506 ], [ -85.603762110133232, 38.269050959367419 ], [ -85.602475380269695, 38.269593619156268 ], [ -85.601718114256272, 38.270206459057064 ], [ -85.600552894498605, 38.270348517125591 ], [ -85.59914050255945, 38.270896931363005 ], [ -85.600035394995089, 38.271938015828205 ], [ -85.599003216672003, 38.272637003550408 ], [ -85.598379359424101, 38.272680072157499 ], [ -85.597838295963371, 38.27302084170028 ], [ -85.597242660414878, 38.273099994444244 ], [ -85.597172639927464, 38.273280327081601 ], [ -85.597358819667676, 38.273575631082458 ], [ -85.596985885737524, 38.273800843259707 ], [ -85.596451662681417, 38.273804941661325 ], [ -85.595785519302623, 38.274322576077815 ], [ -85.595458166559723, 38.274041418632052 ], [ -85.59512569841533, 38.274330174806131 ], [ -85.593162707991652, 38.274972212669027 ], [ -85.592066553146694, 38.27561011246577 ], [ -85.591050454467776, 38.275896216850008 ], [ -85.590176645907192, 38.275813391449958 ], [ -85.589852621856394, 38.275996825025267 ], [ -85.588752321651896, 38.27583795994353 ], [ -85.588126078443494, 38.275116351591706 ], [ -85.586994627740651, 38.274893810934792 ], [ -85.582021644581573, 38.268904663940653 ], [ -85.575955487918165, 38.270538205148732 ], [ -85.573958833020797, 38.270811304378626 ], [ -85.573669260116048, 38.271035047081369 ], [ -85.569247268817122, 38.272322183648669 ], [ -85.568481831669274, 38.272262304973943 ], [ -85.568356834040401, 38.272391304388933 ], [ -85.570606832118514, 38.277442303950991 ], [ -85.571631833040371, 38.27872130433348 ], [ -85.574020835001789, 38.27884030344876 ], [ -85.575123834089737, 38.279332304617988 ], [ -85.576108836346208, 38.279397304057127 ], [ -85.576264915375233, 38.279597837351901 ], [ -85.575685834917891, 38.280741304649091 ], [ -85.57395283435892, 38.282606307546466 ], [ -85.573870834761493, 38.283150306696982 ], [ -85.574083833151917, 38.283478305023465 ], [ -85.573817844906642, 38.283641327456429 ], [ -85.574045838078504, 38.283893307142165 ], [ -85.57339483271241, 38.284323307205504 ], [ -85.574867717299057, 38.286633120214887 ], [ -85.572173041830894, 38.287663269882387 ], [ -85.556056828229174, 38.29523231101394 ], [ -85.553966958847354, 38.296039374764433 ], [ -85.54078482572676, 38.299557310268717 ], [ -85.531808334157915, 38.30224698282322 ], [ -85.521609229065959, 38.304956327011872 ], [ -85.520230818199863, 38.305071313221454 ], [ -85.519833062049244, 38.30540889272207 ], [ -85.517359096906802, 38.306133621204815 ], [ -85.517157069982346, 38.306270048252117 ], [ -85.517130956301642, 38.306726620577578 ], [ -85.518965194226396, 38.308844130323862 ], [ -85.514604821362923, 38.311018313395927 ], [ -85.499958864764224, 38.302648721163102 ], [ -85.492496866883513, 38.298577535751299 ], [ -85.495510899246796, 38.297759561256989 ], [ -85.498833979946369, 38.297656609974055 ], [ -85.498798590610761, 38.296587154313961 ], [ -85.497419105498039, 38.296438835438749 ], [ -85.496192152241207, 38.295608471467823 ], [ -85.495243518180146, 38.293809759612763 ], [ -85.495344722166536, 38.293285092573029 ], [ -85.495610947766238, 38.293112588816783 ], [ -85.497103113654532, 38.292999488343362 ], [ -85.497801363755471, 38.29310732903037 ], [ -85.499331142128867, 38.294703889046623 ], [ -85.500174170630643, 38.294359831670327 ], [ -85.499920195127871, 38.293725680215964 ], [ -85.500055575094052, 38.293570002987721 ], [ -85.501751135526249, 38.293459579695657 ], [ -85.502218097566725, 38.2932589343378 ], [ -85.502470453395631, 38.292887381522966 ], [ -85.502598641156368, 38.291863030417879 ], [ -85.50279625059396, 38.291626876876911 ], [ -85.504253586843745, 38.291496839051284 ], [ -85.505131906725708, 38.292114068311299 ], [ -85.506828897011573, 38.291007882194343 ], [ -85.506323752746454, 38.290385027052992 ], [ -85.505627736281298, 38.28991835755253 ], [ -85.504942878677582, 38.289686722034574 ], [ -85.503682883409937, 38.289573723494271 ], [ -85.503894734172533, 38.288578101301283 ], [ -85.503751519723224, 38.287163561945121 ], [ -85.509750891881382, 38.28804306230716 ], [ -85.510475223650701, 38.28830004493561 ], [ -85.512262412417144, 38.289519340593145 ], [ -85.513213428225939, 38.288260425151805 ], [ -85.514272557686823, 38.286152628341895 ], [ -85.514939893432228, 38.282731251597816 ], [ -85.515324817173081, 38.281607308304906 ], [ -85.520304764071312, 38.274717109382962 ], [ -85.518594818773551, 38.27095730538268 ], [ -85.518662027116591, 38.270583108116746 ], [ -85.519186076643038, 38.26999847669989 ], [ -85.519221268273697, 38.269620318662035 ], [ -85.517014817886945, 38.263247303378712 ], [ -85.516670813688933, 38.26288630645621 ], [ -85.516121815745919, 38.262683305506599 ], [ -85.516323817666816, 38.261595305460077 ], [ -85.51590481455051, 38.260109306136457 ], [ -85.513996817349224, 38.260131303819271 ], [ -85.511014813432595, 38.260717304211305 ], [ -85.509125813695761, 38.260677305161558 ], [ -85.50465581223709, 38.259543303957557 ], [ -85.503535810992176, 38.258955305745801 ], [ -85.502067950559876, 38.257873534798314 ], [ -85.502955388345327, 38.249253111630964 ], [ -85.501311812791286, 38.248617301301465 ], [ -85.496733810055645, 38.24630830304838 ], [ -85.498687918453882, 38.241606095147361 ], [ -85.506567779337615, 38.242233921337942 ], [ -85.520706111982491, 38.243794249091955 ], [ -85.521976688453535, 38.244166621481511 ], [ -85.530537214079331, 38.248352258371078 ], [ -85.53257882093915, 38.248772300391472 ], [ -85.534261391402154, 38.248715946057338 ], [ -85.534649820468843, 38.248649302775299 ], [ -85.532845818616565, 38.244582299361305 ], [ -85.529706817289195, 38.244307302478404 ], [ -85.529766818057553, 38.24274430033087 ], [ -85.529997820769282, 38.242631299724565 ], [ -85.532049820068323, 38.242804300827629 ], [ -85.531649817072662, 38.241995299938509 ], [ -85.534000818994656, 38.241227299737652 ], [ -85.531720819025011, 38.236033300632819 ], [ -85.531937817856942, 38.235811298801124 ], [ -85.532034817567848, 38.234589297603527 ], [ -85.534705819291176, 38.235991297359298 ], [ -85.535959821397626, 38.235675300327763 ], [ -85.537162820407929, 38.235708299775609 ], [ -85.537422820821476, 38.235502298063224 ], [ -85.537578139256809, 38.234966348417281 ], [ -85.539973820887525, 38.235088298685859 ], [ -85.540058820466982, 38.235795299106854 ], [ -85.540367821356554, 38.236305298443355 ], [ -85.543814823637931, 38.235907297148508 ] ] ] } },
{ "type": "Feature", "properties": { "district": 34 }, "geometry": { "type": "Polygon", "coordinates": [ [ [ -85.658229176902424, 38.222171368672541 ], [ -85.681429683926353, 38.22386023201009 ], [ -85.680091713098562, 38.22219380623504 ], [ -85.681909719257845, 38.221263003168694 ], [ -85.683902110344278, 38.222614111344981 ], [ -85.6859001089679, 38.223436637640262 ], [ -85.69350446518763, 38.224376423313565 ], [ -85.697597025634636, 38.22624177024651 ], [ -85.70457158309172, 38.230670091631787 ], [ -85.707870692807248, 38.231569049694315 ], [ -85.701695938279641, 38.235692048408197 ], [ -85.70101684230238, 38.236005334292486 ], [ -85.701882782432406, 38.235970896798989 ], [ -85.703597077760421, 38.235529706176123 ], [ -85.704208118980986, 38.236766030807665 ], [ -85.704852356798185, 38.237150047644519 ], [ -85.705533922745985, 38.237061085676253 ], [ -85.707405983973956, 38.236157830758849 ], [ -85.708346751212318, 38.235896166653866 ], [ -85.708698321737884, 38.235906358346845 ], [ -85.708868975892017, 38.236369403920015 ], [ -85.709660623696877, 38.236782613985199 ], [ -85.707909617225113, 38.237769503294686 ], [ -85.70715543834477, 38.238562808745733 ], [ -85.706184776398004, 38.241128695714465 ], [ -85.70539217159569, 38.24253732117684 ], [ -85.705277908662794, 38.243324201643389 ], [ -85.701552128450516, 38.245545849093837 ], [ -85.699866931101653, 38.248154718082617 ], [ -85.698945883842782, 38.248526610421834 ], [ -85.698736869502383, 38.248893293451886 ], [ -85.699899491300272, 38.253820713144918 ], [ -85.701691381187885, 38.257652594310038 ], [ -85.70165845460609, 38.258313434340018 ], [ -85.704007860527611, 38.258655318488579 ], [ -85.707204440998282, 38.259631679204034 ], [ -85.709069364693775, 38.259618295503842 ], [ -85.708602671579328, 38.260291555481224 ], [ -85.70731331052734, 38.260673939763798 ], [ -85.707089911598587, 38.260867601289902 ], [ -85.706360186826316, 38.261757420835814 ], [ -85.705752324731733, 38.263080157845387 ], [ -85.707687411213243, 38.263954074160544 ], [ -85.708743318703355, 38.265277508764896 ], [ -85.708709800496749, 38.265733134226529 ], [ -85.709169533178809, 38.266214240716536 ], [ -85.703175433298426, 38.270209203696034 ], [ -85.702179871949809, 38.269198296458086 ], [ -85.699649690518527, 38.267470387809887 ], [ -85.694386869951273, 38.269861297948438 ], [ -85.691702866724924, 38.266343297074449 ], [ -85.690653866296984, 38.26659729855686 ], [ -85.688439867813742, 38.26381829604464 ], [ -85.682602863739035, 38.266219297015368 ], [ -85.682761853118436, 38.266419992210018 ], [ -85.67955786267855, 38.267220298833386 ], [ -85.674869861808745, 38.267950298114691 ], [ -85.672626862416934, 38.265363297947687 ], [ -85.67276386314515, 38.265291299334741 ], [ -85.672050201904639, 38.264198821080818 ], [ -85.66039912447556, 38.267325399923877 ], [ -85.656649414856403, 38.268719745608585 ], [ -85.645463865773962, 38.274219510194804 ], [ -85.640916234838372, 38.276680690923683 ], [ -85.638051797757171, 38.278470236446886 ], [ -85.634771659578092, 38.274694828250567 ], [ -85.633922535017888, 38.274351988996848 ], [ -85.630533869004665, 38.270614423948331 ], [ -85.637902284520152, 38.266292824523703 ], [ -85.638598589818884, 38.266907221305779 ], [ -85.639121416928859, 38.266714255996781 ], [ -85.639872343933931, 38.267431696608675 ], [ -85.642876145229465, 38.267561989251469 ], [ -85.64528093688925, 38.269029786277045 ], [ -85.646553417788397, 38.268809815764662 ], [ -85.646900347814778, 38.268911565777444 ], [ -85.64748812920098, 38.26841602093711 ], [ -85.648114757974653, 38.268259535321114 ], [ -85.640150739691094, 38.258718279891724 ], [ -85.639605045600476, 38.257640307714141 ], [ -85.632838849398254, 38.257879298348811 ], [ -85.633119802849279, 38.255680671254645 ], [ -85.634364925871154, 38.255779260479486 ], [ -85.634928649540853, 38.251232738902452 ], [ -85.636234663469864, 38.25134889980643 ], [ -85.636374848082042, 38.25019829681596 ], [ -85.636332850938729, 38.250083295525265 ], [ -85.63505484933583, 38.249972296400948 ], [ -85.634608846180853, 38.24950629972431 ], [ -85.635544759990765, 38.249025294935066 ], [ -85.632645029924888, 38.245554172627237 ], [ -85.635482848292369, 38.244066295558838 ], [ -85.635272847222339, 38.243424294444047 ], [ -85.635576850351413, 38.242558295581141 ], [ -85.635555847448273, 38.241964296187746 ], [ -85.633662849451923, 38.238594295589451 ], [ -85.632942847060164, 38.23796629329761 ], [ -85.629512847551439, 38.235751293477122 ], [ -85.627283845610691, 38.233152294450065 ], [ -85.625847845398226, 38.234136295106438 ], [ -85.624630846639064, 38.235309296326037 ], [ -85.623503844647445, 38.236997296152786 ], [ -85.623123844136884, 38.237901296822727 ], [ -85.6224516546568, 38.23775461950413 ], [ -85.618326841887338, 38.232951293472553 ], [ -85.617217842670769, 38.233558294916698 ], [ -85.616299845488868, 38.234425292756612 ], [ -85.615788844781761, 38.2340342949066 ], [ -85.6153668439581, 38.23329429635276 ], [ -85.614819844446188, 38.232823292980186 ], [ -85.61685784441589, 38.231667295723135 ], [ -85.618006844733657, 38.233000295430216 ], [ -85.618248842896122, 38.23288829390728 ], [ -85.61093584018306, 38.224621294485694 ], [ -85.606929840595797, 38.219369291464659 ], [ -85.6068428394004, 38.218982293293685 ], [ -85.600419009431363, 38.218672275042145 ], [ -85.59718724724668, 38.218143188350624 ], [ -85.594064348435438, 38.217098348447756 ], [ -85.591052605752012, 38.215503986172742 ], [ -85.593160887274976, 38.213699288090638 ], [ -85.594901745324293, 38.212444009133328 ], [ -85.59757792509275, 38.210915032296519 ], [ -85.59902383921748, 38.212152021942394 ], [ -85.600346227610714, 38.213036560858846 ], [ -85.601149688285076, 38.212779244178392 ], [ -85.602238093332417, 38.210942045529912 ], [ -85.602549436578215, 38.210778987384678 ], [ -85.602567183381467, 38.210614167728885 ], [ -85.603332061260488, 38.210369009399933 ], [ -85.603600756748477, 38.210571949742345 ], [ -85.60404841949557, 38.210495902739886 ], [ -85.60432367398505, 38.210811583938984 ], [ -85.60487857763259, 38.210468556079668 ], [ -85.604964067238114, 38.210237285282695 ], [ -85.606219764797473, 38.210151819920775 ], [ -85.606861854791717, 38.209701184908809 ], [ -85.607266173330359, 38.209679100066502 ], [ -85.60797683943288, 38.210007288952959 ], [ -85.608107278709298, 38.210236183827185 ], [ -85.60880383987157, 38.210367291459285 ], [ -85.610278739603132, 38.210039562847754 ], [ -85.611111706832233, 38.210240131420633 ], [ -85.612371840039842, 38.209942288609753 ], [ -85.613606840690011, 38.210307288696015 ], [ -85.613993841222182, 38.210049292181694 ], [ -85.615938854077854, 38.210222895694315 ], [ -85.616287541035618, 38.209987337835464 ], [ -85.617789647840638, 38.210789110404995 ], [ -85.618264168035992, 38.210890463319231 ], [ -85.618160247794989, 38.211131545010666 ], [ -85.618901782483817, 38.211502886940487 ], [ -85.618691310452206, 38.212316480643942 ], [ -85.618963454672638, 38.212697938924826 ], [ -85.620638836842858, 38.213262558380912 ], [ -85.624222869690684, 38.210812142417574 ], [ -85.626853177677944, 38.212760998430944 ], [ -85.622116319272251, 38.215025146180231 ], [ -85.623780307273051, 38.216934536519993 ], [ -85.625006230446417, 38.216236269087148 ], [ -85.627369017369503, 38.218854907983463 ], [ -85.625768949999184, 38.219841606688256 ], [ -85.645059913825008, 38.221015031218656 ], [ -85.658229176902424, 38.222171368672541 ] ] ] } },
{ "type": "Feature", "properties": { "district": 35 }, "geometry": { "type": "Polygon", "coordinates": [ [ [ -85.701858298944344, 38.118181424803495 ], [ -85.705590860848304, 38.117161266768882 ], [ -85.706515749588519, 38.116239152040876 ], [ -85.707517858994365, 38.115959266706987 ], [ -85.709465425333065, 38.116237963151143 ], [ -85.712742501311865, 38.116354641218905 ], [ -85.716044899330853, 38.115591543672743 ], [ -85.721689881347785, 38.115786456560848 ], [ -85.724663130079563, 38.116070731648449 ], [ -85.727354855565324, 38.11696424329196 ], [ -85.729570872301835, 38.11713440043944 ], [ -85.732174180691857, 38.117614383622033 ], [ -85.736050325528524, 38.11671313232128 ], [ -85.73716526146876, 38.116209039491231 ], [ -85.740418458146422, 38.128300959670078 ], [ -85.743994984270344, 38.126743661286689 ], [ -85.748771715461118, 38.126268323700472 ], [ -85.752355928730964, 38.13560278371461 ], [ -85.755796169140098, 38.134174307540313 ], [ -85.761349877335959, 38.130285268098334 ], [ -85.761874876692445, 38.130893268449924 ], [ -85.763553507742898, 38.133781907257983 ], [ -85.761649491522107, 38.136500585638608 ], [ -85.761834623540224, 38.136975053850982 ], [ -85.76475644288864, 38.137666295079271 ], [ -85.767704948182484, 38.136492701250702 ], [ -85.768045420523009, 38.136483408098826 ], [ -85.767816223990792, 38.139144199113808 ], [ -85.768775992072037, 38.139234692820118 ], [ -85.768631563791473, 38.14097625751802 ], [ -85.769059973621339, 38.141721545088302 ], [ -85.769671117205078, 38.141507189986463 ], [ -85.774162639766558, 38.140925163885768 ], [ -85.774558401553861, 38.142763627356587 ], [ -85.771928883827741, 38.144444270652933 ], [ -85.76587187925152, 38.147320270102547 ], [ -85.764136877691769, 38.148325272703275 ], [ -85.766795882128193, 38.151028270257882 ], [ -85.766569881412394, 38.151239273335158 ], [ -85.772448886207471, 38.154903272304161 ], [ -85.772373883198156, 38.155905271356133 ], [ -85.773094885107639, 38.156008272178092 ], [ -85.773263883746708, 38.156406271386736 ], [ -85.773863883457338, 38.156339272912533 ], [ -85.776186883747627, 38.157908273067676 ], [ -85.776401886197533, 38.158667271611726 ], [ -85.777332884831566, 38.159156272857146 ], [ -85.777513542421744, 38.159753894042638 ], [ -85.777253990461006, 38.159972693441333 ], [ -85.777558937639583, 38.161625085503289 ], [ -85.772308868755076, 38.161284534216769 ], [ -85.769493092759532, 38.163309643590438 ], [ -85.773659342664274, 38.167020233356176 ], [ -85.773828857836605, 38.167785309290529 ], [ -85.775821900310646, 38.171952576909035 ], [ -85.776970962198362, 38.17298117609139 ], [ -85.772600761953044, 38.176329251736988 ], [ -85.771783871042572, 38.177453575050436 ], [ -85.770910312845444, 38.179986517539284 ], [ -85.768069259377626, 38.182217284596952 ], [ -85.767852998488692, 38.18279486405013 ], [ -85.766837123363146, 38.188487264161047 ], [ -85.766698068462446, 38.190006289990606 ], [ -85.754614905700038, 38.190324189241224 ], [ -85.755150875538348, 38.19269886993937 ], [ -85.755564427946751, 38.193849328697468 ], [ -85.753762280029648, 38.194160822406054 ], [ -85.750253921986854, 38.193995364582669 ], [ -85.750289918406949, 38.192858234532046 ], [ -85.748278876988337, 38.193295281252347 ], [ -85.747881877077717, 38.193537280821594 ], [ -85.747241879081372, 38.192695281895432 ], [ -85.743740876339132, 38.194319280439778 ], [ -85.740882876137348, 38.190626279561847 ], [ -85.742180875052469, 38.190096280150293 ], [ -85.744067877945255, 38.189944280629945 ], [ -85.746383876327926, 38.190019279611249 ], [ -85.747027878347907, 38.189653278849001 ], [ -85.744241878737384, 38.189533277481502 ], [ -85.726961869678249, 38.19056928020629 ], [ -85.735319135690318, 38.203433295510187 ], [ -85.729894831654278, 38.2058184638895 ], [ -85.730921994144609, 38.207370209247323 ], [ -85.723081815358512, 38.210981916491917 ], [ -85.720906768190545, 38.20768338421879 ], [ -85.721291131696987, 38.20722426306218 ], [ -85.719142380480605, 38.205679994781285 ], [ -85.720097606155107, 38.204853833832864 ], [ -85.720819685608461, 38.204517589177932 ], [ -85.720464769058637, 38.204301967222477 ], [ -85.719608370588091, 38.204427853935449 ], [ -85.71928586719531, 38.204508620321555 ], [ -85.719080010388765, 38.204919047241297 ], [ -85.718438478008224, 38.204682693585802 ], [ -85.717506330429856, 38.203698310069534 ], [ -85.717234473036157, 38.203013900224882 ], [ -85.715266657004904, 38.201015126003703 ], [ -85.715005030858208, 38.200841901363582 ], [ -85.714188214956195, 38.200937398867715 ], [ -85.712784154095019, 38.199289389002608 ], [ -85.712108551556824, 38.199786515820385 ], [ -85.711619508957483, 38.199867919373283 ], [ -85.709409255758217, 38.20113396971572 ], [ -85.708074152873351, 38.199363460661559 ], [ -85.707921317177025, 38.196659541969538 ], [ -85.707091604095012, 38.193929526718883 ], [ -85.701209841612339, 38.186545017409188 ], [ -85.698864378036106, 38.18332927396407 ], [ -85.698061153274821, 38.182541375010281 ], [ -85.696425672135177, 38.181582578947399 ], [ -85.697462863456025, 38.174630279169868 ], [ -85.697782861331874, 38.174064278697912 ], [ -85.698593865258815, 38.173715279236454 ], [ -85.706828864979613, 38.173893279443284 ], [ -85.708783864538361, 38.173046278344337 ], [ -85.707859865642263, 38.172151279059015 ], [ -85.709235798856142, 38.171310323431378 ], [ -85.701736863713549, 38.164171274811906 ], [ -85.700166861480696, 38.162381275781371 ], [ -85.693183857102611, 38.150081273750679 ], [ -85.691212859076344, 38.149910273597051 ], [ -85.687246856219232, 38.149249276644078 ], [ -85.685788858046934, 38.149567275522791 ], [ -85.679712855264825, 38.149274276686974 ], [ -85.6779768526266, 38.149331275364894 ], [ -85.677983854193982, 38.147218276380492 ], [ -85.674684853268332, 38.147100275713484 ], [ -85.67474785590781, 38.144631272871244 ], [ -85.674595853206199, 38.144126275189613 ], [ -85.674770814282255, 38.14380276889986 ], [ -85.675148888444056, 38.138013384525166 ], [ -85.669467291278323, 38.13778058492224 ], [ -85.669632424871196, 38.135507087741161 ], [ -85.668504173255428, 38.133811978416261 ], [ -85.666886605988637, 38.132107014121097 ], [ -85.667462848930853, 38.130076272512596 ], [ -85.665295655876221, 38.129561374003679 ], [ -85.663113185267093, 38.128525718912961 ], [ -85.664041202329045, 38.127537697581261 ], [ -85.665999575335903, 38.124818129902003 ], [ -85.668714681301608, 38.11936348035465 ], [ -85.677970231075932, 38.11793537176311 ], [ -85.68346473676884, 38.116147255510569 ], [ -85.684754686642151, 38.11592996743623 ], [ -85.696498550006993, 38.117065058003732 ], [ -85.697432857604014, 38.117299268610729 ], [ -85.701511859983228, 38.116060268539435 ], [ -85.701595858772805, 38.118039268809532 ], [ -85.701858298944344, 38.118181424803495 ] ] ] } },
{ "type": "Feature", "properties": { "district": 36 }, "geometry": { "type": "Polygon", "coordinates": [ [ [ -85.550406428246362, 38.181526618003858 ], [ -85.549651876938981, 38.180617761609405 ], [ -85.549569072691668, 38.179779003321599 ], [ -85.549949220888294, 38.178345649832174 ], [ -85.550095311354212, 38.177007261155111 ], [ -85.550243519912598, 38.173342403244817 ], [ -85.549952873308897, 38.171619318030835 ], [ -85.550297897309733, 38.170195223813955 ], [ -85.550409947224026, 38.168886213945768 ], [ -85.550209552023546, 38.167661290495531 ], [ -85.551208150350561, 38.167565597740705 ], [ -85.551678080999807, 38.167668861538992 ], [ -85.552225324554172, 38.168070222874597 ], [ -85.55280971203706, 38.168991096764387 ], [ -85.553746642315303, 38.169273358119327 ], [ -85.554099398927789, 38.16903768234458 ], [ -85.554631881812028, 38.168165297676921 ], [ -85.554918951038246, 38.167225872247251 ], [ -85.555837343729152, 38.16604091911627 ], [ -85.560155978313787, 38.16410012697699 ], [ -85.561513579146663, 38.163662132465724 ], [ -85.566888156517678, 38.163839796999632 ], [ -85.569034416922051, 38.165797175142551 ], [ -85.572654588623678, 38.171156722034894 ], [ -85.572867858421063, 38.171729491048019 ], [ -85.573047215626275, 38.174282980564534 ], [ -85.572664525775735, 38.177349975759022 ], [ -85.571548040064371, 38.178610659521276 ], [ -85.571340546258682, 38.179129562528836 ], [ -85.570843533034761, 38.187342701347909 ], [ -85.568107826154971, 38.191604288785257 ], [ -85.568098826238824, 38.191852288919705 ], [ -85.56847252031956, 38.192348677288599 ], [ -85.565462935246856, 38.194282930967745 ], [ -85.568637826606547, 38.197275289738563 ], [ -85.570807091563296, 38.198766189824021 ], [ -85.571635806030301, 38.200346670239078 ], [ -85.5722008230574, 38.200968816876888 ], [ -85.5760270503405, 38.203078015562909 ], [ -85.571037416848355, 38.202737784224169 ], [ -85.563724301961429, 38.203418115634456 ], [ -85.56220968333875, 38.202970260723852 ], [ -85.560600827074495, 38.201683290448983 ], [ -85.559829824491175, 38.202836289891259 ], [ -85.559637826361865, 38.203450291866595 ], [ -85.558886839384613, 38.209757911205642 ], [ -85.559086248763904, 38.210948308355611 ], [ -85.558794195472814, 38.212610949166468 ], [ -85.556166082644467, 38.216306164690145 ], [ -85.554156661101757, 38.220547125184815 ], [ -85.552274703136632, 38.223944273263108 ], [ -85.546243822392739, 38.224276295545828 ], [ -85.539150554507117, 38.224155396471815 ], [ -85.538844686475329, 38.223064036553978 ], [ -85.538683330001774, 38.221154322406903 ], [ -85.538904973705399, 38.216944898235589 ], [ -85.541011392333345, 38.217090683520716 ], [ -85.541611643372022, 38.217397642108963 ], [ -85.5420400514639, 38.217900881791827 ], [ -85.542543980348228, 38.217780508606573 ], [ -85.545133796140718, 38.217777318236081 ], [ -85.543471086591481, 38.21287086434959 ], [ -85.543633363932244, 38.212712692468997 ], [ -85.545075631471747, 38.212365662502343 ], [ -85.545248005327593, 38.212127816328412 ], [ -85.542780254711005, 38.204821731759438 ], [ -85.540755819231052, 38.199472292813375 ], [ -85.539495819260523, 38.199878291581072 ], [ -85.538246817750078, 38.20059829280229 ], [ -85.537661817180492, 38.200176289798996 ], [ -85.537087820152607, 38.200048290019822 ], [ -85.532174996823144, 38.20054723968012 ], [ -85.531034115521066, 38.200485535578117 ], [ -85.529753556918365, 38.200072866346737 ], [ -85.52815456792834, 38.200356036675593 ], [ -85.523945622782165, 38.201388711621917 ], [ -85.52064263734313, 38.202916469852831 ], [ -85.518034707581478, 38.203657821441872 ], [ -85.517176745697924, 38.204091357062268 ], [ -85.510431899600121, 38.205888419138027 ], [ -85.510214809908319, 38.205681294505091 ], [ -85.507829811258944, 38.205002292372541 ], [ -85.506050810739239, 38.204045294101611 ], [ -85.504899563339876, 38.203986037565194 ], [ -85.503790666417686, 38.204504834387912 ], [ -85.502742004257357, 38.205286396463329 ], [ -85.502023913838372, 38.205550108973213 ], [ -85.501822071020527, 38.205767499258563 ], [ -85.501859054183754, 38.206108162130448 ], [ -85.50013991300284, 38.206637229363366 ], [ -85.499616381093347, 38.207058126531756 ], [ -85.499539404391072, 38.207453507329035 ], [ -85.500883979306508, 38.207958453007848 ], [ -85.501898242989995, 38.209164946288269 ], [ -85.502990861764133, 38.209780388727737 ], [ -85.505507521915135, 38.212889259953343 ], [ -85.507230928047107, 38.214559833308954 ], [ -85.507396808449059, 38.214984329862233 ], [ -85.507973816747082, 38.219961332822386 ], [ -85.50831134476681, 38.220618173434609 ], [ -85.509007708798237, 38.221122615238784 ], [ -85.50977481450785, 38.221328332937922 ], [ -85.511990811270337, 38.220952330842458 ], [ -85.512087812677748, 38.222822331116248 ], [ -85.509160299462195, 38.222760149973809 ], [ -85.510377165271734, 38.225734265024812 ], [ -85.510689651929781, 38.225824456651267 ], [ -85.514642813570191, 38.225115296613538 ], [ -85.516296813564438, 38.225236299377642 ], [ -85.517779891551271, 38.225025768190427 ], [ -85.519229893636663, 38.225226289814188 ], [ -85.520987092761672, 38.224960245820604 ], [ -85.523241815567914, 38.230509298615623 ], [ -85.526230138198912, 38.229901551729306 ], [ -85.527817103442146, 38.230843166858705 ], [ -85.529059423634436, 38.231177654944041 ], [ -85.529597073937339, 38.231706244376149 ], [ -85.530384246214595, 38.231648281635096 ], [ -85.53112806791097, 38.234098984559559 ], [ -85.53205140656766, 38.234596592202394 ], [ -85.531937817856942, 38.235811298801124 ], [ -85.531720819025011, 38.236033300632819 ], [ -85.534000818994656, 38.241227299737652 ], [ -85.531649817072662, 38.241995299938509 ], [ -85.532049820068323, 38.242804300827629 ], [ -85.529997820769282, 38.242631299724565 ], [ -85.529766818057553, 38.24274430033087 ], [ -85.529706817289195, 38.244307302478404 ], [ -85.532845818616565, 38.244582299361305 ], [ -85.534649820468843, 38.248649302775299 ], [ -85.53257882093915, 38.248772300391472 ], [ -85.530761047532636, 38.248431862540514 ], [ -85.521976688453535, 38.244166621481511 ], [ -85.520706111982491, 38.243794249091955 ], [ -85.506567779337615, 38.242233921337942 ], [ -85.498687918453882, 38.241606095147361 ], [ -85.496733810055645, 38.24630830304838 ], [ -85.501311812791286, 38.248617301301465 ], [ -85.502955388345327, 38.249253111630964 ], [ -85.502067950559876, 38.257873534798314 ], [ -85.503535810992176, 38.258955305745801 ], [ -85.50465581223709, 38.259543303957557 ], [ -85.509125813695761, 38.260677305161558 ], [ -85.511014813432595, 38.260717304211305 ], [ -85.513996817349224, 38.260131303819271 ], [ -85.51590481455051, 38.260109306136457 ], [ -85.516323817666816, 38.261595305460077 ], [ -85.516121815745919, 38.262683305506599 ], [ -85.516670813688933, 38.26288630645621 ], [ -85.517014817886945, 38.263247303378712 ], [ -85.519221268273697, 38.269620318662035 ], [ -85.519186076643038, 38.26999847669989 ], [ -85.518662027116591, 38.270583108116746 ], [ -85.518594818773551, 38.27095730538268 ], [ -85.520304764071312, 38.274717109382962 ], [ -85.515324817173081, 38.281607308304906 ], [ -85.514939893432228, 38.282731251597816 ], [ -85.514272557686823, 38.286152628341895 ], [ -85.513213428225939, 38.288260425151805 ], [ -85.512262412417144, 38.289519340593145 ], [ -85.510475223650701, 38.28830004493561 ], [ -85.509750891881382, 38.28804306230716 ], [ -85.503751519723224, 38.287163561945121 ], [ -85.503894734172533, 38.288578101301283 ], [ -85.503682883409937, 38.289573723494271 ], [ -85.504942878677582, 38.289686722034574 ], [ -85.505627736281298, 38.28991835755253 ], [ -85.506323752746454, 38.290385027052992 ], [ -85.506828897011573, 38.291007882194343 ], [ -85.505131906725708, 38.292114068311299 ], [ -85.504253586843745, 38.291496839051284 ], [ -85.50279625059396, 38.291626876876911 ], [ -85.502598641156368, 38.291863030417879 ], [ -85.502470453395631, 38.292887381522966 ], [ -85.502218097566725, 38.2932589343378 ], [ -85.501751135526249, 38.293459579695657 ], [ -85.500055575094052, 38.293570002987721 ], [ -85.499920195127871, 38.293725680215964 ], [ -85.500174170630643, 38.294359831670327 ], [ -85.499331142128867, 38.294703889046623 ], [ -85.497801363755471, 38.29310732903037 ], [ -85.495908407084201, 38.29303321301272 ], [ -85.495344722166536, 38.293285092573029 ], [ -85.495243518180146, 38.293809759612763 ], [ -85.496192152241207, 38.295608471467823 ], [ -85.497419105498039, 38.296438835438749 ], [ -85.498798590610761, 38.296587154313961 ], [ -85.498833979946369, 38.297656609974055 ], [ -85.495510899246796, 38.297759561256989 ], [ -85.492488996359867, 38.298579624181755 ], [ -85.468104211258066, 38.285260212465609 ], [ -85.404850803761576, 38.263737605402945 ], [ -85.407348782986645, 38.248377306230097 ], [ -85.407648780931126, 38.248509306439139 ], [ -85.407766783278859, 38.248970305582176 ], [ -85.408253784119267, 38.249547305564981 ], [ -85.408392786751179, 38.249672308178035 ], [ -85.408635786352079, 38.24984430699741 ], [ -85.408814781968402, 38.250002306442845 ], [ -85.408999786683964, 38.250282305337898 ], [ -85.409093989032414, 38.250397727983874 ], [ -85.409796786689341, 38.251127305514309 ], [ -85.410077785608124, 38.251241304830842 ], [ -85.410233786943024, 38.251283306903986 ], [ -85.411051783243224, 38.251358306312227 ], [ -85.411130786109439, 38.251345307089871 ], [ -85.411257786364388, 38.25130230525486 ], [ -85.411312784418541, 38.251296307156451 ], [ -85.411618785392378, 38.251365307896528 ], [ -85.412017785484124, 38.251809306421848 ], [ -85.412261787090443, 38.252001307822809 ], [ -85.412366785257674, 38.252231306218533 ], [ -85.412641786936859, 38.252477308344687 ], [ -85.41314678595073, 38.252649305364272 ], [ -85.413195786250569, 38.252646308011634 ], [ -85.413267562416294, 38.252629831871467 ], [ -85.412649328952071, 38.252472005143211 ], [ -85.412269329084054, 38.251996004645591 ], [ -85.411626327366832, 38.251360004760478 ], [ -85.411320326408173, 38.251291004040134 ], [ -85.410241329010091, 38.251278003857351 ], [ -85.409804328772097, 38.251122002495769 ], [ -85.408822324006081, 38.249997003487103 ], [ -85.407774325285885, 38.248965002693573 ], [ -85.40765632289893, 38.248504003557855 ], [ -85.407571324305238, 38.248446004778017 ], [ -85.407356324962578, 38.248372003368097 ], [ -85.407305267117877, 38.24836699971415 ], [ -85.414651407477606, 38.203851660650464 ], [ -85.414707908364591, 38.204058959638175 ], [ -85.414816985077536, 38.204130893613176 ], [ -85.414965668483106, 38.204165962134155 ], [ -85.415128183348457, 38.204290941557822 ], [ -85.415605683986882, 38.204252093174702 ], [ -85.41573452390449, 38.20420214309857 ], [ -85.415837863334303, 38.204096424319957 ], [ -85.416003612625886, 38.204041134575121 ], [ -85.415133567071365, 38.204276161111473 ], [ -85.414971052229731, 38.204151181695138 ], [ -85.414713292155781, 38.204044179210904 ], [ -85.414656791264918, 38.203836880225488 ], [ -85.427651976549171, 38.125821013337386 ], [ -85.430309452794333, 38.126356122042807 ], [ -85.433184157184428, 38.127999911765293 ], [ -85.436391781086115, 38.129092282890205 ], [ -85.442739783221498, 38.129041283898346 ], [ -85.44840085619434, 38.129701227028271 ], [ -85.448524358330474, 38.129864211866661 ], [ -85.44849092178373, 38.131025540135184 ], [ -85.449516788999873, 38.131298282346542 ], [ -85.450629079543376, 38.131850602103647 ], [ -85.451056788133286, 38.132506283406897 ], [ -85.452293179370386, 38.133116257859093 ], [ -85.457930787055417, 38.133386281586134 ], [ -85.459420836008533, 38.132836116631516 ], [ -85.463120789713514, 38.133329280937922 ], [ -85.465003382248142, 38.13393898472458 ], [ -85.466492792824795, 38.13400828129862 ], [ -85.467254060507315, 38.131834521862288 ], [ -85.468941793555175, 38.130092281168118 ], [ -85.469402730907007, 38.127526672471802 ], [ -85.478817289003132, 38.127502748475841 ], [ -85.483865387618522, 38.12315828727882 ], [ -85.485332796988885, 38.122591280699638 ], [ -85.489620795453703, 38.122092279480221 ], [ -85.492089797308225, 38.122773279619146 ], [ -85.49328421249794, 38.123947225676659 ], [ -85.494584803274819, 38.12449027200541 ], [ -85.495474118905364, 38.124655490551277 ], [ -85.49948480270848, 38.126596279724197 ], [ -85.501189252172139, 38.127038413130315 ], [ -85.503829189608098, 38.12742048646286 ], [ -85.506055802791977, 38.128100278193756 ], [ -85.507285801238922, 38.128677278078541 ], [ -85.509851442128877, 38.129154153169353 ], [ -85.511559804144625, 38.129859278050681 ], [ -85.514361806189839, 38.130549280179842 ], [ -85.517782806544389, 38.132720278327632 ], [ -85.516429809338348, 38.133132280753394 ], [ -85.5158618045743, 38.133536280058649 ], [ -85.515705808376936, 38.133995279423345 ], [ -85.515741807530816, 38.135119279582241 ], [ -85.516721804827014, 38.136256279534599 ], [ -85.517363805278592, 38.13912927993487 ], [ -85.517074809213241, 38.140082280825332 ], [ -85.516901805545459, 38.141624281461432 ], [ -85.516551808330519, 38.142063281344285 ], [ -85.515641806415587, 38.142439279595891 ], [ -85.51334680517094, 38.142527281079708 ], [ -85.512298804435133, 38.142829283242875 ], [ -85.512087808673968, 38.142697283605443 ], [ -85.511359805112221, 38.142810281192133 ], [ -85.510420805562987, 38.143104279957498 ], [ -85.510115805701759, 38.143586281729689 ], [ -85.509963804923984, 38.14590128131853 ], [ -85.510456804205091, 38.146963282123131 ], [ -85.511935807993041, 38.148472281899352 ], [ -85.512956806447363, 38.150144283189732 ], [ -85.513224804995147, 38.150240284977194 ], [ -85.513967806401936, 38.151256285338704 ], [ -85.514298808064794, 38.151948284805016 ], [ -85.514433804751505, 38.152020284611552 ], [ -85.514461806290697, 38.151819282201359 ], [ -85.514687809367871, 38.151902282598193 ], [ -85.514384808235363, 38.151489285170193 ], [ -85.515480808731098, 38.15257028460271 ], [ -85.515802807015731, 38.153072282890264 ], [ -85.515866807546786, 38.153503284457507 ], [ -85.515499808330119, 38.154224285428988 ], [ -85.514594808919597, 38.155143284098749 ], [ -85.513898808117617, 38.155258283488386 ], [ -85.514235806836297, 38.154933284586534 ], [ -85.513406808133411, 38.155103285464406 ], [ -85.51328080496036, 38.154860285500419 ], [ -85.51328980653426, 38.155198283571394 ], [ -85.512822806240408, 38.155392285261406 ], [ -85.508912806325867, 38.156454286383031 ], [ -85.508260806494022, 38.157329285343806 ], [ -85.507184803198598, 38.157805284502835 ], [ -85.505945804896371, 38.157661283567968 ], [ -85.50477280320375, 38.156855285180313 ], [ -85.504225806272331, 38.155886285332812 ], [ -85.504089804829945, 38.1550612842343 ], [ -85.503755804134073, 38.154486284252059 ], [ -85.503308806087134, 38.152910285639962 ], [ -85.502885803644844, 38.152455284171424 ], [ -85.502693805536765, 38.152656283885875 ], [ -85.501575803777428, 38.152779284193862 ], [ -85.50041780227437, 38.15350428628998 ], [ -85.50018380464121, 38.153435284888545 ], [ -85.499293800451611, 38.154169283770955 ], [ -85.49836380313198, 38.154264283307036 ], [ -85.498021803526569, 38.154530285273736 ], [ -85.497348801875418, 38.154562283383022 ], [ -85.496772803266566, 38.155200285726984 ], [ -85.496941803504328, 38.155645285424789 ], [ -85.497872802784656, 38.156755286567297 ], [ -85.498043804445217, 38.157429286046039 ], [ -85.498566177085962, 38.157428347123663 ], [ -85.498719730142, 38.159155831026588 ], [ -85.499197788328161, 38.160181336879781 ], [ -85.501211821585457, 38.161857035488836 ], [ -85.503700696570036, 38.161538437599702 ], [ -85.504201076603209, 38.161687207491937 ], [ -85.505152927241454, 38.162598759457779 ], [ -85.505249538527707, 38.163067251969167 ], [ -85.505113366481922, 38.164310998416539 ], [ -85.505642670539359, 38.164936947386458 ], [ -85.506297548006287, 38.165308176513783 ], [ -85.506097806629967, 38.165901286383857 ], [ -85.504569673922148, 38.166694224836853 ], [ -85.507327505581358, 38.172872852528151 ], [ -85.507687805623547, 38.173988288364015 ], [ -85.507433868353118, 38.174391615364485 ], [ -85.505949397322439, 38.175356472762289 ], [ -85.505371792812028, 38.175954282664584 ], [ -85.505350894796194, 38.17719099970499 ], [ -85.504894804072663, 38.178139287632568 ], [ -85.503976790434024, 38.178333268232151 ], [ -85.50351559876411, 38.178658271947896 ], [ -85.505188807936037, 38.182256289408642 ], [ -85.508242808025017, 38.181911288616369 ], [ -85.509043809092091, 38.182108289718052 ], [ -85.509221724666759, 38.182364273026025 ], [ -85.509989959034115, 38.185780440693193 ], [ -85.510620529209788, 38.187230339582136 ], [ -85.511085809390508, 38.187535291684625 ], [ -85.512256476023524, 38.187525483572244 ], [ -85.512548783908514, 38.187741337170536 ], [ -85.512693078555628, 38.188105254355811 ], [ -85.537587566041054, 38.185880136725032 ], [ -85.541049819128801, 38.18533129034212 ], [ -85.544852046438095, 38.185705250705112 ], [ -85.546044168581602, 38.186178577002622 ], [ -85.54805156697644, 38.187357740641076 ], [ -85.552040646308541, 38.188306249337899 ], [ -85.552435715262234, 38.187266984154682 ], [ -85.552352819846391, 38.186486289055487 ], [ -85.551186327930921, 38.183086663802605 ], [ -85.550406428246362, 38.181526618003858 ] ] ] } },
{ "type": "Feature", "properties": { "district": 37 }, "geometry": { "type": "Polygon", "coordinates": [ [ [ -85.906393899229585, 38.064189898115373 ], [ -85.905993912685474, 38.064011247563244 ], [ -85.905724736628315, 38.063679061525932 ], [ -85.904795912217168, 38.063820249908531 ], [ -85.904064914166625, 38.063189248082786 ], [ -85.89063211046745, 38.056182441399699 ], [ -85.887825399864127, 38.059670148881743 ], [ -85.885709953224634, 38.06421851969035 ], [ -85.885234218950018, 38.06597162964681 ], [ -85.884761301401852, 38.071714697774709 ], [ -85.879572988906446, 38.070086467467654 ], [ -85.867631357994327, 38.067329225865656 ], [ -85.866617903676186, 38.073637251209085 ], [ -85.86618890540916, 38.074973252088355 ], [ -85.865466903089015, 38.076241253787764 ], [ -85.860395658722325, 38.083139635215716 ], [ -85.857651902769007, 38.085741253204155 ], [ -85.858721901368696, 38.086079254783812 ], [ -85.858920908159092, 38.086629256517398 ], [ -85.857015900512806, 38.086313256779988 ], [ -85.855192900769168, 38.087909256070965 ], [ -85.854032902569813, 38.088618257454876 ], [ -85.847597901263541, 38.088319255167839 ], [ -85.844953898321108, 38.088715256975632 ], [ -85.842723897399864, 38.08940925693372 ], [ -85.841392896733595, 38.090037256962553 ], [ -85.824719895703851, 38.09965425924613 ], [ -85.822929846704739, 38.09808816724037 ], [ -85.822650081128216, 38.097573071426432 ], [ -85.822744890976935, 38.096828258270044 ], [ -85.823718085589078, 38.095742872014974 ], [ -85.824007481239022, 38.094622806180837 ], [ -85.823973893528901, 38.094074259752801 ], [ -85.823384891203389, 38.09231925858554 ], [ -85.820422737482573, 38.092634274255374 ], [ -85.819633462845886, 38.093421134363354 ], [ -85.819225891119459, 38.094616257495971 ], [ -85.818448381713353, 38.095325947309632 ], [ -85.816434890846409, 38.097976258270108 ], [ -85.815945961663004, 38.099018098522379 ], [ -85.814971892149416, 38.097194259011943 ], [ -85.815447893253435, 38.098317259471621 ], [ -85.815403893439893, 38.098524258977598 ], [ -85.814460893871583, 38.099956259358109 ], [ -85.813303892974574, 38.103179257706017 ], [ -85.813070893678628, 38.103526260438059 ], [ -85.812551890047544, 38.103658261399659 ], [ -85.812468892145233, 38.104733260996746 ], [ -85.811253892731031, 38.107456262943153 ], [ -85.80573089105286, 38.109798264467855 ], [ -85.80634989026224, 38.110863261603903 ], [ -85.806323888278243, 38.111253262046851 ], [ -85.806058891434787, 38.111721262469935 ], [ -85.802192888110497, 38.114490263628511 ], [ -85.799955889980851, 38.116358264052899 ], [ -85.796171889151097, 38.119003264693717 ], [ -85.795277888610016, 38.119183264891667 ], [ -85.794482599223173, 38.118665282420231 ], [ -85.793582035781341, 38.11837001257009 ], [ -85.788882886786453, 38.117550263875692 ], [ -85.782030301082656, 38.114227449966329 ], [ -85.780136100300254, 38.112543618645141 ], [ -85.779559835393869, 38.112342124449938 ], [ -85.778146350442185, 38.11232075797907 ], [ -85.775080281530592, 38.112650402221568 ], [ -85.772723535889881, 38.113141659042284 ], [ -85.771037446187961, 38.112649955818455 ], [ -85.769571416968347, 38.111559058953034 ], [ -85.767428779461795, 38.111455994932122 ], [ -85.766697917569914, 38.111745139614328 ], [ -85.758714698442503, 38.10499970172544 ], [ -85.749352160071595, 38.111752008722675 ], [ -85.747734904149297, 38.112559945973018 ], [ -85.748048874084148, 38.117686267513932 ], [ -85.75489087512743, 38.117408267286045 ], [ -85.756018874365765, 38.118541264656237 ], [ -85.756341875858553, 38.118552265317781 ], [ -85.756520873109537, 38.118371267750376 ], [ -85.757073874629398, 38.118550267837676 ], [ -85.757273873849584, 38.119222267807359 ], [ -85.756956875775373, 38.119180267567806 ], [ -85.756844874334277, 38.119714267192307 ], [ -85.757438876739442, 38.120136266279943 ], [ -85.757721874914026, 38.120109265578364 ], [ -85.757564350960592, 38.12062911332162 ], [ -85.752960183532153, 38.120481980823527 ], [ -85.750609874843974, 38.121116266843629 ], [ -85.750510529589462, 38.121164951878811 ], [ -85.750751871909074, 38.12147226760478 ], [ -85.750892108203459, 38.123367628073041 ], [ -85.748475329892457, 38.123638216177362 ], [ -85.748771715461118, 38.126268323700472 ], [ -85.743994984270344, 38.126743661286689 ], [ -85.740418458146422, 38.128300959670078 ], [ -85.73716526146876, 38.116209039491231 ], [ -85.736050325528524, 38.11671313232128 ], [ -85.732174180691857, 38.117614383622033 ], [ -85.729570872301835, 38.11713440043944 ], [ -85.727354855565324, 38.11696424329196 ], [ -85.724663130079563, 38.116070731648449 ], [ -85.721689881347785, 38.115786456560848 ], [ -85.716044899330853, 38.115591543672743 ], [ -85.712742501311865, 38.116354641218905 ], [ -85.709465425333065, 38.116237963151143 ], [ -85.707517858994365, 38.115959266706987 ], [ -85.706515749588519, 38.116239152040876 ], [ -85.705590860848304, 38.117161266768882 ], [ -85.701859858374959, 38.118182267058316 ], [ -85.701595858772805, 38.118039268809532 ], [ -85.701511859983228, 38.116060268539435 ], [ -85.697432857604014, 38.117299268610729 ], [ -85.696498550006993, 38.117065058003732 ], [ -85.684754686642151, 38.11592996743623 ], [ -85.68346473676884, 38.116147255510569 ], [ -85.677970231075932, 38.11793537176311 ], [ -85.668714681301608, 38.11936348035465 ], [ -85.665999575335903, 38.124818129902003 ], [ -85.664041202329045, 38.127537697581261 ], [ -85.663113185267093, 38.128525718912961 ], [ -85.665295655876221, 38.129561374003679 ], [ -85.667462848930853, 38.130076272512596 ], [ -85.666886605988637, 38.132107014121097 ], [ -85.668504173255428, 38.133811978416261 ], [ -85.669632424871196, 38.135507087741161 ], [ -85.669467291278323, 38.13778058492224 ], [ -85.675148888444056, 38.138013384525166 ], [ -85.674770814282255, 38.14380276889986 ], [ -85.674595853206199, 38.144126275189613 ], [ -85.67474785590781, 38.144631272871244 ], [ -85.674683295106348, 38.147083535084654 ], [ -85.668960872911484, 38.146855911063369 ], [ -85.669086564631343, 38.145291401953529 ], [ -85.660091222737663, 38.144721862449771 ], [ -85.659919567638696, 38.148614669514828 ], [ -85.657640588528537, 38.149054920170201 ], [ -85.657221916215065, 38.149001942222668 ], [ -85.655029589755401, 38.147718282504201 ], [ -85.643549821886225, 38.146969649890863 ], [ -85.643526846097828, 38.147382277987617 ], [ -85.643503842831038, 38.147783275617535 ], [ -85.643704846144516, 38.140148274883401 ], [ -85.643472843536955, 38.139857274099811 ], [ -85.642082844126605, 38.139659276273719 ], [ -85.641860841192397, 38.13940727470527 ], [ -85.643153284391403, 38.122850285790093 ], [ -85.64607725134708, 38.12204589057469 ], [ -85.648425002190876, 38.121737048016925 ], [ -85.647078263119084, 38.118146876222099 ], [ -85.646688841995783, 38.117881270424931 ], [ -85.646668844394767, 38.116700269196919 ], [ -85.646335197489975, 38.116074977045109 ], [ -85.646594869906977, 38.111676996678305 ], [ -85.646934823602393, 38.110600427169629 ], [ -85.633721685969874, 38.109994311766357 ], [ -85.634153478548285, 38.108085543124687 ], [ -85.635190352347166, 38.106546420054052 ], [ -85.635276420489177, 38.104070990686175 ], [ -85.635101188681645, 38.101861876668337 ], [ -85.636003628752448, 38.100271694513978 ], [ -85.636593082055271, 38.099738180137514 ], [ -85.636358163008552, 38.097898310155898 ], [ -85.636009090053022, 38.097060101043915 ], [ -85.636918472847668, 38.095838415797047 ], [ -85.636093218047762, 38.09447936967414 ], [ -85.637055161070634, 38.092519963959006 ], [ -85.637170307951408, 38.09157090932127 ], [ -85.637426644656486, 38.091041381797915 ], [ -85.637687061615139, 38.090722422915185 ], [ -85.638437853520173, 38.091712713350212 ], [ -85.642439069894621, 38.091966522444778 ], [ -85.643619962897375, 38.090904863745038 ], [ -85.643053064063139, 38.090502434868363 ], [ -85.643171976666594, 38.090222779972457 ], [ -85.643401587702456, 38.090318216919826 ], [ -85.64354339779679, 38.090152865811923 ], [ -85.643855579145523, 38.089150694292783 ], [ -85.642099450622624, 38.087581670176064 ], [ -85.642549300643324, 38.087541794079598 ], [ -85.642851404560091, 38.087301485282943 ], [ -85.642572782803384, 38.086126707400901 ], [ -85.642620127951048, 38.085731064467936 ], [ -85.644157572156814, 38.084936250394151 ], [ -85.644502543000272, 38.084284476416371 ], [ -85.644142838636157, 38.083795263678809 ], [ -85.642706595911633, 38.08360407287298 ], [ -85.642288912716893, 38.083347473946368 ], [ -85.642294356483077, 38.08258137446925 ], [ -85.642532842346412, 38.082309264858402 ], [ -85.642604026953705, 38.081781583862934 ], [ -85.643018552337765, 38.081258947322162 ], [ -85.712591364300067, 38.08729379739664 ], [ -85.857557336545312, 38.04728134932337 ], [ -85.877280286856987, 38.041695915088702 ], [ -85.880111785178883, 38.040967644222548 ], [ -85.881957000290683, 38.040990552970065 ], [ -85.882652401655903, 38.040663930229513 ], [ -85.882763047476715, 38.040421279133405 ], [ -85.882643363303231, 38.039898571752197 ], [ -85.882865403151158, 38.03962259564819 ], [ -85.883560918517844, 38.039384072725667 ], [ -85.883796949885564, 38.039119200258234 ], [ -85.883285273111639, 38.037919986557633 ], [ -85.883618229347647, 38.037489611414514 ], [ -85.886081314180458, 38.036811474526608 ], [ -85.887228390063385, 38.036279991544795 ], [ -85.888639443238645, 38.035488981819704 ], [ -85.889457953428959, 38.034440676194436 ], [ -85.890425489793444, 38.034405056832846 ], [ -85.891084797383243, 38.033682030475148 ], [ -85.892621952143699, 38.033094170871173 ], [ -85.894845613638822, 38.031761462927541 ], [ -85.895741209659107, 38.030927607702374 ], [ -85.897207298270956, 38.029904857172056 ], [ -85.897742395592218, 38.029699833728259 ], [ -85.898236798764472, 38.029720544513061 ], [ -85.898973577827846, 38.029333046527562 ], [ -85.900199898114664, 38.029693293938074 ], [ -85.90048442270971, 38.029389690936448 ], [ -85.900698135226776, 38.02867875662723 ], [ -85.900975995640948, 38.028490812289725 ], [ -85.901422059848201, 38.028643854815606 ], [ -85.902642983880469, 38.029543694524882 ], [ -85.903088503383671, 38.029514879557368 ], [ -85.904360462333102, 38.028889244486294 ], [ -85.904665036691341, 38.028326760320823 ], [ -85.904188488831309, 38.027270725008947 ], [ -85.904304894089464, 38.026653688411351 ], [ -85.904687172592062, 38.026443336687301 ], [ -85.904998392972672, 38.025809258867667 ], [ -85.906326439952338, 38.025299107496956 ], [ -85.906637879269852, 38.024752981801782 ], [ -85.906740456908395, 38.024124988351261 ], [ -85.906634841158962, 38.02375080512909 ], [ -85.905288311152063, 38.022774189062147 ], [ -85.905168668366926, 38.022345123128432 ], [ -85.906139562801329, 38.021169551843244 ], [ -85.90649123932603, 38.020116760628966 ], [ -85.906797039654236, 38.019961653858083 ], [ -85.90703408099246, 38.020076763912293 ], [ -85.906894727287167, 38.022268730388483 ], [ -85.907125398785055, 38.022554505518592 ], [ -85.90780101213204, 38.02271234067188 ], [ -85.909081340504812, 38.022538155944027 ], [ -85.910106209127719, 38.023053015795725 ], [ -85.910390085516255, 38.022584126359568 ], [ -85.910298151705305, 38.022110811957113 ], [ -85.909370476055727, 38.021524093550582 ], [ -85.909187409195667, 38.020874845902561 ], [ -85.90922724454586, 38.020241461371633 ], [ -85.909657234005579, 38.019728191528827 ], [ -85.909976882440816, 38.019573067681691 ], [ -85.910512969726298, 38.019626727560507 ], [ -85.912151775553312, 38.020563818352315 ], [ -85.912757716814099, 38.020677782791566 ], [ -85.913448894078215, 38.019150509475999 ], [ -85.914440750680541, 38.015898813972292 ], [ -85.915278859925976, 38.014624343801586 ], [ -85.915443938002056, 38.014029287376665 ], [ -85.915156826269268, 38.013484863770074 ], [ -85.914172350253565, 38.01250737357492 ], [ -85.913905628720357, 38.011819755185591 ], [ -85.913847035249887, 38.010916911940228 ], [ -85.914089409389589, 38.010514298347239 ], [ -85.915278931373109, 38.010329159544618 ], [ -85.915651475737533, 38.009331339885776 ], [ -85.916737252402257, 38.009361471787521 ], [ -85.91807260726344, 38.009071290587634 ], [ -85.918952620443804, 38.01001599695438 ], [ -85.919782256761792, 38.010432223450714 ], [ -85.921412067339787, 38.00872599423456 ], [ -85.923039767859805, 38.008363272310504 ], [ -85.924747199031401, 38.007069976360697 ], [ -85.924848286089656, 38.00611144686426 ], [ -85.925145669070403, 38.005537953849071 ], [ -85.926355608189752, 38.005242522100488 ], [ -85.926945060859822, 38.004640713227928 ], [ -85.929804904710906, 38.002484768315931 ], [ -85.930518454371949, 38.001552048903115 ], [ -85.930835766821488, 38.000686992095403 ], [ -85.932048949096824, 37.998661683286763 ], [ -85.932350116471056, 37.998268094639769 ], [ -85.933510919453113, 37.997475233879918 ], [ -85.934730188513271, 37.997249194839547 ], [ -85.93504205873694, 37.997471366541276 ], [ -85.935413237041914, 37.99860768604799 ], [ -85.935722352344612, 37.998856149156083 ], [ -85.938279056133183, 37.998648591881484 ], [ -85.944816411501122, 38.002346435876539 ], [ -85.94712719123045, 38.005075376604928 ], [ -85.943758643801488, 38.006265811770881 ], [ -85.942698180708433, 38.006826178462781 ], [ -85.939524263887577, 38.009814513000883 ], [ -85.934608048724499, 38.0132706878966 ], [ -85.931118336959813, 38.015995002263139 ], [ -85.927388311713671, 38.019603832513731 ], [ -85.925159560005568, 38.022520606157492 ], [ -85.923268566692883, 38.025591612843328 ], [ -85.921463773647815, 38.029728199978599 ], [ -85.920976564322501, 38.031244203651354 ], [ -85.919567186666214, 38.03729686269989 ], [ -85.918977212814653, 38.040709359395585 ], [ -85.918364302378436, 38.048779527720548 ], [ -85.917035063236085, 38.057261645177462 ], [ -85.916439192688912, 38.059580057429791 ], [ -85.916319065744929, 38.062541457940014 ], [ -85.915754605086136, 38.065137268419257 ], [ -85.91013691674398, 38.06552424776563 ], [ -85.910177916181638, 38.065291248466664 ], [ -85.909466918311338, 38.065288247687612 ], [ -85.908076916385426, 38.064576248924645 ], [ -85.907658914330014, 38.064568249267381 ], [ -85.907271914913721, 38.064798250450416 ], [ -85.906333127732992, 38.064298888113747 ], [ -85.906393899229585, 38.064189898115373 ] ] ] } },
{ "type": "Feature", "properties": { "district": 38 }, "geometry": { "type": "Polygon", "coordinates": [ [ [ -85.854098751829781, 38.088586219887908 ], [ -85.855192900769168, 38.087909256070965 ], [ -85.857015900512806, 38.086313256779988 ], [ -85.863806295064592, 38.087461576992183 ], [ -85.86472862270773, 38.087654290045428 ], [ -85.863987673741164, 38.089179696992787 ], [ -85.865456814349628, 38.089534385976627 ], [ -85.864881511964867, 38.090625108939811 ], [ -85.865791640538319, 38.090926962903168 ], [ -85.866457488338654, 38.090929043883136 ], [ -85.86767911925844, 38.091355041465576 ], [ -85.86657173565176, 38.093100104816244 ], [ -85.865926942425347, 38.093392949686852 ], [ -85.864780814246757, 38.093521881325977 ], [ -85.864407556599261, 38.093771900040501 ], [ -85.861655023269904, 38.098451299629211 ], [ -85.862369503130836, 38.102904388695485 ], [ -85.863445283882015, 38.1034114111851 ], [ -85.863329592641009, 38.103648865025384 ], [ -85.863908905551966, 38.103864258895051 ], [ -85.86270139582129, 38.106227737965312 ], [ -85.86069915412881, 38.105354421155248 ], [ -85.859325223864616, 38.105075903534548 ], [ -85.851413575404848, 38.105940590660651 ], [ -85.848202747012081, 38.105702381496378 ], [ -85.844674519220433, 38.105933181663964 ], [ -85.842129576907809, 38.106967296336144 ], [ -85.841054734618723, 38.10766707511808 ], [ -85.835234933897453, 38.115234884620918 ], [ -85.829836362265524, 38.114990459596996 ], [ -85.8290068943964, 38.114699263518474 ], [ -85.824496892654267, 38.114517262357516 ], [ -85.821987893419305, 38.115300263425283 ], [ -85.821387919992361, 38.116004718793953 ], [ -85.820249493835504, 38.116121241457357 ], [ -85.81895393789037, 38.116519225064096 ], [ -85.815121459866859, 38.116573335646102 ], [ -85.813066384316969, 38.116364963311383 ], [ -85.811324186664535, 38.116591460873657 ], [ -85.809144280447981, 38.116604158715106 ], [ -85.807779742664479, 38.11692192697754 ], [ -85.806927654107454, 38.117305204499338 ], [ -85.806788264285345, 38.117162796120461 ], [ -85.802757268143765, 38.120201691840322 ], [ -85.803998131849923, 38.120930194793253 ], [ -85.803603213838969, 38.121217066731624 ], [ -85.806187995240819, 38.123823183333599 ], [ -85.810673892736915, 38.128996266010319 ], [ -85.81353789143877, 38.131760266144674 ], [ -85.814546532573615, 38.133385428374751 ], [ -85.816982366665997, 38.135478920119247 ], [ -85.818389623620888, 38.136199336078718 ], [ -85.821308089895226, 38.138996536688637 ], [ -85.824088997972211, 38.14954532266372 ], [ -85.827948124688888, 38.147790135656201 ], [ -85.836226111427962, 38.14355886479612 ], [ -85.837242739994949, 38.143407637866424 ], [ -85.839588406241901, 38.143491106715004 ], [ -85.838287275304182, 38.146236136492014 ], [ -85.837126034204928, 38.150080921828923 ], [ -85.835396087440472, 38.154344676205483 ], [ -85.830309806546737, 38.164926257192583 ], [ -85.825876628813759, 38.162748573773705 ], [ -85.826011652106445, 38.162549130142587 ], [ -85.812584899280651, 38.180523273241555 ], [ -85.812248315099097, 38.180371619073512 ], [ -85.809207858119905, 38.180785113150954 ], [ -85.808863802402342, 38.179181408110118 ], [ -85.806303863603048, 38.179535897789037 ], [ -85.803915827203554, 38.179306570525519 ], [ -85.803411274643125, 38.179426304308116 ], [ -85.800565190733096, 38.181098553567331 ], [ -85.799198760357228, 38.181263112498172 ], [ -85.800765892542131, 38.184928275753812 ], [ -85.801112614605358, 38.186312236259198 ], [ -85.793393209505993, 38.186840323898053 ], [ -85.793807337977057, 38.184235252584998 ], [ -85.793222654023111, 38.184201763437272 ], [ -85.793229918871759, 38.183844112343245 ], [ -85.79218943575242, 38.183798244664111 ], [ -85.792464402178567, 38.181429375075254 ], [ -85.793575350644844, 38.181482080008927 ], [ -85.793707001563149, 38.180056104883725 ], [ -85.792313936941355, 38.179639441765957 ], [ -85.792905374049411, 38.175948603274918 ], [ -85.792855480006622, 38.175702553011256 ], [ -85.792535228093385, 38.175425582694466 ], [ -85.788263323479399, 38.179336240426082 ], [ -85.788446544168565, 38.176999981940426 ], [ -85.782731802247568, 38.176738406549354 ], [ -85.782728763131402, 38.176691620259433 ], [ -85.782719233653751, 38.176569667720592 ], [ -85.78270351437304, 38.176379788626264 ], [ -85.782746192551429, 38.176935790483761 ], [ -85.782820887152809, 38.177813277864729 ], [ -85.782843646790127, 38.177965963928322 ], [ -85.783169072955374, 38.17900961331668 ], [ -85.784063887351891, 38.185255277804032 ], [ -85.783460167265375, 38.188949728176475 ], [ -85.781948380804181, 38.189494759269429 ], [ -85.780523891687608, 38.189724454331305 ], [ -85.774990003181202, 38.189440395947585 ], [ -85.771447150306216, 38.189817198963809 ], [ -85.766698646628726, 38.189998977066224 ], [ -85.766837123363146, 38.188487264161047 ], [ -85.767852998488692, 38.18279486405013 ], [ -85.768069259377626, 38.182217284596952 ], [ -85.770910312845444, 38.179986517539284 ], [ -85.771783871042572, 38.177453575050436 ], [ -85.772600761953044, 38.176329251736988 ], [ -85.776970962198362, 38.17298117609139 ], [ -85.775821900310646, 38.171952576909035 ], [ -85.773828857836605, 38.167785309290529 ], [ -85.773659342664274, 38.167020233356176 ], [ -85.769493092759532, 38.163309643590438 ], [ -85.772308868755076, 38.161284534216769 ], [ -85.777558937639583, 38.161625085503289 ], [ -85.777253990461006, 38.159972693441333 ], [ -85.777513542421744, 38.159753894042638 ], [ -85.777332884831566, 38.159156272857146 ], [ -85.776401886197533, 38.158667271611726 ], [ -85.776186883747627, 38.157908273067676 ], [ -85.773863883457338, 38.156339272912533 ], [ -85.773263883746708, 38.156406271386736 ], [ -85.773094885107639, 38.156008272178092 ], [ -85.772373883198156, 38.155905271356133 ], [ -85.772448886207471, 38.154903272304161 ], [ -85.766569881412394, 38.151239273335158 ], [ -85.766795882128193, 38.151028270257882 ], [ -85.764136877691769, 38.148325272703275 ], [ -85.76587187925152, 38.147320270102547 ], [ -85.771928883827741, 38.144444270652933 ], [ -85.774558401553861, 38.142763627356587 ], [ -85.774162639766558, 38.140925163885768 ], [ -85.769671117205078, 38.141507189986463 ], [ -85.769059973621339, 38.141721545088302 ], [ -85.768631563791473, 38.14097625751802 ], [ -85.768775992072037, 38.139234692820118 ], [ -85.767816223990792, 38.139144199113808 ], [ -85.768045420523009, 38.136483408098826 ], [ -85.767704948182484, 38.136492701250702 ], [ -85.76475644288864, 38.137666295079271 ], [ -85.761834623540224, 38.136975053850982 ], [ -85.761649491522107, 38.136500585638608 ], [ -85.763553507742898, 38.133781907257983 ], [ -85.761874876692445, 38.130893268449924 ], [ -85.761349877335959, 38.130285268098334 ], [ -85.755796169140098, 38.134174307540313 ], [ -85.752355928730964, 38.13560278371461 ], [ -85.748966661347708, 38.126961219528368 ], [ -85.748682874137828, 38.125926268810183 ], [ -85.748475329892457, 38.123638216177362 ], [ -85.750892108203459, 38.123367628073041 ], [ -85.750751871909074, 38.12147226760478 ], [ -85.750510529589462, 38.121164951878811 ], [ -85.750745875458833, 38.121061266892283 ], [ -85.752960183532153, 38.120481980823527 ], [ -85.757563900845213, 38.120629201534499 ], [ -85.757721874914026, 38.120109265578364 ], [ -85.757438876739442, 38.120136266279943 ], [ -85.756856875897185, 38.119749266041524 ], [ -85.756868877291367, 38.119297265573678 ], [ -85.757282877188189, 38.119171267384438 ], [ -85.75697487678012, 38.118442264741077 ], [ -85.756520873109537, 38.118371267750376 ], [ -85.756341875858553, 38.118552265317781 ], [ -85.756018874365765, 38.118541264656237 ], [ -85.75489087512743, 38.117408267286045 ], [ -85.748048874084148, 38.117686267513932 ], [ -85.747734904149297, 38.112559945973018 ], [ -85.749352160071595, 38.111752008722675 ], [ -85.758714698442503, 38.10499970172544 ], [ -85.766697917569914, 38.111745139614328 ], [ -85.767428779461795, 38.111455994932122 ], [ -85.769571416968347, 38.111559058953034 ], [ -85.771037446187961, 38.112649955818455 ], [ -85.772723535889881, 38.113141659042284 ], [ -85.775080281530592, 38.112650402221568 ], [ -85.778146350442185, 38.11232075797907 ], [ -85.779559835393869, 38.112342124449938 ], [ -85.780136100300254, 38.112543618645141 ], [ -85.782030301082656, 38.114227449966329 ], [ -85.788882886786453, 38.117550263875692 ], [ -85.793582035781341, 38.11837001257009 ], [ -85.794482599223173, 38.118665282420231 ], [ -85.795277888610016, 38.119183264891667 ], [ -85.796171889151097, 38.119003264693717 ], [ -85.799955889980851, 38.116358264052899 ], [ -85.802192888110497, 38.114490263628511 ], [ -85.806058891434787, 38.111721262469935 ], [ -85.806323888278243, 38.111253262046851 ], [ -85.80634989026224, 38.110863261603903 ], [ -85.80573089105286, 38.109798264467855 ], [ -85.811253892731031, 38.107456262943153 ], [ -85.812468892145233, 38.104733260996746 ], [ -85.812551890047544, 38.103658261399659 ], [ -85.813070893678628, 38.103526260438059 ], [ -85.813303892974574, 38.103179257706017 ], [ -85.814460893871583, 38.099956259358109 ], [ -85.815403893439893, 38.098524258977598 ], [ -85.815447893253435, 38.098317259471621 ], [ -85.814971892149416, 38.097194259011943 ], [ -85.815945961663004, 38.099018098522379 ], [ -85.816434890846409, 38.097976258270108 ], [ -85.818448381713353, 38.095325947309632 ], [ -85.819225891119459, 38.094616257495971 ], [ -85.819633462845886, 38.093421134363354 ], [ -85.820422737482573, 38.092634274255374 ], [ -85.823384891203389, 38.09231925858554 ], [ -85.823973893528901, 38.094074259752801 ], [ -85.824007481239022, 38.094622806180837 ], [ -85.823718085589078, 38.095742872014974 ], [ -85.822744890976935, 38.096828258270044 ], [ -85.822650081128216, 38.097573071426432 ], [ -85.822929846704739, 38.09808816724037 ], [ -85.824719895703851, 38.09965425924613 ], [ -85.841392896733595, 38.090037256962553 ], [ -85.842723897399864, 38.08940925693372 ], [ -85.844953898321108, 38.088715256975632 ], [ -85.847597901263541, 38.088319255167839 ], [ -85.854098751829781, 38.088586219887908 ] ] ] } },
{ "type": "Feature", "properties": { "district": 40 }, "geometry": { "type": "Polygon", "coordinates": [ [ [ -85.800605836976573, 38.184510129620222 ], [ -85.799198760357228, 38.181263112498172 ], [ -85.800565190733096, 38.181098553567331 ], [ -85.803565340893613, 38.179359629790191 ], [ -85.805044437984279, 38.179336931922812 ], [ -85.806303863603048, 38.179535897789037 ], [ -85.808863802402342, 38.179181408110118 ], [ -85.809207858119905, 38.180785113150954 ], [ -85.812248315099097, 38.180371619073512 ], [ -85.812584899280651, 38.180523273241555 ], [ -85.819552539070656, 38.171259927078978 ], [ -85.823729952219807, 38.173992100090395 ], [ -85.819106017889638, 38.177951310821179 ], [ -85.816051919021433, 38.180941308754718 ], [ -85.813623895496477, 38.184325277491702 ], [ -85.814804683805846, 38.184305936032608 ], [ -85.816009671607318, 38.184062668298225 ], [ -85.818419228221515, 38.183193331958115 ], [ -85.819889747316338, 38.183017970959625 ], [ -85.822150001007913, 38.18308709578892 ], [ -85.827285773867132, 38.18149826720532 ], [ -85.82718753677355, 38.18188258440108 ], [ -85.828535929482811, 38.181911313597048 ], [ -85.828133352830591, 38.187229117575427 ], [ -85.829422772828067, 38.188429107498884 ], [ -85.830176368548294, 38.189899256228856 ], [ -85.826559413527022, 38.189740192889111 ], [ -85.826532867311172, 38.189889627471374 ], [ -85.822060927555015, 38.189572848208023 ], [ -85.821991756406732, 38.19017980561302 ], [ -85.816630504171513, 38.18981728522899 ], [ -85.815537315917879, 38.189747861400718 ], [ -85.815006696538234, 38.189717864664985 ], [ -85.815360899473319, 38.189739276757429 ], [ -85.814862928191545, 38.194535005262026 ], [ -85.811910241151011, 38.194407754982045 ], [ -85.811600357151306, 38.19918011860203 ], [ -85.811176941300289, 38.201694358198068 ], [ -85.813177942205371, 38.201818050524466 ], [ -85.812913479153167, 38.205084497425958 ], [ -85.811806840912865, 38.205031337273837 ], [ -85.811542489208847, 38.205146186494169 ], [ -85.811270368784037, 38.206731760740105 ], [ -85.807283896153933, 38.206519281708168 ], [ -85.807481889973516, 38.206632277467058 ], [ -85.807150216482327, 38.209599564598797 ], [ -85.817539871055672, 38.215449823114284 ], [ -85.81796119524266, 38.215451964387945 ], [ -85.80932525415183, 38.224407814261824 ], [ -85.800178013342901, 38.223716187842236 ], [ -85.800051956372684, 38.224635170340626 ], [ -85.799046639567564, 38.227190473071374 ], [ -85.798184761933456, 38.233436068327158 ], [ -85.795060897633306, 38.234753286043365 ], [ -85.795431895676458, 38.233926286798649 ], [ -85.790087892938473, 38.232602283788438 ], [ -85.789712893218535, 38.23339928639173 ], [ -85.788531892806347, 38.233100285530597 ], [ -85.789760895615871, 38.230074286000772 ], [ -85.784625892222138, 38.229704285955862 ], [ -85.784943889645916, 38.226311316536759 ], [ -85.781715889515112, 38.226076284502668 ], [ -85.781409892324362, 38.226664284755977 ], [ -85.780997890278854, 38.231011283921134 ], [ -85.763021260287616, 38.229303007992698 ], [ -85.763644248047854, 38.225751878531028 ], [ -85.763569883886575, 38.226183286824863 ], [ -85.769004062425864, 38.226767950203168 ], [ -85.770410887664781, 38.22476228686029 ], [ -85.771963414152452, 38.223663396589465 ], [ -85.771366209831314, 38.222556109044078 ], [ -85.769911408609786, 38.220929971916959 ], [ -85.762353886220652, 38.213515284707 ], [ -85.762269884401974, 38.213739283476677 ], [ -85.759682886221668, 38.213464282433065 ], [ -85.759398885838536, 38.215522281956382 ], [ -85.757463883442668, 38.214884285167344 ], [ -85.75510688271649, 38.214610283562301 ], [ -85.755357777650815, 38.213153892363685 ], [ -85.753637202803361, 38.21284123644763 ], [ -85.751987881111774, 38.211747284999035 ], [ -85.75125588090502, 38.211577284080434 ], [ -85.748516881522804, 38.211786283773293 ], [ -85.747581878124805, 38.212038286133613 ], [ -85.747078877518035, 38.212472284493458 ], [ -85.747000880485757, 38.211374283258586 ], [ -85.741854272986956, 38.2135934781844 ], [ -85.7382783802028, 38.208044307872534 ], [ -85.734745388394288, 38.209225477805909 ], [ -85.735000205669394, 38.20967486615092 ], [ -85.73354346021307, 38.210359056341083 ], [ -85.732880851554398, 38.209389712245276 ], [ -85.732895560865728, 38.207681637999947 ], [ -85.732296183309771, 38.206745954397256 ], [ -85.730917739374377, 38.207369796347642 ], [ -85.729894831654278, 38.2058184638895 ], [ -85.735319736220475, 38.203414997002973 ], [ -85.726961869678249, 38.19056928020629 ], [ -85.744241878737384, 38.189533277481502 ], [ -85.747027878347907, 38.189653278849001 ], [ -85.746383876327926, 38.190019279611249 ], [ -85.744067877945255, 38.189944280629945 ], [ -85.742180875052469, 38.190096280150293 ], [ -85.740882876137348, 38.190626279561847 ], [ -85.743740876339132, 38.194319280439778 ], [ -85.747241879081372, 38.192695281895432 ], [ -85.747881877077717, 38.193537280821594 ], [ -85.748278876988337, 38.193295281252347 ], [ -85.750289918406949, 38.192858234532046 ], [ -85.750253921986854, 38.193995364582669 ], [ -85.753762280029648, 38.194160822406054 ], [ -85.755564427946751, 38.193849328697468 ], [ -85.755150875538348, 38.19269886993937 ], [ -85.754614905700038, 38.190324189241224 ], [ -85.770614817310161, 38.189863833718732 ], [ -85.774990003181202, 38.189440395947585 ], [ -85.77650986456193, 38.189443428407294 ], [ -85.779347330023484, 38.189747171967859 ], [ -85.781948380804181, 38.189494759269429 ], [ -85.783460167265375, 38.188949728176475 ], [ -85.784063340107764, 38.185357540496867 ], [ -85.783169072955374, 38.17900961331668 ], [ -85.782843646790127, 38.177965963928322 ], [ -85.782820887152809, 38.177813277864729 ], [ -85.782746192551429, 38.176935790483761 ], [ -85.78270351437304, 38.176379788626264 ], [ -85.782731802247568, 38.176738406549354 ], [ -85.788446544168565, 38.176999981940426 ], [ -85.788263323479399, 38.179336240426082 ], [ -85.792535228093385, 38.175425582694466 ], [ -85.792855480006622, 38.175702553011256 ], [ -85.792905374049411, 38.175948603274918 ], [ -85.792313936941355, 38.179639441765957 ], [ -85.793707001563149, 38.180056104883725 ], [ -85.793575350644844, 38.181482080008927 ], [ -85.792464402178567, 38.181429375075254 ], [ -85.79218943575242, 38.183798244664111 ], [ -85.793229918871759, 38.183844112343245 ], [ -85.793222654023111, 38.184201763437272 ], [ -85.793807337977057, 38.184235252584998 ], [ -85.793393209505993, 38.186840323898053 ], [ -85.801112614605358, 38.186312236259198 ], [ -85.800605836976573, 38.184510129620222 ] ] ] } },
{ "type": "Feature", "properties": { "district": 41 }, "geometry": { "type": "Polygon", "coordinates": [ [ [ -85.709409255758217, 38.20113396971572 ], [ -85.711619508957483, 38.199867919373283 ], [ -85.712108551556824, 38.199786515820385 ], [ -85.712784154095019, 38.199289389002608 ], [ -85.714188214956195, 38.200937398867715 ], [ -85.715005030858208, 38.200841901363582 ], [ -85.715266657004904, 38.201015126003703 ], [ -85.717234473036157, 38.203013900224882 ], [ -85.717506330429856, 38.203698310069534 ], [ -85.718438478008224, 38.204682693585802 ], [ -85.719080010388765, 38.204919047241297 ], [ -85.71928586719531, 38.204508620321555 ], [ -85.719608370588091, 38.204427853935449 ], [ -85.720464769058637, 38.204301967222477 ], [ -85.720819685608461, 38.204517589177932 ], [ -85.720097606155107, 38.204853833832864 ], [ -85.719142380480605, 38.205679994781285 ], [ -85.721291131696987, 38.20722426306218 ], [ -85.720906768190545, 38.20768338421879 ], [ -85.723081815358512, 38.210981916491917 ], [ -85.732296183309771, 38.206745954397256 ], [ -85.732895560865728, 38.207681637999947 ], [ -85.732880851554398, 38.209389712245276 ], [ -85.73354346021307, 38.210359056341083 ], [ -85.734993302193516, 38.209677703786639 ], [ -85.736226843941523, 38.211725269239935 ], [ -85.733137983699791, 38.213139806922563 ], [ -85.733936878849264, 38.214225284687643 ], [ -85.735371876422803, 38.213581286054414 ], [ -85.736266876942494, 38.214795284655857 ], [ -85.734837875906535, 38.215456286444073 ], [ -85.735450167148286, 38.216289734590056 ], [ -85.733925030066573, 38.217145481326277 ], [ -85.735291413352897, 38.218893691927448 ], [ -85.733996972389704, 38.219927777510883 ], [ -85.731240423475711, 38.222671228286131 ], [ -85.729980443168358, 38.224249919009019 ], [ -85.728281045000713, 38.225214469670519 ], [ -85.726925873470421, 38.225552286819109 ], [ -85.726864876549726, 38.226526288220242 ], [ -85.726365876468392, 38.227979288639531 ], [ -85.725325874362923, 38.228353286764737 ], [ -85.724962875671125, 38.229315290124561 ], [ -85.726336874729768, 38.231171288487985 ], [ -85.729076877098436, 38.232325289280702 ], [ -85.73037402017151, 38.23453563809062 ], [ -85.725989751438277, 38.236546973919879 ], [ -85.729057128753652, 38.240469955151546 ], [ -85.727378376718661, 38.241294352423999 ], [ -85.728792080143663, 38.243091117492469 ], [ -85.728684349895673, 38.243871758515589 ], [ -85.72701476900825, 38.243748706689644 ], [ -85.728008877427015, 38.245025291759831 ], [ -85.725808876481011, 38.246162290768332 ], [ -85.726516874653356, 38.246997291151466 ], [ -85.727028103949024, 38.246721175085071 ], [ -85.727362834677805, 38.247126780472286 ], [ -85.728966015946327, 38.246240986558561 ], [ -85.731377877327532, 38.249349293068832 ], [ -85.729111879200815, 38.25165129304969 ], [ -85.727229877363328, 38.252639294014685 ], [ -85.727487878354566, 38.253532294397374 ], [ -85.726746875171841, 38.254620294738153 ], [ -85.725952877456848, 38.255311293968937 ], [ -85.723908876090235, 38.255859294601017 ], [ -85.723039876688148, 38.255825292775775 ], [ -85.721156876216909, 38.257528294605557 ], [ -85.720150226982383, 38.258059021034697 ], [ -85.719476788174859, 38.257723528386144 ], [ -85.71687316838927, 38.260134428153272 ], [ -85.711966566185424, 38.259478463049483 ], [ -85.707587295718156, 38.259693714020401 ], [ -85.704007860527611, 38.258655318488579 ], [ -85.70165845460609, 38.258313434340018 ], [ -85.701691381187885, 38.257652594310038 ], [ -85.699899491300272, 38.253820713144918 ], [ -85.698736869502383, 38.248893293451886 ], [ -85.698945883842782, 38.248526610421834 ], [ -85.699866931101653, 38.248154718082617 ], [ -85.701552128450516, 38.245545849093837 ], [ -85.705277908662794, 38.243324201643389 ], [ -85.70539217159569, 38.24253732117684 ], [ -85.706184776398004, 38.241128695714465 ], [ -85.70715543834477, 38.238562808745733 ], [ -85.707909617225113, 38.237769503294686 ], [ -85.709660623696877, 38.236782613985199 ], [ -85.708868975892017, 38.236369403920015 ], [ -85.708698321737884, 38.235906358346845 ], [ -85.708346751212318, 38.235896166653866 ], [ -85.707405983973956, 38.236157830758849 ], [ -85.705533922745985, 38.237061085676253 ], [ -85.704852356798185, 38.237150047644519 ], [ -85.704208118980986, 38.236766030807665 ], [ -85.703597077760421, 38.235529706176123 ], [ -85.701882782432406, 38.235970896798989 ], [ -85.70101684230238, 38.236005334292486 ], [ -85.701695938279641, 38.235692048408197 ], [ -85.707870692807248, 38.231569049694315 ], [ -85.705549708885599, 38.231038793968956 ], [ -85.704470105609147, 38.230618653256535 ], [ -85.697543563276611, 38.226212745047896 ], [ -85.69350446518763, 38.224376423313565 ], [ -85.685735749827799, 38.223388867747857 ], [ -85.683902110344278, 38.222614111344981 ], [ -85.681909719257845, 38.221263003168694 ], [ -85.680091713098562, 38.22219380623504 ], [ -85.681429683926353, 38.22386023201009 ], [ -85.681169271967747, 38.22389533714545 ], [ -85.658229176902424, 38.222171368672541 ], [ -85.645059913825008, 38.221015031218656 ], [ -85.625768949999184, 38.219841606688256 ], [ -85.627369017369503, 38.218854907983463 ], [ -85.625006230446417, 38.216236269087148 ], [ -85.623780307273051, 38.216934536519993 ], [ -85.622116319272251, 38.215025146180231 ], [ -85.626853177677944, 38.212760998430944 ], [ -85.624222869690684, 38.210812142417574 ], [ -85.620638836842858, 38.213262558380912 ], [ -85.618963454672638, 38.212697938924826 ], [ -85.618691310452206, 38.212316480643942 ], [ -85.619244746882245, 38.21084927721131 ], [ -85.619326113196806, 38.209742159656976 ], [ -85.619204711752857, 38.208922186647364 ], [ -85.622329843052398, 38.207068289000468 ], [ -85.623132841490332, 38.207507288768291 ], [ -85.624628266562439, 38.206496718979317 ], [ -85.62686729006316, 38.209036789231945 ], [ -85.627835845589487, 38.208404289110362 ], [ -85.628905802152104, 38.209697239978034 ], [ -85.631649845067642, 38.208220288975433 ], [ -85.632015129186826, 38.208635929392514 ], [ -85.632575406225271, 38.208361582340167 ], [ -85.63323661043809, 38.208438005859549 ], [ -85.635380035049891, 38.207163280434408 ], [ -85.6356438013039, 38.207160149446672 ], [ -85.635855533327245, 38.207390634233292 ], [ -85.636741816685259, 38.206897770011729 ], [ -85.639475848394014, 38.209836290224054 ], [ -85.641182849292008, 38.209036288311559 ], [ -85.642220846457789, 38.210225287925589 ], [ -85.644608849159255, 38.208753288240665 ], [ -85.647062853387908, 38.207714286740234 ], [ -85.648691126501774, 38.206219125663743 ], [ -85.650068996603451, 38.205274461218124 ], [ -85.657178350768518, 38.214026680824837 ], [ -85.660426853737363, 38.21254028898904 ], [ -85.659808852498443, 38.211833287779811 ], [ -85.660257855742358, 38.211639290057157 ], [ -85.660686853662398, 38.212083287187447 ], [ -85.666515854245716, 38.208956286053997 ], [ -85.665672856502297, 38.207884286346761 ], [ -85.663980853847178, 38.208787287928402 ], [ -85.662693854175217, 38.207151287347862 ], [ -85.65922085443718, 38.208882285988473 ], [ -85.659088853387217, 38.208903285904263 ], [ -85.65882685323092, 38.208555287862758 ], [ -85.661959853445865, 38.206968288854959 ], [ -85.662845854140073, 38.205305286184696 ], [ -85.665238862500672, 38.203881293215787 ], [ -85.671274855039883, 38.211282289596497 ], [ -85.67507785648958, 38.209136289027434 ], [ -85.678369859233555, 38.206784287952964 ], [ -85.680926043363399, 38.205337458191231 ], [ -85.679535085431411, 38.204445433605478 ], [ -85.678722911328521, 38.204940548313012 ], [ -85.678275776120486, 38.204607670640485 ], [ -85.67486316969439, 38.203225565022763 ], [ -85.674407435137383, 38.203162771229707 ], [ -85.674398403883899, 38.202701989409178 ], [ -85.675400433313754, 38.202556393400421 ], [ -85.675541188886825, 38.202143491032743 ], [ -85.677866037703907, 38.20113119209654 ], [ -85.678446040089753, 38.200340313949042 ], [ -85.681006994936638, 38.198976356766238 ], [ -85.682286936031502, 38.197979356566357 ], [ -85.685455121428575, 38.200510716250044 ], [ -85.686143253792949, 38.200929517985521 ], [ -85.686761862398455, 38.201060286125859 ], [ -85.688222863150088, 38.200889285052398 ], [ -85.690903863608966, 38.200969283598788 ], [ -85.691145863882952, 38.200739285271283 ], [ -85.691332861272841, 38.200747285187283 ], [ -85.691352615637797, 38.201091204244726 ], [ -85.69324493039781, 38.200868179576098 ], [ -85.696412352959555, 38.198642784145122 ], [ -85.695756357917688, 38.198537020966228 ], [ -85.695777432954898, 38.197866449272468 ], [ -85.692517990407552, 38.197170673158766 ], [ -85.692994863400202, 38.194575281573499 ], [ -85.693132862199249, 38.194513282269867 ], [ -85.692453860958167, 38.194367283593856 ], [ -85.692522863891369, 38.194013283348774 ], [ -85.693593864434135, 38.194317285321148 ], [ -85.693857862277696, 38.193046282917976 ], [ -85.698150865928, 38.194268281631921 ], [ -85.697455863805473, 38.196906282866628 ], [ -85.701325933968604, 38.196845039627618 ], [ -85.701189866966288, 38.197701282625083 ], [ -85.702956297803681, 38.197603974889859 ], [ -85.704215868519725, 38.196788284825629 ], [ -85.704016866269683, 38.196754282388859 ], [ -85.704090868914349, 38.196498285037002 ], [ -85.705198866069665, 38.195932283641362 ], [ -85.706448867980441, 38.194089283336467 ], [ -85.706948411158095, 38.193754558484741 ], [ -85.70732777172725, 38.194513558296428 ], [ -85.707921317177025, 38.196659541969538 ], [ -85.708074152873351, 38.199363460661559 ], [ -85.709409255758217, 38.20113396971572 ] ] ] } },
{ "type": "Feature", "properties": { "district": 42 }, "geometry": { "type": "Polygon", "coordinates": [ [ [ -85.762353886220652, 38.213515284707 ], [ -85.765764662124738, 38.216757966270208 ], [ -85.769911408609786, 38.220929971916959 ], [ -85.771366209831314, 38.222556109044078 ], [ -85.771963414152452, 38.223663396589465 ], [ -85.770410887664781, 38.22476228686029 ], [ -85.769004062425864, 38.226767950203168 ], [ -85.763569883886575, 38.226183286824863 ], [ -85.763644248047854, 38.225751878531028 ], [ -85.763021260287616, 38.229303007992698 ], [ -85.780997890278854, 38.231011283921134 ], [ -85.781409892324362, 38.226664284755977 ], [ -85.781715889515112, 38.226076284502668 ], [ -85.784943889645916, 38.226311316536759 ], [ -85.784625892222138, 38.229704285955862 ], [ -85.789760895615871, 38.230074286000772 ], [ -85.788531892806347, 38.233100285530597 ], [ -85.789712893218535, 38.23339928639173 ], [ -85.790087892938473, 38.232602283788438 ], [ -85.795431895676458, 38.233926286798649 ], [ -85.795060897633306, 38.234753286043365 ], [ -85.79662760944511, 38.234096406255212 ], [ -85.796403301157554, 38.236405019282898 ], [ -85.817765116573227, 38.238336919749138 ], [ -85.817857526103538, 38.237465847026968 ], [ -85.82031919951973, 38.237586237044994 ], [ -85.820047384732305, 38.239900627716167 ], [ -85.825337436437835, 38.240340573366971 ], [ -85.825520427286975, 38.23940534093235 ], [ -85.826179972927292, 38.239339404067252 ], [ -85.827838684732171, 38.238471732505701 ], [ -85.830667329685255, 38.238673897255509 ], [ -85.830619743095994, 38.239028028926249 ], [ -85.836482704268917, 38.239605029713282 ], [ -85.839159473029767, 38.239714819966565 ], [ -85.838859087870773, 38.240545469520114 ], [ -85.83833773801382, 38.244571943292456 ], [ -85.838171302210554, 38.244614551768876 ], [ -85.838068155823279, 38.245328292446416 ], [ -85.838045483710985, 38.246087984753323 ], [ -85.838194317693336, 38.246120977543029 ], [ -85.838085542193056, 38.24773048312791 ], [ -85.837368876577429, 38.250090989226997 ], [ -85.837227673196267, 38.251164837211228 ], [ -85.835124591331748, 38.251041259290226 ], [ -85.83327390857616, 38.251147286115284 ], [ -85.829436555486609, 38.2506030300692 ], [ -85.826967034255674, 38.250567466671228 ], [ -85.826699731098088, 38.254159175575197 ], [ -85.825894904671145, 38.256539747517394 ], [ -85.825860031358644, 38.256545793244442 ], [ -85.807539335347698, 38.254464216896515 ], [ -85.807309769215337, 38.255798978782678 ], [ -85.807689970667568, 38.256493883075208 ], [ -85.807505039576384, 38.2577971150032 ], [ -85.802991897713753, 38.257292289768095 ], [ -85.803146666335053, 38.256200723220893 ], [ -85.794264897785226, 38.255206290259885 ], [ -85.79394950466407, 38.257940543613884 ], [ -85.791023330677035, 38.257618723513005 ], [ -85.792094515956236, 38.251408894538137 ], [ -85.787904871644145, 38.250941285166007 ], [ -85.788207003231122, 38.249224764236921 ], [ -85.781883329367389, 38.248991883260935 ], [ -85.763567528475676, 38.246476571204596 ], [ -85.760051234437199, 38.246208510056562 ], [ -85.760559604307588, 38.24336338977114 ], [ -85.760654438134935, 38.239174650129797 ], [ -85.760266536029505, 38.239002663628384 ], [ -85.754667005839437, 38.238398134552924 ], [ -85.755341164926875, 38.234566492098999 ], [ -85.749475942068017, 38.234059279297796 ], [ -85.750003804176842, 38.230998169169794 ], [ -85.742026650867217, 38.230157969370453 ], [ -85.741919790798917, 38.230808687126306 ], [ -85.741089685904328, 38.230780515854129 ], [ -85.737251761654818, 38.228381077144348 ], [ -85.734727459638577, 38.230898147426174 ], [ -85.732898355591288, 38.229784231427217 ], [ -85.734045877217369, 38.231759288756471 ], [ -85.730667878995362, 38.23302928946822 ], [ -85.731415824363026, 38.23428723314381 ], [ -85.73037402017151, 38.23453563809062 ], [ -85.729076877098436, 38.232325289280702 ], [ -85.726336874729768, 38.231171288487985 ], [ -85.724994875554273, 38.229465287080131 ], [ -85.725325874362923, 38.228353286764737 ], [ -85.726365876468392, 38.227979288639531 ], [ -85.726864876549726, 38.226526288220242 ], [ -85.726925873470421, 38.225552286819109 ], [ -85.728281045000713, 38.225214469670519 ], [ -85.729980443168358, 38.224249919009019 ], [ -85.731240423475711, 38.222671228286131 ], [ -85.733996972389704, 38.219927777510883 ], [ -85.735291413352897, 38.218893691927448 ], [ -85.733925030066573, 38.217145481326277 ], [ -85.735450167148286, 38.216289734590056 ], [ -85.734837875906535, 38.215456286444073 ], [ -85.736266876942494, 38.214795284655857 ], [ -85.735371876422803, 38.213581286054414 ], [ -85.733936878849264, 38.214225284687643 ], [ -85.733137983699791, 38.213139806922563 ], [ -85.736226843941523, 38.211725269239935 ], [ -85.734745388394288, 38.209225477805909 ], [ -85.7382783802028, 38.208044307872534 ], [ -85.741854272986956, 38.2135934781844 ], [ -85.747000880485757, 38.211374283258586 ], [ -85.747078877518035, 38.212472284493458 ], [ -85.747581878124805, 38.212038286133613 ], [ -85.748110879900182, 38.211863285618868 ], [ -85.75125588090502, 38.211577284080434 ], [ -85.751987881111774, 38.211747284999035 ], [ -85.753637202803361, 38.21284123644763 ], [ -85.755357777650815, 38.213153892363685 ], [ -85.75510688271649, 38.214610283562301 ], [ -85.757463883442668, 38.214884285167344 ], [ -85.759398885838536, 38.215522281956382 ], [ -85.759682886221668, 38.213464282433065 ], [ -85.762269884401974, 38.213739283476677 ], [ -85.762353886220652, 38.213515284707 ] ] ] } },
{ "type": "Feature", "properties": { "district": 43 }, "geometry": { "type": "Polygon", "coordinates": [ [ [ -85.763205746828348, 38.246433911973199 ], [ -85.781883329367389, 38.248991883260935 ], [ -85.788207003231122, 38.249224764236921 ], [ -85.787904871644145, 38.250941285166007 ], [ -85.792094515956236, 38.251408894538137 ], [ -85.791023330677035, 38.257618723513005 ], [ -85.79394950466407, 38.257940543613884 ], [ -85.794264897785226, 38.255206290259885 ], [ -85.803146666335053, 38.256200723220893 ], [ -85.802991897713753, 38.257292289768095 ], [ -85.807505039576384, 38.2577971150032 ], [ -85.807689970667568, 38.256493883075208 ], [ -85.807309769215337, 38.255798978782678 ], [ -85.807539335347698, 38.254464216896515 ], [ -85.825860031358644, 38.256545793244442 ], [ -85.826699731098088, 38.254159175575197 ], [ -85.826967034255674, 38.250567466671228 ], [ -85.829436555486609, 38.2506030300692 ], [ -85.83327390857616, 38.251147286115284 ], [ -85.835124591331748, 38.251041259290226 ], [ -85.837227673196267, 38.251164837211228 ], [ -85.837128310534609, 38.252598988127424 ], [ -85.837282610704179, 38.255839031780063 ], [ -85.837609251125372, 38.257684304473052 ], [ -85.837591799284965, 38.259612001025914 ], [ -85.836915553953091, 38.262183255554525 ], [ -85.836680576909075, 38.263868960306226 ], [ -85.836044617217993, 38.265462275274594 ], [ -85.835368442253696, 38.266302929423532 ], [ -85.835403031511916, 38.266550323344525 ], [ -85.835139295815367, 38.267060614782622 ], [ -85.83387863347842, 38.268934121203493 ], [ -85.833202517620919, 38.269440214289382 ], [ -85.83241739578763, 38.271159452915924 ], [ -85.829059717416555, 38.27656003559693 ], [ -85.826745078911472, 38.278406149309589 ], [ -85.82476242563574, 38.279692281892885 ], [ -85.820975006991176, 38.281340298662393 ], [ -85.818396779174591, 38.282175678667855 ], [ -85.812197619919161, 38.283389737102127 ], [ -85.810633431649364, 38.283427973275771 ], [ -85.809602069073875, 38.283752086486913 ], [ -85.805986985187502, 38.284296007363139 ], [ -85.799554369415887, 38.285047658909193 ], [ -85.795772833474828, 38.286173312851133 ], [ -85.793544362151778, 38.287331864338888 ], [ -85.791074830021756, 38.287568049340145 ], [ -85.788055160477782, 38.288363940814122 ], [ -85.786765889587173, 38.288533849610076 ], [ -85.782158463764404, 38.288400734097856 ], [ -85.781579694938699, 38.288219673095718 ], [ -85.781183906390666, 38.288313073652851 ], [ -85.77710980292116, 38.286158689788898 ], [ -85.774010251599776, 38.285756277847085 ], [ -85.773070631562575, 38.285767156223329 ], [ -85.77155285385021, 38.284618184889204 ], [ -85.771467018019166, 38.284464462236009 ], [ -85.771598695472946, 38.284228619433833 ], [ -85.771369661311098, 38.283810885263911 ], [ -85.768917926918917, 38.282277187001448 ], [ -85.768030043658428, 38.281320987679372 ], [ -85.767147880902982, 38.281019167446743 ], [ -85.766391627569135, 38.280551473691666 ], [ -85.765950636203556, 38.279381750196499 ], [ -85.766036712536447, 38.279018963896021 ], [ -85.766638392429641, 38.278536033016735 ], [ -85.767119811741921, 38.277580389837823 ], [ -85.767022659377986, 38.276755872578612 ], [ -85.766432388783869, 38.276222994872953 ], [ -85.765177693641576, 38.276135076441754 ], [ -85.765191021255703, 38.275563411393492 ], [ -85.764771084835999, 38.275574102450982 ], [ -85.764444386923287, 38.275282938267011 ], [ -85.764696410827924, 38.274843712214995 ], [ -85.764100651482323, 38.274722630021735 ], [ -85.763052168968514, 38.273398072444053 ], [ -85.760919570911994, 38.271920497760043 ], [ -85.75866164890509, 38.27111187115085 ], [ -85.755628142042951, 38.269592800366866 ], [ -85.755090712242605, 38.26905591754057 ], [ -85.754420194743631, 38.269000632806765 ], [ -85.751479886593671, 38.268005295921114 ], [ -85.747463873965529, 38.26722117826894 ], [ -85.744113317846995, 38.267196108289305 ], [ -85.742221883612032, 38.267482294672419 ], [ -85.73776288059841, 38.269097295235447 ], [ -85.73349888094549, 38.271498297232839 ], [ -85.730107878445523, 38.273065295428943 ], [ -85.729930879962424, 38.273442298348975 ], [ -85.728080140256296, 38.274410830785669 ], [ -85.725129486969408, 38.275602450061371 ], [ -85.724704455166602, 38.275972393905107 ], [ -85.723899803446429, 38.276305930624133 ], [ -85.721337763547751, 38.277195085011428 ], [ -85.720992578652314, 38.277477156080884 ], [ -85.710664215170837, 38.282016163675031 ], [ -85.703819620486854, 38.285465354466098 ], [ -85.697974346100807, 38.278266516327484 ], [ -85.696789231210161, 38.279121494438421 ], [ -85.693178961408236, 38.276047159154665 ], [ -85.690479214008846, 38.275324850458318 ], [ -85.692410449851309, 38.274556628706257 ], [ -85.690923812408585, 38.27337586879738 ], [ -85.688845053116523, 38.272198072859034 ], [ -85.689209975316331, 38.271495322102602 ], [ -85.689261543313961, 38.270636456961974 ], [ -85.689063414821732, 38.269774488595054 ], [ -85.688485000984542, 38.268839097408609 ], [ -85.687629506721692, 38.268566069433348 ], [ -85.685785409894478, 38.268945443027029 ], [ -85.685001726381216, 38.268803145101508 ], [ -85.684402185926501, 38.268426351047012 ], [ -85.682602863739035, 38.266219297015368 ], [ -85.688439867813742, 38.26381829604464 ], [ -85.690653866296984, 38.26659729855686 ], [ -85.691702866724924, 38.266343297074449 ], [ -85.694386869951273, 38.269861297948438 ], [ -85.699649690518527, 38.267470387809887 ], [ -85.702179871949809, 38.269198296458086 ], [ -85.703175433298426, 38.270209203696034 ], [ -85.709169533178809, 38.266214240716536 ], [ -85.708709800496749, 38.265733134226529 ], [ -85.708743318703355, 38.265277508764896 ], [ -85.707687411213243, 38.263954074160544 ], [ -85.705752324731733, 38.263080157845387 ], [ -85.706360186826316, 38.261757420835814 ], [ -85.70731331052734, 38.260673939763798 ], [ -85.708602671579328, 38.260291555481224 ], [ -85.709069364693775, 38.259618295503842 ], [ -85.710262192050692, 38.259524174177741 ], [ -85.712255315960974, 38.25949923618267 ], [ -85.71687316838927, 38.260134428153272 ], [ -85.719476788174859, 38.257723528386144 ], [ -85.720150226982383, 38.258059021034697 ], [ -85.721156876216909, 38.257528294605557 ], [ -85.723039876688148, 38.255825292775775 ], [ -85.723908876090235, 38.255859294601017 ], [ -85.725952877456848, 38.255311293968937 ], [ -85.726746875171841, 38.254620294738153 ], [ -85.727487878354566, 38.253532294397374 ], [ -85.727229877363328, 38.252639294014685 ], [ -85.729111879200815, 38.25165129304969 ], [ -85.731377877327532, 38.249349293068832 ], [ -85.728966015946327, 38.246240986558561 ], [ -85.727362834677805, 38.247126780472286 ], [ -85.727028103949024, 38.246721175085071 ], [ -85.726516874653356, 38.246997291151466 ], [ -85.725808876481011, 38.246162290768332 ], [ -85.728008877427015, 38.245025291759831 ], [ -85.72701476900825, 38.243748706689644 ], [ -85.728684349895673, 38.243871758515589 ], [ -85.728792080143663, 38.243091117492469 ], [ -85.727378376718661, 38.241294352423999 ], [ -85.729057128753652, 38.240469955151546 ], [ -85.725989751438277, 38.236546973919879 ], [ -85.729278251463299, 38.234945589090437 ], [ -85.731415824363026, 38.23428723314381 ], [ -85.730667878995362, 38.23302928946822 ], [ -85.734045877217369, 38.231759288756471 ], [ -85.732898355591288, 38.229784231427217 ], [ -85.734727459638577, 38.230898147426174 ], [ -85.737251761654818, 38.228381077144348 ], [ -85.741089685904328, 38.230780515854129 ], [ -85.741919790798917, 38.230808687126306 ], [ -85.742026650867217, 38.230157969370453 ], [ -85.750003804176842, 38.230998169169794 ], [ -85.749475942068017, 38.234059279297796 ], [ -85.755341164926875, 38.234566492098999 ], [ -85.754667005839437, 38.238398134552924 ], [ -85.760266536029505, 38.239002663628384 ], [ -85.760654438134935, 38.239174650129797 ], [ -85.760559604307588, 38.24336338977114 ], [ -85.760051234437199, 38.246208510056562 ], [ -85.763205746828348, 38.246433911973199 ] ] ] } },
{ "type": "Feature", "properties": { "district": 44 }, "geometry": { "type": "Polygon", "coordinates": [ [ [ -85.885032639135702, 38.118236674686081 ], [ -85.885279089254283, 38.117349798490523 ], [ -85.884929487216752, 38.115986187592078 ], [ -85.885163405300801, 38.115953467862504 ], [ -85.90076967048843, 38.11670377821396 ], [ -85.906134946291402, 38.116996309498084 ], [ -85.90663612459764, 38.119409524966606 ], [ -85.90808551949398, 38.129602670081958 ], [ -85.909093743971198, 38.142352316218371 ], [ -85.908669825196256, 38.14927724490456 ], [ -85.908234148854774, 38.153164128630181 ], [ -85.908159695020743, 38.158274839140262 ], [ -85.907466223849809, 38.16281088416865 ], [ -85.906939068817138, 38.165527768724495 ], [ -85.90617706198131, 38.167916759820521 ], [ -85.903443984585635, 38.174227284913293 ], [ -85.899066704631508, 38.18127839068179 ], [ -85.896046828371723, 38.185460968969203 ], [ -85.886220462086499, 38.197113086180124 ], [ -85.881894442936101, 38.201633044505158 ], [ -85.88085756127505, 38.20240591546002 ], [ -85.877872224309328, 38.205190608012188 ], [ -85.877540055229545, 38.205676390562651 ], [ -85.874491770630016, 38.208006454404654 ], [ -85.869976685984227, 38.210683820985629 ], [ -85.861622729428788, 38.216114671369276 ], [ -85.856924344009244, 38.218830438234633 ], [ -85.85565790818147, 38.219957093378184 ], [ -85.854678180112728, 38.220446384012639 ], [ -85.851670090731503, 38.222617000773766 ], [ -85.850105969291391, 38.224474986038551 ], [ -85.847573392427833, 38.227073788320766 ], [ -85.844044263314132, 38.231573649485739 ], [ -85.841700564713648, 38.235139745869297 ], [ -85.840692341815057, 38.237034947929374 ], [ -85.840302586987804, 38.23737361725096 ], [ -85.839159473029767, 38.239714819966565 ], [ -85.836482704268917, 38.239605029713282 ], [ -85.830619743095994, 38.239028028926249 ], [ -85.830667329685255, 38.238673897255509 ], [ -85.827838684732171, 38.238471732505701 ], [ -85.826179972927292, 38.239339404067252 ], [ -85.825520427286975, 38.23940534093235 ], [ -85.825337436437835, 38.240340573366971 ], [ -85.820047384732305, 38.239900627716167 ], [ -85.82031919951973, 38.237586237044994 ], [ -85.817857526103538, 38.237465847026968 ], [ -85.817765116573227, 38.238336919749138 ], [ -85.796403301157554, 38.236405019282898 ], [ -85.796627606303019, 38.234096258677951 ], [ -85.798184761933456, 38.233436068327158 ], [ -85.799046639567564, 38.227190473071374 ], [ -85.800051956372684, 38.224635170340626 ], [ -85.800178013342901, 38.223716187842236 ], [ -85.80932525415183, 38.224407814261824 ], [ -85.81796119524266, 38.215451964387945 ], [ -85.817539871055672, 38.215449823114284 ], [ -85.807150216482327, 38.209599564598797 ], [ -85.807481889973516, 38.206632277467058 ], [ -85.807283896153933, 38.206519281708168 ], [ -85.811270368784037, 38.206731760740105 ], [ -85.811542489208847, 38.205146186494169 ], [ -85.811806840912865, 38.205031337273837 ], [ -85.812913479153167, 38.205084497425958 ], [ -85.813177942205371, 38.201818050524466 ], [ -85.811176941300289, 38.201694358198068 ], [ -85.811600357151306, 38.19918011860203 ], [ -85.811910241151011, 38.194407754982045 ], [ -85.814862928191545, 38.194535005262026 ], [ -85.815360899473319, 38.189739276757429 ], [ -85.815006696538234, 38.189717864664985 ], [ -85.815537315917879, 38.189747861400718 ], [ -85.816630504171513, 38.18981728522899 ], [ -85.821991756406732, 38.19017980561302 ], [ -85.822060927555015, 38.189572848208023 ], [ -85.826532867311172, 38.189889627471374 ], [ -85.826559413527022, 38.189740192889111 ], [ -85.830176368548294, 38.189899256228856 ], [ -85.829422772828067, 38.188429107498884 ], [ -85.828133352830591, 38.187229117575427 ], [ -85.828535929482811, 38.181911313597048 ], [ -85.82718753677355, 38.18188258440108 ], [ -85.827285773867132, 38.18149826720532 ], [ -85.822150001007913, 38.18308709578892 ], [ -85.819889747316338, 38.183017970959625 ], [ -85.818419228221515, 38.183193331958115 ], [ -85.816009671607318, 38.184062668298225 ], [ -85.814804683805846, 38.184305936032608 ], [ -85.813623895496477, 38.184325277491702 ], [ -85.816051919021433, 38.180941308754718 ], [ -85.819106017889638, 38.177951310821179 ], [ -85.823729952219807, 38.173992100090395 ], [ -85.819552539070656, 38.171259927078978 ], [ -85.826011652106445, 38.162549130142587 ], [ -85.825876628813759, 38.162748573773705 ], [ -85.830309806546737, 38.164926257192583 ], [ -85.83456677851936, 38.156130226453485 ], [ -85.845303821305919, 38.157178564858498 ], [ -85.847880350649788, 38.157890246000413 ], [ -85.848516719501134, 38.158206931802916 ], [ -85.846930904403706, 38.163343270283782 ], [ -85.846845903791078, 38.164246272457547 ], [ -85.844498657886561, 38.162971353888906 ], [ -85.843960234887035, 38.164305407684729 ], [ -85.842594376257722, 38.165140360095272 ], [ -85.841806832806597, 38.166176028722361 ], [ -85.840997730342394, 38.166912672083008 ], [ -85.841263195275914, 38.167157521367749 ], [ -85.84221028459875, 38.166679159486968 ], [ -85.844571045704569, 38.1667053024632 ], [ -85.844914455501183, 38.166879208699783 ], [ -85.84623448045032, 38.1669478860059 ], [ -85.84738379313842, 38.16668664925912 ], [ -85.847992799269306, 38.169136070518476 ], [ -85.848656429742462, 38.170038027322967 ], [ -85.850742048672615, 38.171444965256704 ], [ -85.852874244884816, 38.172087276560688 ], [ -85.853326347947458, 38.172126987932813 ], [ -85.853967908179413, 38.171876269101375 ], [ -85.862371911480466, 38.168360269415778 ], [ -85.867405912189525, 38.168605270538961 ], [ -85.867733913151582, 38.169346270476964 ], [ -85.867757912937364, 38.169954269593241 ], [ -85.868047238746712, 38.169974281560073 ], [ -85.870348892274563, 38.167063091609869 ], [ -85.865547912038977, 38.164810220493273 ], [ -85.87025029242146, 38.149192678382768 ], [ -85.871757185488036, 38.146087983686797 ], [ -85.871891084825194, 38.144513087788603 ], [ -85.874224272474905, 38.131039354084912 ], [ -85.87777423199735, 38.131074640859595 ], [ -85.877675637771247, 38.130632827299721 ], [ -85.877783889703167, 38.130474074107624 ], [ -85.877498469885694, 38.130048679839653 ], [ -85.877369939090855, 38.129292003592255 ], [ -85.877425259431476, 38.12601014391614 ], [ -85.877745298085074, 38.125756540825108 ], [ -85.877386964353406, 38.124425477435487 ], [ -85.878613676029133, 38.12262829780807 ], [ -85.878377935713047, 38.121561124893113 ], [ -85.880216677262169, 38.120990627407657 ], [ -85.881247284715954, 38.121116246479367 ], [ -85.88187661785895, 38.120562748921024 ], [ -85.883301421069532, 38.120047772025671 ], [ -85.885032639135702, 38.118236674686081 ] ] ] } },
{ "type": "Feature", "properties": { "district": 46 }, "geometry": { "type": "Polygon", "coordinates": [ [ [ -85.613440618928607, 38.13764933560649 ], [ -85.614285109860461, 38.128103336031664 ], [ -85.615242604142978, 38.128090315670278 ], [ -85.619801566306791, 38.126939433957276 ], [ -85.62092486778468, 38.126834915384812 ], [ -85.626657574734381, 38.125345091180684 ], [ -85.628383560867562, 38.124637343448093 ], [ -85.629314518902248, 38.124545316126898 ], [ -85.629385630422917, 38.123682452305971 ], [ -85.629583317393283, 38.123616974754981 ], [ -85.633970779667166, 38.123076811489341 ], [ -85.637072236596168, 38.123866850953576 ], [ -85.638819453165056, 38.123930418378997 ], [ -85.643153284391403, 38.122850285790093 ], [ -85.641860841192397, 38.13940727470527 ], [ -85.642082844126605, 38.139659276273719 ], [ -85.643472843536955, 38.139857274099811 ], [ -85.643704846144516, 38.140148274883401 ], [ -85.643503842831038, 38.147783275617535 ], [ -85.643549821886225, 38.146969649890863 ], [ -85.655029589755401, 38.147718282504201 ], [ -85.657221916215065, 38.149001942222668 ], [ -85.657640588528537, 38.149054920170201 ], [ -85.659919567638696, 38.148614669514828 ], [ -85.660091222737663, 38.144721862449771 ], [ -85.669086564631343, 38.145291401953529 ], [ -85.668960872911484, 38.146855911063369 ], [ -85.677841855817562, 38.147199276514769 ], [ -85.678053856116549, 38.147338272878365 ], [ -85.677980320330946, 38.149280500746563 ], [ -85.665577943578413, 38.148667186062283 ], [ -85.665007761707969, 38.14846692033943 ], [ -85.662765415612697, 38.148329570848212 ], [ -85.66214094051773, 38.148357731535654 ], [ -85.659894385423158, 38.149054033420057 ], [ -85.659674395606061, 38.153779128161872 ], [ -85.660055112762493, 38.161615112030319 ], [ -85.659391265473715, 38.172018296174272 ], [ -85.644140846812107, 38.171731280365371 ], [ -85.643224845196968, 38.171918280688708 ], [ -85.639913992866866, 38.171752284680117 ], [ -85.639375679492431, 38.173815409286874 ], [ -85.631981588184658, 38.173587868831525 ], [ -85.628668842627064, 38.173276438696639 ], [ -85.62696695804847, 38.173271271555059 ], [ -85.62615993909418, 38.173447056686513 ], [ -85.622921585456368, 38.173416112620863 ], [ -85.622575870786847, 38.178835202556684 ], [ -85.63997850985406, 38.188316794466914 ], [ -85.639322085645659, 38.189086627017545 ], [ -85.638493728035741, 38.189122147515548 ], [ -85.637708778025242, 38.189859349220868 ], [ -85.636695099873393, 38.189210047996724 ], [ -85.635896166128433, 38.189967657655302 ], [ -85.634389115257491, 38.189082603645581 ], [ -85.632433117742053, 38.188855021543183 ], [ -85.631742027079781, 38.188995456396647 ], [ -85.631400696304723, 38.189252932480272 ], [ -85.631148603711551, 38.190178340441349 ], [ -85.625818126512414, 38.189882140324556 ], [ -85.625776041850457, 38.190381421265187 ], [ -85.630498190842687, 38.190641316551634 ], [ -85.630341500714309, 38.192274160748646 ], [ -85.625661124440271, 38.192004070949956 ], [ -85.625263283531041, 38.196766030789746 ], [ -85.633648881710471, 38.195542361600978 ], [ -85.633734845577806, 38.195715288088621 ], [ -85.6327594572831, 38.198034257335117 ], [ -85.630856845467648, 38.197991287879859 ], [ -85.630660894783389, 38.200259794158853 ], [ -85.631959846819385, 38.201798286405719 ], [ -85.631485844555812, 38.202015286307976 ], [ -85.63163272785313, 38.20218034929038 ], [ -85.629045844085624, 38.203503289794121 ], [ -85.623132841490332, 38.207507288768291 ], [ -85.622384842165417, 38.207046289681564 ], [ -85.622135274982782, 38.207167061633712 ], [ -85.618330876152925, 38.202822802290726 ], [ -85.619931526546424, 38.201943966496728 ], [ -85.6097870477101, 38.199222073297854 ], [ -85.605585844318242, 38.199067636681647 ], [ -85.60317666225852, 38.198564045345016 ], [ -85.600413691361595, 38.198867631351582 ], [ -85.599256194938278, 38.19880653882214 ], [ -85.599410834012843, 38.196974287303206 ], [ -85.600053835136833, 38.195750287814157 ], [ -85.600060833454975, 38.193117289467267 ], [ -85.595513835366773, 38.192851286563638 ], [ -85.595785713353834, 38.188824456447442 ], [ -85.595553116365366, 38.188344199111576 ], [ -85.595015160058253, 38.188001646395882 ], [ -85.595975726332043, 38.183736938324579 ], [ -85.590438432422602, 38.183365301002084 ], [ -85.590207023900092, 38.182606454174788 ], [ -85.590485137319405, 38.181744864361271 ], [ -85.591003903128708, 38.181079787663691 ], [ -85.590771457719029, 38.180101938511662 ], [ -85.591177606578171, 38.179180001156354 ], [ -85.591099725402799, 38.177742887506213 ], [ -85.590293066468135, 38.17753465545384 ], [ -85.587026755888928, 38.17591618627052 ], [ -85.584917489233803, 38.175883957175657 ], [ -85.584423904430068, 38.175096523082949 ], [ -85.584226593947719, 38.17399986960173 ], [ -85.578587034953173, 38.173733599421908 ], [ -85.572965355293817, 38.173221856109699 ], [ -85.572867858421063, 38.171729491048019 ], [ -85.572691523599971, 38.171221198584071 ], [ -85.569351633554419, 38.166217508225024 ], [ -85.569659108667139, 38.166022310459638 ], [ -85.570076026732039, 38.165114881272054 ], [ -85.571086932236042, 38.164083869493595 ], [ -85.571252087625211, 38.163691336280621 ], [ -85.572312148157721, 38.156547372040883 ], [ -85.574483538511132, 38.15668949156138 ], [ -85.574725504527905, 38.157168419678783 ], [ -85.575378282648032, 38.157584622972323 ], [ -85.577297174695261, 38.157538772864037 ], [ -85.579134465921086, 38.158000928187683 ], [ -85.581831988071244, 38.158403143031492 ], [ -85.583438438143958, 38.15897670316928 ], [ -85.588057266876859, 38.159838499471533 ], [ -85.588582079330948, 38.158421995958065 ], [ -85.591193876596066, 38.158096846848878 ], [ -85.590939957786773, 38.157549678218558 ], [ -85.591485958338779, 38.157239512694019 ], [ -85.592058830951544, 38.155173281193022 ], [ -85.597631049203102, 38.155420469272144 ], [ -85.597845434880085, 38.154665760150451 ], [ -85.598238832453816, 38.154002280909509 ], [ -85.598548938642978, 38.152536504451824 ], [ -85.598391938017372, 38.151762098345365 ], [ -85.59820086206021, 38.151640090958061 ], [ -85.598428331704199, 38.151177671547863 ], [ -85.602003131814271, 38.151322679862105 ], [ -85.602240291195059, 38.148810841375763 ], [ -85.606245833937876, 38.148987280427441 ], [ -85.606792831990631, 38.143983277606068 ], [ -85.601131307353725, 38.143673963130759 ], [ -85.601023002833301, 38.143459713536004 ], [ -85.601153992757773, 38.141168032872628 ], [ -85.600623989300416, 38.13988433199237 ], [ -85.603122803069425, 38.138630857588673 ], [ -85.60643943529459, 38.138641484278004 ], [ -85.60960813291257, 38.137527679933179 ], [ -85.613440618928607, 38.13764933560649 ] ] ] } },
{ "type": "Feature", "properties": { "district": 48 }, "geometry": { "type": "Polygon", "coordinates": [ [ [ -85.645650047801794, 38.27412733410069 ], [ -85.654951066162255, 38.269477899888322 ], [ -85.657985589354752, 38.268182726551608 ], [ -85.661768140470713, 38.2669286654383 ], [ -85.672050201904639, 38.264198821080818 ], [ -85.67276386314515, 38.265291299334741 ], [ -85.672626862416934, 38.265363297947687 ], [ -85.674869861808745, 38.267950298114691 ], [ -85.67955786267855, 38.267220298833386 ], [ -85.682761853118436, 38.266419992210018 ], [ -85.684402185926501, 38.268426351047012 ], [ -85.685001726381216, 38.268803145101508 ], [ -85.685785409894478, 38.268945443027029 ], [ -85.687629506721692, 38.268566069433348 ], [ -85.688485000984542, 38.268839097408609 ], [ -85.689063414821732, 38.269774488595054 ], [ -85.689261543313961, 38.270636456961974 ], [ -85.689209975316331, 38.271495322102602 ], [ -85.688845053116523, 38.272198072859034 ], [ -85.690923812408585, 38.27337586879738 ], [ -85.692410449851309, 38.274556628706257 ], [ -85.690479214008846, 38.275324850458318 ], [ -85.693178961408236, 38.276047159154665 ], [ -85.696789231210161, 38.279121494438421 ], [ -85.697974346100807, 38.278266516327484 ], [ -85.703819620486854, 38.285465354466098 ], [ -85.700196240122182, 38.287364267272217 ], [ -85.690201840503519, 38.291926963377279 ], [ -85.683108473272071, 38.295499943373542 ], [ -85.680171574192741, 38.297165864853959 ], [ -85.673959656250972, 38.301853833059255 ], [ -85.672998332643985, 38.303274567485012 ], [ -85.673003550059761, 38.30352288092719 ], [ -85.672162287216167, 38.304877772222071 ], [ -85.67123702960059, 38.306844760957951 ], [ -85.670385888884468, 38.307939023025426 ], [ -85.667862065440318, 38.310379061209076 ], [ -85.665320576815375, 38.31358940393423 ], [ -85.66158853741176, 38.317655126535627 ], [ -85.659428555632957, 38.319675858502499 ], [ -85.658689365604545, 38.320071310632969 ], [ -85.658385691091908, 38.320697529434035 ], [ -85.656700978947171, 38.322652392417311 ], [ -85.655509290599525, 38.323734021095113 ], [ -85.654369094661845, 38.325359637606304 ], [ -85.651521463171662, 38.330269836290768 ], [ -85.651280907900684, 38.331489000133544 ], [ -85.644314860531935, 38.346024315407121 ], [ -85.642342756525565, 38.353622233298175 ], [ -85.639380613295984, 38.361113452796566 ], [ -85.638629968206018, 38.36386537933739 ], [ -85.638452162908422, 38.366671606298858 ], [ -85.638285982480966, 38.377333088014645 ], [ -85.637814273922473, 38.380238228039438 ], [ -85.626561604282983, 38.374146575014464 ], [ -85.569267822019754, 38.341707995685866 ], [ -85.578281861377931, 38.341064419978203 ], [ -85.584482149114677, 38.339800575550498 ], [ -85.58525447226711, 38.339422386477978 ], [ -85.57470336483145, 38.333951164742075 ], [ -85.561239710158176, 38.337148522180634 ], [ -85.526810157933554, 38.317970838320697 ], [ -85.532340826531183, 38.317522314109915 ], [ -85.539527739394174, 38.317693093569822 ], [ -85.545340328799412, 38.317267097274815 ], [ -85.547735827224741, 38.317567312945073 ], [ -85.553243831713786, 38.317447312519626 ], [ -85.560296569749184, 38.315907293318354 ], [ -85.56426425203334, 38.314346978878135 ], [ -85.568037472678782, 38.312401036607426 ], [ -85.570212282724086, 38.311002072027208 ], [ -85.572970837858691, 38.308960310552138 ], [ -85.57754863639471, 38.305165421478513 ], [ -85.576035203819742, 38.303848025599656 ], [ -85.574706128214928, 38.304878449261842 ], [ -85.573796820823191, 38.305253896183395 ], [ -85.572991408241819, 38.305283804849751 ], [ -85.570511142601291, 38.304825680628909 ], [ -85.568742484283419, 38.304972060429748 ], [ -85.568485245380671, 38.304385283269404 ], [ -85.567444880010413, 38.303519169344412 ], [ -85.566296376997798, 38.302135054349257 ], [ -85.565741526794397, 38.301141631983384 ], [ -85.565704118730608, 38.300783307746499 ], [ -85.565882967942443, 38.300364218023724 ], [ -85.566718347875877, 38.299731927535397 ], [ -85.567870331386573, 38.298159911779969 ], [ -85.568977541917846, 38.29773965445505 ], [ -85.570158992157076, 38.297713544448357 ], [ -85.570422402823525, 38.297059811531398 ], [ -85.570905499167509, 38.296913990193033 ], [ -85.571522011570735, 38.296983586486967 ], [ -85.571946778057338, 38.296302512289266 ], [ -85.572973268250607, 38.295767730985503 ], [ -85.573171378791471, 38.295089217670558 ], [ -85.574228382418738, 38.294452027840784 ], [ -85.574816154142056, 38.294700577556483 ], [ -85.575084836316123, 38.295001307328548 ], [ -85.576769836665747, 38.295461308454364 ], [ -85.574036836894905, 38.296836307827917 ], [ -85.575273835716757, 38.299085307397597 ], [ -85.577463835781415, 38.298241307300039 ], [ -85.578203837977725, 38.2996033089318 ], [ -85.578540839593302, 38.299363309022326 ], [ -85.581744062636446, 38.302380592901883 ], [ -85.58273783695499, 38.302173307870497 ], [ -85.584256840261119, 38.30283230952729 ], [ -85.58541383851599, 38.303008310720742 ], [ -85.587196863466005, 38.302375456177494 ], [ -85.589404839408076, 38.302039308202524 ], [ -85.592295841039785, 38.30063730829179 ], [ -85.592682447792583, 38.300441468700349 ], [ -85.587410787246256, 38.293731313030051 ], [ -85.586872457967687, 38.293319872943009 ], [ -85.58630703227486, 38.293134100205279 ], [ -85.583829251410137, 38.292933779550751 ], [ -85.583018072351265, 38.29268384143068 ], [ -85.582456590227196, 38.292290661030776 ], [ -85.581390509967406, 38.29097413381912 ], [ -85.58925587752708, 38.287165951516606 ], [ -85.597682879145154, 38.297972555936305 ], [ -85.600936494115189, 38.296334904597543 ], [ -85.606023845939049, 38.292407306592189 ], [ -85.607141115468238, 38.29225255238719 ], [ -85.608867696452592, 38.292490145139567 ], [ -85.611917989363675, 38.292430935285338 ], [ -85.613947770785131, 38.291756060472913 ], [ -85.616130932352149, 38.290542675725106 ], [ -85.6168686856996, 38.291353739039742 ], [ -85.617762624821324, 38.291015364619291 ], [ -85.619217333278698, 38.290847886609008 ], [ -85.619744759655191, 38.290522867223643 ], [ -85.620648635162908, 38.291057240777377 ], [ -85.621671149844161, 38.291184868171989 ], [ -85.621580676479681, 38.291997375422063 ], [ -85.620702436463816, 38.292430091600224 ], [ -85.620684154399697, 38.29282217179648 ], [ -85.621003348971399, 38.293187474889159 ], [ -85.620149634559965, 38.293903450629934 ], [ -85.621447752550466, 38.294506308666051 ], [ -85.621300898698024, 38.295287976913251 ], [ -85.621763512717166, 38.295909911688092 ], [ -85.62252295671064, 38.296151155045351 ], [ -85.623251078383902, 38.296070596860254 ], [ -85.62581831549538, 38.294567197701099 ], [ -85.62634923456892, 38.293897446909121 ], [ -85.626882537510028, 38.292549511248836 ], [ -85.628435911389118, 38.292932003896716 ], [ -85.629622702087872, 38.289090587664369 ], [ -85.630635844674202, 38.290352823824819 ], [ -85.63629985363184, 38.287224305412309 ], [ -85.633033849794586, 38.283204304303396 ], [ -85.635449853020972, 38.280649302308674 ], [ -85.63819985281161, 38.278346300952201 ], [ -85.640916234838372, 38.276680690923683 ], [ -85.645650047801794, 38.27412733410069 ] ] ] } }
]
}
