{
"type": "FeatureCollection",
"name": "metro_all",
"crs": { "type": "name", "properties": { "name": "urn:ogc:def:crs:OGC:1.3:CRS84" } },
"features": [
{ "type": "Feature", "properties": { "district": 1 }, "geometry": { "type": "Polygon", "coordinates": [ [ [ -85.819213380479454, 38.25027507699307 ], [ -85.819271046507069, 38.249610688034601 ], [ -85.819921534779141, 38.249648882176061 ], [ -85.820117465540932, 38.246829479276307 ], [ -85.820865779047011, 38.246902576583203 ], [ -85.821112365721262, 38.244189242064778 ], [ -85.81617706080327, 38.243743853680158 ], [ -85.815701081938741, 38.246439982938853 ], [ -85.805896900403184, 38.245561288604868 ], [ -85.805745902859343, 38.249823288027592 ], [ -85.802382222040421, 38.249709546346189 ], [ -85.802489411391306, 38.245195625822234 ], [ -85.802663957551331, 38.243929436578519 ], [ -85.800986897373249, 38.243757288196008 ], [ -85.801225898711536, 38.242424286644727 ], [ -85.79574892751053, 38.241941290079112 ], [ -85.796627606424181, 38.234096258600289 ], [ -85.798184762342629, 38.233436068407485 ], [ -85.798609227472497, 38.230332143650891 ], [ -85.802496198171283, 38.230674302601692 ], [ -85.80232323158252, 38.231929290667225 ], [ -85.808286990824527, 38.232102518818422 ], [ -85.808859072387875, 38.227465816145106 ], [ -85.807851361279845, 38.227385202515393 ], [ -85.807504128373168, 38.227180091566289 ], [ -85.806775006288433, 38.227085782675239 ], [ -85.816481024020518, 38.21690082268929 ], [ -85.824604034930331, 38.209039277270861 ], [ -85.832738988068641, 38.202838560713253 ], [ -85.827247852219372, 38.202552814400384 ], [ -85.827294952192702, 38.200914376473342 ], [ -85.827574047902658, 38.199207053343919 ], [ -85.828230327647177, 38.197174972093265 ], [ -85.830241148076638, 38.192294690515226 ], [ -85.830400469839844, 38.191339606050853 ], [ -85.83032476654968, 38.190338624710805 ], [ -85.83266090577726, 38.190396140116583 ], [ -85.832781723317638, 38.190026809732743 ], [ -85.830176959383962, 38.189907212649707 ], [ -85.829907734462736, 38.189156854713318 ], [ -85.829422772267421, 38.18842910727659 ], [ -85.828133352379112, 38.187229117479809 ], [ -85.828531301892298, 38.181969024141019 ], [ -85.833531935291063, 38.182174120725058 ], [ -85.833702995268453, 38.180104616029496 ], [ -85.833831091677354, 38.180014551895667 ], [ -85.846472340252788, 38.181000216598214 ], [ -85.846635518702669, 38.179840278071211 ], [ -85.846931785967357, 38.179339722909347 ], [ -85.848221887720783, 38.17844998070337 ], [ -85.848822780564177, 38.178763932925079 ], [ -85.851594207396417, 38.175976734779425 ], [ -85.849447906708804, 38.172362270538287 ], [ -85.849202048744331, 38.171568500912173 ], [ -85.848784905239015, 38.172216270544837 ], [ -85.846460903345019, 38.171749271156727 ], [ -85.848789907815927, 38.175803272157793 ], [ -85.846922903398792, 38.177707272535038 ], [ -85.845075011398521, 38.176682927449086 ], [ -85.844436807765234, 38.176490334453327 ], [ -85.834945951315305, 38.176016811647308 ], [ -85.835204128427392, 38.172858532345799 ], [ -85.841834246563366, 38.173129409913145 ], [ -85.840351270658246, 38.169832600580925 ], [ -85.840527045353596, 38.168162182506606 ], [ -85.841213535977232, 38.167112195954154 ], [ -85.841899562103492, 38.166756949700677 ], [ -85.844571045133321, 38.166705302386212 ], [ -85.844914455668956, 38.166879208760101 ], [ -85.84623448030888, 38.166947886041172 ], [ -85.847383793613687, 38.166686649524635 ], [ -85.847992799406924, 38.169136070630671 ], [ -85.848656429859261, 38.170038026910888 ], [ -85.850742048346419, 38.171444965475764 ], [ -85.852874245026356, 38.172087276835803 ], [ -85.853344070834808, 38.172128464337248 ], [ -85.862371911651834, 38.168360269845415 ], [ -85.867405911709341, 38.168605270492428 ], [ -85.867733913008507, 38.169346270493499 ], [ -85.867757913372145, 38.169954269844865 ], [ -85.868047238252871, 38.169974281434108 ], [ -85.870348892758045, 38.16706309164222 ], [ -85.868248058131172, 38.166095567183099 ], [ -85.868547117240496, 38.165443584742363 ], [ -85.868741208056775, 38.164053521468936 ], [ -85.869085870732562, 38.163387995839578 ], [ -85.87028249733558, 38.162087056314121 ], [ -85.871642739024992, 38.160921646353565 ], [ -85.872900034742543, 38.160248169247609 ], [ -85.874121172234339, 38.159920712763771 ], [ -85.878605736618709, 38.160303631064643 ], [ -85.88028795804766, 38.160083457678894 ], [ -85.881289230296588, 38.159581082681889 ], [ -85.882543821672087, 38.158651101077133 ], [ -85.882929946651174, 38.158018650850863 ], [ -85.88308838780938, 38.157262913420851 ], [ -85.88467291645722, 38.157525268003226 ], [ -85.883721917551526, 38.159420268812383 ], [ -85.88164691694034, 38.161162267016593 ], [ -85.884566915665872, 38.163549269126996 ], [ -85.889927920265194, 38.166333269689567 ], [ -85.891310921216302, 38.166567268715276 ], [ -85.892470916792945, 38.166121267651484 ], [ -85.892779920627646, 38.166427267170988 ], [ -85.892002917927357, 38.169695269437099 ], [ -85.890446308223915, 38.174290203055826 ], [ -85.890087920491268, 38.175166268430644 ], [ -85.88958469209625, 38.175414653167039 ], [ -85.895370439453245, 38.17857092846166 ], [ -85.899673218802349, 38.180330917202681 ], [ -85.898287126391594, 38.182384723820498 ], [ -85.894757614837488, 38.187055974295127 ], [ -85.890718484762189, 38.191641913240403 ], [ -85.886220461861512, 38.197113086555341 ], [ -85.881894442568367, 38.201633044866107 ], [ -85.880857560961928, 38.202405915889344 ], [ -85.877872224014979, 38.205190608361576 ], [ -85.877540055480338, 38.205676390735093 ], [ -85.87449177023575, 38.208006454840572 ], [ -85.869976685450581, 38.210683820699529 ], [ -85.861622729131227, 38.216114671370327 ], [ -85.856924343682962, 38.218830438340404 ], [ -85.855657908296408, 38.21995709374638 ], [ -85.854678180425864, 38.220446384327502 ], [ -85.851670091306048, 38.222617000971319 ], [ -85.85010596899663, 38.224474985638551 ], [ -85.84757339252586, 38.227073788409704 ], [ -85.844044263811853, 38.231573649460316 ], [ -85.841700564212005, 38.235139746105823 ], [ -85.840692341766527, 38.237034948109127 ], [ -85.840302586454683, 38.23737361745539 ], [ -85.839159473192666, 38.239714820087642 ], [ -85.836482704550676, 38.239605029431324 ], [ -85.830619743197005, 38.239028028644213 ], [ -85.830529215174153, 38.23972800048643 ], [ -85.828128587122592, 38.239512632839954 ], [ -85.827845905916092, 38.2429732856369 ], [ -85.826644906858391, 38.242865287141029 ], [ -85.826426905663425, 38.243450287055538 ], [ -85.826325927222598, 38.244657080423366 ], [ -85.824443904571979, 38.244488284893812 ], [ -85.824196907619921, 38.245725287810195 ], [ -85.825403905277653, 38.245934285802086 ], [ -85.82498644151076, 38.25047164839048 ], [ -85.819213380479454, 38.25027507699307 ] ] ] } },
{ "type": "Feature", "properties": { "district": 2 }, "geometry": { "type": "Polygon", "coordinates": [ [ [ -85.649216609752116, 38.193256935104557 ], [ -85.639978509594016, 38.188316798105205 ], [ -85.639562144238567, 38.188796958506586 ], [ -85.638601845129159, 38.188324283539394 ], [ -85.637773845924698, 38.188982285324997 ], [ -85.637359846373897, 38.188915285524601 ], [ -85.636660844857886, 38.18847828601853 ], [ -85.636315846436418, 38.188744285619443 ], [ -85.635883846242436, 38.188734285246632 ], [ -85.635425845071481, 38.18901828415644 ], [ -85.634158846027944, 38.188344285402472 ], [ -85.632312847262867, 38.188153285930305 ], [ -85.631898843357149, 38.18818028354417 ], [ -85.631774842172632, 38.188353284718879 ], [ -85.630970844645134, 38.18818328475632 ], [ -85.630077843809147, 38.187559286176651 ], [ -85.62867984306672, 38.187458285764052 ], [ -85.626886843802936, 38.186423282801613 ], [ -85.626138761240369, 38.186178810576244 ], [ -85.626554343257808, 38.181724544284556 ], [ -85.626852204035288, 38.181209937549404 ], [ -85.622575870523974, 38.178835202819243 ], [ -85.623093385477958, 38.169883791492474 ], [ -85.622852821794865, 38.168941259218919 ], [ -85.623306842257279, 38.168603283665433 ], [ -85.623190840895319, 38.16746728234849 ], [ -85.623311839189327, 38.167300281850181 ], [ -85.624197839530026, 38.167072280174594 ], [ -85.6253318392815, 38.167044281788151 ], [ -85.625636842495979, 38.167182282707167 ], [ -85.626195842227389, 38.166800279556782 ], [ -85.626082842361598, 38.165803282445751 ], [ -85.626428838811137, 38.165308279739051 ], [ -85.628581843172569, 38.165140280090327 ], [ -85.629631842851566, 38.16487827946932 ], [ -85.629617842267194, 38.164680279458153 ], [ -85.630177840471688, 38.16418228086345 ], [ -85.629883843180608, 38.162885279336081 ], [ -85.629967842204692, 38.162629281413565 ], [ -85.631017840911923, 38.162104278590157 ], [ -85.631615844128831, 38.162289279146115 ], [ -85.632634841936721, 38.161994281788807 ], [ -85.633836842366648, 38.161099280591031 ], [ -85.634093844368849, 38.160620280420048 ], [ -85.635215840582958, 38.160275279631051 ], [ -85.635326841613406, 38.159095280319171 ], [ -85.635742843995416, 38.158635280778711 ], [ -85.636619842704022, 38.158504280156095 ], [ -85.637175842687682, 38.159016277864737 ], [ -85.637075845585898, 38.159451278962933 ], [ -85.637362843580462, 38.160140280096584 ], [ -85.637439841477473, 38.160826278699936 ], [ -85.638447844183375, 38.161269281646526 ], [ -85.638886844452173, 38.160817280293664 ], [ -85.639261842986286, 38.160037279300589 ], [ -85.639792845706936, 38.160242281061706 ], [ -85.640560867454411, 38.162195255282569 ], [ -85.640676267766366, 38.163216726615801 ], [ -85.639948846858829, 38.171298280671458 ], [ -85.65938876477793, 38.171688280798108 ], [ -85.660055112472833, 38.161615111708528 ], [ -85.659674395136506, 38.153779127917566 ], [ -85.659894385104948, 38.149054033103859 ], [ -85.660898005658566, 38.148722385310641 ], [ -85.662140941068287, 38.148357731393872 ], [ -85.662765415416231, 38.14832957075668 ], [ -85.665007761595291, 38.148466920206133 ], [ -85.665577943664076, 38.14866718630509 ], [ -85.677976853172794, 38.149331275269091 ], [ -85.679712854743116, 38.149274277108205 ], [ -85.685788857804397, 38.149567275637843 ], [ -85.687246856613328, 38.149249276450327 ], [ -85.691212858593119, 38.149910273967542 ], [ -85.693169847983143, 38.150056183863668 ], [ -85.700166862013589, 38.162381275537577 ], [ -85.701736863222948, 38.164171275250723 ], [ -85.709235798533086, 38.171310319737813 ], [ -85.707859865514052, 38.172151279356036 ], [ -85.708783864304181, 38.173046278343286 ], [ -85.706828865517465, 38.173893279499403 ], [ -85.698593865044174, 38.173715279142236 ], [ -85.697782861493209, 38.174064278380669 ], [ -85.697462864008699, 38.174630279561804 ], [ -85.696425667814765, 38.181582579414879 ], [ -85.690519233568537, 38.178410471089201 ], [ -85.689622875970898, 38.177777512536764 ], [ -85.684931659464354, 38.171583464296013 ], [ -85.683453864536858, 38.172239747895283 ], [ -85.679374667628679, 38.176856330029331 ], [ -85.665338470630559, 38.184623819643434 ], [ -85.6704773617748, 38.188975279098258 ], [ -85.672118291837975, 38.189952080343083 ], [ -85.649216609752116, 38.193256935104557 ] ] ] } },
{ "type": "Feature", "properties": { "district": 3 }, "geometry": { "type": "Polygon", "coordinates": [ [ [ -85.795431895349694, 38.233926286765154 ], [ -85.790087892457379, 38.232602283644802 ], [ -85.78971289354098, 38.233399286104031 ], [ -85.788531892877586, 38.233100285974473 ], [ -85.789760895913815, 38.23007428603681 ], [ -85.784625892415335, 38.229704285525948 ], [ -85.784943889546483, 38.226311316977416 ], [ -85.781718487814373, 38.226076274582873 ], [ -85.782101199322099, 38.223964082299283 ], [ -85.783495463624703, 38.220456481700104 ], [ -85.783627493013242, 38.220476571541049 ], [ -85.780373890752088, 38.219957284822257 ], [ -85.77775189085304, 38.219760285391338 ], [ -85.777386023530752, 38.220068195418023 ], [ -85.775549156184283, 38.217567548826786 ], [ -85.780562891568138, 38.215293282827858 ], [ -85.781396005327878, 38.216289170377792 ], [ -85.784812106181562, 38.212873542746856 ], [ -85.787084321577126, 38.2096257975995 ], [ -85.783372890308428, 38.204646280047278 ], [ -85.784319979372228, 38.204202387441164 ], [ -85.784666898648666, 38.204622279434524 ], [ -85.786623889185449, 38.203704280231527 ], [ -85.786998888532025, 38.204172282978178 ], [ -85.788143891725554, 38.203452279666351 ], [ -85.788202889546554, 38.202460280919908 ], [ -85.787826992029949, 38.202567215178206 ], [ -85.787376892071975, 38.201962279929774 ], [ -85.788121888409449, 38.201880281902319 ], [ -85.78818689187618, 38.200764278997845 ], [ -85.789993890059023, 38.200497279463576 ], [ -85.79003789223907, 38.199378281305016 ], [ -85.790577891904633, 38.199378280693729 ], [ -85.790620889831629, 38.198381280317911 ], [ -85.791761891589047, 38.198364279574832 ], [ -85.791761893164008, 38.19718027945256 ], [ -85.792945889714275, 38.197214280374197 ], [ -85.792924944608018, 38.196616791701807 ], [ -85.79333383282065, 38.196628172493376 ], [ -85.793486891157755, 38.19402227617266 ], [ -85.794961893785256, 38.194074277857773 ], [ -85.795136892673639, 38.193708278859958 ], [ -85.796543894175258, 38.193827276347008 ], [ -85.796718893029251, 38.193961278808523 ], [ -85.796623894482437, 38.196018278925791 ], [ -85.799073893893151, 38.196095280174859 ], [ -85.799294893447183, 38.195278279154643 ], [ -85.800400896973244, 38.194690277790407 ], [ -85.800719893738957, 38.194213275614338 ], [ -85.80092489586265, 38.190467275305409 ], [ -85.801493892136008, 38.187954276855869 ], [ -85.801070930617584, 38.186155194251334 ], [ -85.80895117826114, 38.185413811622752 ], [ -85.826011652150726, 38.162549130295943 ], [ -85.825876629211066, 38.16274857367123 ], [ -85.830309806131467, 38.164926257302277 ], [ -85.828078294345957, 38.169152185785975 ], [ -85.824760398202073, 38.172993601078325 ], [ -85.823488828772611, 38.174200613762018 ], [ -85.82625690149078, 38.175332274403395 ], [ -85.82774989914445, 38.175616274082735 ], [ -85.830391900072328, 38.175640274089986 ], [ -85.830371511675182, 38.175907139052654 ], [ -85.844436807765234, 38.176490334453327 ], [ -85.845075011398521, 38.176682927449086 ], [ -85.846922903398792, 38.177707272535038 ], [ -85.848789907815927, 38.175803272157793 ], [ -85.846460903345019, 38.171749271156727 ], [ -85.848784905239015, 38.172216270544837 ], [ -85.849216523163506, 38.171571735537 ], [ -85.849447906708804, 38.172362270538287 ], [ -85.851594207396417, 38.175976734779425 ], [ -85.848822780564177, 38.178763932925079 ], [ -85.848221887720783, 38.17844998070337 ], [ -85.846931785967357, 38.179339722909347 ], [ -85.846635518702669, 38.179840278071211 ], [ -85.846472340252788, 38.181000216598214 ], [ -85.833831091677354, 38.180014551895667 ], [ -85.833702995268453, 38.180104616029496 ], [ -85.833531935291063, 38.182174120725058 ], [ -85.828531301892298, 38.181969024141019 ], [ -85.828133352379112, 38.187229117479809 ], [ -85.829422772267421, 38.18842910727659 ], [ -85.829907734462736, 38.189156854713318 ], [ -85.830176959383962, 38.189907212649707 ], [ -85.832781723317638, 38.190026809732743 ], [ -85.83266090577726, 38.190396140116583 ], [ -85.83032476654968, 38.190338624710805 ], [ -85.830400469839844, 38.191339606050853 ], [ -85.830241148076638, 38.192294690515226 ], [ -85.828230327647177, 38.197174972093265 ], [ -85.827574047902658, 38.199207053343919 ], [ -85.827294952192702, 38.200914376473342 ], [ -85.827247852219372, 38.202552814400384 ], [ -85.832738988068641, 38.202838560713253 ], [ -85.824604034930331, 38.209039277270861 ], [ -85.816481024020518, 38.21690082268929 ], [ -85.806775006288433, 38.227085782675239 ], [ -85.807504128373168, 38.227180091566289 ], [ -85.807851361279845, 38.227385202515393 ], [ -85.808859072387875, 38.227465816145106 ], [ -85.808286990824527, 38.232102518818422 ], [ -85.80232323158252, 38.231929290667225 ], [ -85.802496198171283, 38.230674302601692 ], [ -85.798609227472497, 38.230332143650891 ], [ -85.798184762342629, 38.233436068407485 ], [ -85.79506117579345, 38.234752667725253 ], [ -85.795431895349694, 38.233926286765154 ] ] ] } },
{ "type": "Feature", "properties": { "district": 4 }, "geometry": { "type": "Polygon", "coordinates": [ [ [ -85.755090712207064, 38.269055917110244 ], [ -85.754420195138763, 38.26900063267896 ], [ -85.751479886082421, 38.268005295663734 ], [ -85.748650884601162, 38.267373295457155 ], [ -85.747463874255502, 38.26722117809576 ], [ -85.744113313766519, 38.267196108307992 ], [ -85.742221883169236, 38.267482294282743 ], [ -85.740861882203717, 38.267873294927099 ], [ -85.737762880076431, 38.269097295388676 ], [ -85.735358622231033, 38.270418928905983 ], [ -85.724942690470868, 38.257319935889306 ], [ -85.721470129768988, 38.25885014799394 ], [ -85.720259108855672, 38.258118262360874 ], [ -85.721523874273515, 38.257530293497176 ], [ -85.722368875052283, 38.25680529368082 ], [ -85.723039877035788, 38.255825292813192 ], [ -85.723908876029611, 38.25585929421127 ], [ -85.725426874466024, 38.255533295622222 ], [ -85.726193877340407, 38.255130294563372 ], [ -85.726746875669292, 38.254620294332881 ], [ -85.727487878376394, 38.25353229452449 ], [ -85.727229877738694, 38.252639293560144 ], [ -85.729111878981612, 38.251651293098391 ], [ -85.731377877113516, 38.249349293284965 ], [ -85.730711279784202, 38.248501794564788 ], [ -85.72812887822073, 38.249910293659845 ], [ -85.725683877392967, 38.250826292984073 ], [ -85.723241875987128, 38.251198292304601 ], [ -85.720713865578389, 38.250592069098069 ], [ -85.725116757670506, 38.248291557802787 ], [ -85.724728040320244, 38.247839115352434 ], [ -85.726469556688272, 38.246960082649352 ], [ -85.7258083504382, 38.246116052171978 ], [ -85.728009410934007, 38.245010433645703 ], [ -85.727014768748504, 38.243748707027201 ], [ -85.72868435029585, 38.243871761989404 ], [ -85.728792080221808, 38.243091117293929 ], [ -85.727378376763966, 38.241294352251025 ], [ -85.730721707603522, 38.239662713324357 ], [ -85.729472089059215, 38.238056988988511 ], [ -85.73029174138523, 38.237659033787615 ], [ -85.729087624616625, 38.236122596882339 ], [ -85.728267373905027, 38.236516266076755 ], [ -85.727657194249588, 38.235737843371247 ], [ -85.730414278188491, 38.234520609593723 ], [ -85.731908876551714, 38.234201290653886 ], [ -85.735730255033545, 38.232773355414324 ], [ -85.737293929318028, 38.232921992445725 ], [ -85.737326206277643, 38.232192447805389 ], [ -85.740339964955027, 38.231043770598752 ], [ -85.740426818651017, 38.230383243977357 ], [ -85.738316123028284, 38.22904944442751 ], [ -85.74084687904994, 38.226475286694878 ], [ -85.74167948985631, 38.22694714109889 ], [ -85.741804288608122, 38.225884381748763 ], [ -85.743086914389693, 38.222914782077538 ], [ -85.743431773538205, 38.221744884943774 ], [ -85.745325880078965, 38.222861288578997 ], [ -85.75162242631275, 38.220141441940044 ], [ -85.750952879559151, 38.223489285623728 ], [ -85.751034879545088, 38.224551285796217 ], [ -85.750837883617535, 38.226138286100195 ], [ -85.751563882995328, 38.225863287217507 ], [ -85.751654984149226, 38.226240744587393 ], [ -85.7508838641495, 38.226254724880789 ], [ -85.748835198465486, 38.237769213186539 ], [ -85.76026653633204, 38.239002663589837 ], [ -85.760654437943245, 38.239174650104069 ], [ -85.760559604483163, 38.243363389907486 ], [ -85.760051234099322, 38.246208510036823 ], [ -85.763567528193903, 38.246476570881327 ], [ -85.774940606180152, 38.248024469817985 ], [ -85.775274880857069, 38.245906569878642 ], [ -85.778606972995462, 38.246227485013534 ], [ -85.778212300611486, 38.248485043981283 ], [ -85.77985461191092, 38.24871379216944 ], [ -85.780475504154566, 38.245202312026542 ], [ -85.783463446667611, 38.245558072482147 ], [ -85.784651988682739, 38.242681271796812 ], [ -85.789285704683252, 38.243087207931929 ], [ -85.787904871436211, 38.250941281646867 ], [ -85.792094511374344, 38.251408894148838 ], [ -85.791023330798879, 38.257618723176726 ], [ -85.790463286575672, 38.257556242990084 ], [ -85.790185589771042, 38.259134794241646 ], [ -85.789833111532374, 38.25909772322138 ], [ -85.789058816618919, 38.263550043798809 ], [ -85.785739299067359, 38.263207867506701 ], [ -85.785999283624619, 38.26127080167614 ], [ -85.772817602136755, 38.25976365557338 ], [ -85.772542617694413, 38.262186278612354 ], [ -85.772214624945946, 38.262948553061811 ], [ -85.761235001599729, 38.272101880133818 ], [ -85.758661648809465, 38.271111870806223 ], [ -85.755973179039273, 38.269781614454097 ], [ -85.755090712207064, 38.269055917110244 ] ] ] } },
{ "type": "Feature", "properties": { "district": 5 }, "geometry": { "type": "Polygon", "coordinates": [ [ [ -85.786765890034516, 38.288533849723365 ], [ -85.782158463258583, 38.288400733709878 ], [ -85.781579694449761, 38.288219673192927 ], [ -85.781183906926472, 38.288313073776457 ], [ -85.777109802509671, 38.286158690087319 ], [ -85.774010251370029, 38.285756277659338 ], [ -85.77307063211488, 38.28576715602815 ], [ -85.772005470924526, 38.285063546555975 ], [ -85.771467017975738, 38.284464462100757 ], [ -85.771598695074744, 38.284228619771454 ], [ -85.771369660851505, 38.283810885650922 ], [ -85.768917926850904, 38.282277186802247 ], [ -85.768030043404096, 38.281320987399766 ], [ -85.766758192278914, 38.280809845380013 ], [ -85.76617401265645, 38.280254778874401 ], [ -85.765950636743781, 38.279381750342978 ], [ -85.766036712613769, 38.279018963978906 ], [ -85.76663839206185, 38.27853603315463 ], [ -85.767182835372409, 38.277261871007788 ], [ -85.766839230285797, 38.276514156424064 ], [ -85.766432389284745, 38.276222995233937 ], [ -85.76517769352715, 38.276135076226183 ], [ -85.765191021101828, 38.275563411708724 ], [ -85.764771085280657, 38.275574102135252 ], [ -85.764444387379172, 38.275282938433797 ], [ -85.764696411254747, 38.27484371192056 ], [ -85.764100651321797, 38.274722630172761 ], [ -85.763052169057019, 38.273398072132444 ], [ -85.761235001599729, 38.272101880133818 ], [ -85.772214624945946, 38.262948553061811 ], [ -85.772542617694413, 38.262186278612354 ], [ -85.772817602136755, 38.25976365557338 ], [ -85.785999283624619, 38.26127080167614 ], [ -85.785739299067359, 38.263207867506701 ], [ -85.789058816618919, 38.263550043798809 ], [ -85.789833111532374, 38.25909772322138 ], [ -85.790185589771042, 38.259134794241646 ], [ -85.790463286575672, 38.257556242990084 ], [ -85.791023330798879, 38.257618723176726 ], [ -85.792094511374344, 38.251408894148838 ], [ -85.794633631918828, 38.251692548649288 ], [ -85.794883047105799, 38.249455059279825 ], [ -85.805745902859343, 38.249823288027592 ], [ -85.805896900403184, 38.245561288604868 ], [ -85.815701081938741, 38.246439982938853 ], [ -85.81617706080327, 38.243743853680158 ], [ -85.821112365721262, 38.244189242064778 ], [ -85.820865779047011, 38.246902576583203 ], [ -85.820117465540932, 38.246829479276307 ], [ -85.819921534779141, 38.249648882176061 ], [ -85.819271046507069, 38.249610688034601 ], [ -85.819213380479454, 38.25027507699307 ], [ -85.82498644151076, 38.25047164839048 ], [ -85.825403905277653, 38.245934285802086 ], [ -85.824196907619921, 38.245725287810195 ], [ -85.824443904571979, 38.244488284893812 ], [ -85.826325927222598, 38.244657080423366 ], [ -85.826426905663425, 38.243450287055538 ], [ -85.826644906858391, 38.242865287141029 ], [ -85.827845905916092, 38.2429732856369 ], [ -85.828128587122592, 38.239512632839954 ], [ -85.830529215174153, 38.23972800048643 ], [ -85.830619743197005, 38.239028028644213 ], [ -85.836482704550676, 38.239605029431324 ], [ -85.839159473192666, 38.239714820087642 ], [ -85.838859087575841, 38.24054546972431 ], [ -85.838337737796735, 38.244571943566321 ], [ -85.838171302186922, 38.244614551851335 ], [ -85.838068155801906, 38.24532829222143 ], [ -85.838045484276904, 38.24608798480368 ], [ -85.838194316868083, 38.246120950510694 ], [ -85.838085542620604, 38.247730483498273 ], [ -85.8372603711924, 38.250692888457557 ], [ -85.837128306143811, 38.25259899118771 ], [ -85.837282606664729, 38.255839035559703 ], [ -85.837609251245794, 38.257684304667947 ], [ -85.837591799841292, 38.259612001072256 ], [ -85.836915545637481, 38.262183262653338 ], [ -85.836680577043055, 38.263868959978652 ], [ -85.836044617423013, 38.265462275380891 ], [ -85.83536843748648, 38.26630292973644 ], [ -85.835403031896902, 38.266550323091799 ], [ -85.835139286533035, 38.267060614548683 ], [ -85.833878632960278, 38.268934121534976 ], [ -85.833202521832632, 38.269440221221799 ], [ -85.832417396261903, 38.271159452535201 ], [ -85.829059717509921, 38.276560042874479 ], [ -85.826745083129083, 38.278406152280049 ], [ -85.824762420937816, 38.279692281843076 ], [ -85.823072294336654, 38.280521831491825 ], [ -85.818614443692184, 38.282120764344057 ], [ -85.812197619587963, 38.283389743793947 ], [ -85.810633427369439, 38.283427976660796 ], [ -85.809602064590322, 38.283752090154998 ], [ -85.805986989530339, 38.284296010823127 ], [ -85.798821002721752, 38.285195910153263 ], [ -85.795772832955905, 38.286173312955391 ], [ -85.793544362429841, 38.287331864192758 ], [ -85.791074830316148, 38.287568049471439 ], [ -85.788055160112705, 38.288363940451056 ], [ -85.786765890034516, 38.288533849723365 ] ] ] } },
{ "type": "Feature", "properties": { "district": 6 }, "geometry": { "type": "Polygon", "coordinates": [ [ [ -85.787904871436211, 38.250941281646867 ], [ -85.789285704683252, 38.243087207931929 ], [ -85.784651988682739, 38.242681271796812 ], [ -85.783463446667611, 38.245558072482147 ], [ -85.780475504154566, 38.245202312026542 ], [ -85.77985461191092, 38.24871379216944 ], [ -85.778212300611486, 38.248485043981283 ], [ -85.778606972995462, 38.246227485013534 ], [ -85.775274880857069, 38.245906569878642 ], [ -85.774940606180152, 38.248024469817985 ], [ -85.763567528193903, 38.246476570881327 ], [ -85.760051234099322, 38.246208510036823 ], [ -85.760559604483163, 38.243363389907486 ], [ -85.760654437943245, 38.239174650104069 ], [ -85.76026653633204, 38.239002663589837 ], [ -85.748835198465486, 38.237769213186539 ], [ -85.7508838641495, 38.226254724880789 ], [ -85.751654984149226, 38.226240744587393 ], [ -85.751563882995328, 38.225863287217507 ], [ -85.750837883617535, 38.226138286100195 ], [ -85.751034879545088, 38.224551285796217 ], [ -85.750952879559151, 38.223489285623728 ], [ -85.75144405072146, 38.220718622242373 ], [ -85.75214575868128, 38.218321954112305 ], [ -85.752292475067563, 38.218334319688758 ], [ -85.752394936517291, 38.215423560508043 ], [ -85.752908514492532, 38.212375167215896 ], [ -85.753798928347734, 38.212898557295709 ], [ -85.755358300389091, 38.213153947846159 ], [ -85.755107105904059, 38.214610353220344 ], [ -85.757476750687147, 38.214888935872345 ], [ -85.759395686151805, 38.215522392299647 ], [ -85.759691531171129, 38.213411072501913 ], [ -85.762281305673767, 38.213705386117816 ], [ -85.763233883980291, 38.208852282223951 ], [ -85.76985351285775, 38.209575007762282 ], [ -85.770538506728457, 38.205653411673538 ], [ -85.776194431577252, 38.206336662364784 ], [ -85.778007628670636, 38.204897198810848 ], [ -85.77936043301554, 38.206506006425116 ], [ -85.780412516610198, 38.206013492484431 ], [ -85.780800169090341, 38.206527055290891 ], [ -85.783604374908919, 38.204963561133638 ], [ -85.787084321577126, 38.2096257975995 ], [ -85.784812106181562, 38.212873542746856 ], [ -85.781396005327878, 38.216289170377792 ], [ -85.780562891568138, 38.215293282827858 ], [ -85.775549156184283, 38.217567548826786 ], [ -85.777386023530752, 38.220068195418023 ], [ -85.77775189085304, 38.219760285391338 ], [ -85.780373890752088, 38.219957284822257 ], [ -85.783627493013242, 38.220476571541049 ], [ -85.783495463624703, 38.220456481700104 ], [ -85.782101199322099, 38.223964082299283 ], [ -85.781718487814373, 38.226076274582873 ], [ -85.784943889546483, 38.226311316977416 ], [ -85.784625892415335, 38.229704285525948 ], [ -85.789760895913815, 38.23007428603681 ], [ -85.788531892877586, 38.233100285974473 ], [ -85.78971289354098, 38.233399286104031 ], [ -85.790087892457379, 38.232602283644802 ], [ -85.795431895349694, 38.233926286765154 ], [ -85.79506117579345, 38.234752667725253 ], [ -85.796627606424181, 38.234096258600289 ], [ -85.79574892751053, 38.241941290079112 ], [ -85.801225898711536, 38.242424286644727 ], [ -85.800986897373249, 38.243757288196008 ], [ -85.802663957551331, 38.243929436578519 ], [ -85.802489411391306, 38.245195625822234 ], [ -85.802382059537862, 38.249716002705561 ], [ -85.794883047105799, 38.249455059279825 ], [ -85.794633631918828, 38.251692548649288 ], [ -85.787904871436211, 38.250941281646867 ] ] ] } },
{ "type": "Feature", "properties": { "district": 7 }, "geometry": { "type": "Polygon", "coordinates": [ [ [ -85.661937269585508, 38.286129063998779 ], [ -85.659123658454902, 38.28638600129652 ], [ -85.65715530589938, 38.286279958647057 ], [ -85.654922580165859, 38.286700234726382 ], [ -85.654238038576366, 38.286545057827617 ], [ -85.654342290905902, 38.2841498691295 ], [ -85.653898365861508, 38.282341262430357 ], [ -85.653473858540067, 38.282140302500643 ], [ -85.651913855893156, 38.282436302228788 ], [ -85.645463866263285, 38.274219510045882 ], [ -85.640916235008149, 38.276680690794102 ], [ -85.638199853124462, 38.278346300608803 ], [ -85.635855850488113, 38.280272304135302 ], [ -85.633772851597726, 38.282338301773919 ], [ -85.633033849959759, 38.283204304540732 ], [ -85.636299853191986, 38.287224305089971 ], [ -85.630731851207329, 38.29030630330503 ], [ -85.630635844846594, 38.290352823634372 ], [ -85.629622701901724, 38.289090587828056 ], [ -85.629670852083166, 38.288955306612699 ], [ -85.628758851795681, 38.287952303503829 ], [ -85.628383851510662, 38.287077303458595 ], [ -85.628244851521643, 38.287164305308174 ], [ -85.626378850816664, 38.284804304587979 ], [ -85.621294846883231, 38.287643304890771 ], [ -85.621048848366712, 38.288053306134124 ], [ -85.621033847468667, 38.288436306276054 ], [ -85.619316845949996, 38.288766303615667 ], [ -85.613947771232233, 38.291756060234391 ], [ -85.611740556718459, 38.292461839520193 ], [ -85.608867696669591, 38.292490145356005 ], [ -85.607141115790043, 38.292252552541065 ], [ -85.605849845598684, 38.29248730657612 ], [ -85.600772841760602, 38.296438305901518 ], [ -85.592682448162321, 38.30044146902808 ], [ -85.587349604266777, 38.293678789824192 ], [ -85.586307031909527, 38.293134100561808 ], [ -85.583829251411728, 38.292933779459361 ], [ -85.583106587739437, 38.292724025580213 ], [ -85.582456590018907, 38.29229066067353 ], [ -85.581390510118894, 38.29097413420498 ], [ -85.590445975943837, 38.28661007885065 ], [ -85.586776222364861, 38.282009523784474 ], [ -85.587212981477705, 38.281799075808742 ], [ -85.586596538833291, 38.280985347104128 ], [ -85.58695759812133, 38.280554333512036 ], [ -85.586740740251287, 38.279982318499357 ], [ -85.585747453459575, 38.280342456864446 ], [ -85.584961006925255, 38.280257384999111 ], [ -85.584447699333737, 38.279715035137322 ], [ -85.584513835354755, 38.27893655891944 ], [ -85.581588836279806, 38.278439304908026 ], [ -85.581476834493472, 38.278409304567347 ], [ -85.581388913135982, 38.278370594460895 ], [ -85.580959836584341, 38.277953303960643 ], [ -85.580580736011456, 38.276933305712738 ], [ -85.579935836771483, 38.277199304136964 ], [ -85.579945834505281, 38.277455305181604 ], [ -85.579370837208501, 38.278072303148427 ], [ -85.578741834677572, 38.278272305945862 ], [ -85.578457833524155, 38.278083305885573 ], [ -85.578083836533096, 38.278365306620266 ], [ -85.578227836997485, 38.278589304164086 ], [ -85.577843836518809, 38.2790543065516 ], [ -85.576916833961008, 38.279403304151117 ], [ -85.575282721709343, 38.279279870932072 ], [ -85.574456348477426, 38.278891717985807 ], [ -85.573358305733393, 38.278631591315794 ], [ -85.571621149996972, 38.278693299881809 ], [ -85.570442250580811, 38.277063145008789 ], [ -85.568447729747717, 38.272562216083507 ], [ -85.57426607090018, 38.270800084457605 ], [ -85.577947241622795, 38.270027429322717 ], [ -85.606890005476956, 38.262034042930843 ], [ -85.603812575800376, 38.258673950908545 ], [ -85.609144547895454, 38.25573990732088 ], [ -85.606870843801332, 38.253281298851697 ], [ -85.607109844702023, 38.251463298079436 ], [ -85.609566844693234, 38.251630297107951 ], [ -85.609911746100266, 38.249113999041064 ], [ -85.639312642883027, 38.251601200531695 ], [ -85.638529228224542, 38.257676967291744 ], [ -85.639605045383036, 38.257640307858303 ], [ -85.640150739555054, 38.258718279451777 ], [ -85.644160255162404, 38.263503845865344 ], [ -85.650752980214435, 38.260224303332684 ], [ -85.65362994374776, 38.263660074806786 ], [ -85.653567812844301, 38.26378132948502 ], [ -85.654144261760564, 38.264510937850524 ], [ -85.655585895956477, 38.264161624495905 ], [ -85.656381004745029, 38.264293489719392 ], [ -85.656980889011436, 38.264087332616718 ], [ -85.657824854574926, 38.264970299446304 ], [ -85.662830574539186, 38.261960076540106 ], [ -85.665858762494821, 38.265822343685912 ], [ -85.672050201883621, 38.264198821425616 ], [ -85.672763863695877, 38.265291299200236 ], [ -85.672626862428345, 38.265363298156643 ], [ -85.67502786185679, 38.268144297037288 ], [ -85.682714241646437, 38.266361000892601 ], [ -85.684402186313903, 38.268426351270541 ], [ -85.685001726085773, 38.268803145249905 ], [ -85.685785409551343, 38.268945443448857 ], [ -85.687629506744543, 38.268566069879249 ], [ -85.688485001078874, 38.268839097286516 ], [ -85.689063414295532, 38.269774488289492 ], [ -85.689261542929955, 38.270636456727921 ], [ -85.689209975208286, 38.271495321950717 ], [ -85.688845052631393, 38.272198073117359 ], [ -85.690923812388107, 38.273375869238102 ], [ -85.692410450325681, 38.274556628760976 ], [ -85.690479214443414, 38.275324850466419 ], [ -85.693178961174169, 38.276047158813036 ], [ -85.696789231741022, 38.279121494048454 ], [ -85.697974346064001, 38.278266516327612 ], [ -85.703819620756477, 38.285465354660353 ], [ -85.700196239620482, 38.287364267444509 ], [ -85.690201840086317, 38.291926962995788 ], [ -85.685426683159335, 38.294279064162311 ], [ -85.680746236934681, 38.296810734398392 ], [ -85.676972811072787, 38.299476531100474 ], [ -85.667524764394258, 38.28833709705097 ], [ -85.666674354931885, 38.287730504081665 ], [ -85.664638790301737, 38.286845804623439 ], [ -85.663291699078599, 38.286352305726865 ], [ -85.661937269585508, 38.286129063998779 ] ] ] } },
{ "type": "Feature", "properties": { "district": 8 }, "geometry": { "type": "Polygon", "coordinates": [ [ [ -85.712117326528713, 38.249061533664552 ], [ -85.710931933648425, 38.248200143826672 ], [ -85.70779780525109, 38.247601798120755 ], [ -85.707547037246499, 38.247281215248684 ], [ -85.707255664632456, 38.246108369364315 ], [ -85.706384940204345, 38.245587125971284 ], [ -85.701549445014777, 38.245548567089003 ], [ -85.698287040809859, 38.244889378098719 ], [ -85.695768834059891, 38.245146628876924 ], [ -85.688795821107561, 38.245119906963204 ], [ -85.687900937872541, 38.245376431383455 ], [ -85.687463374910593, 38.244744831986566 ], [ -85.687486055234757, 38.243730108333331 ], [ -85.685835320124824, 38.2427346267324 ], [ -85.684247145397066, 38.242610729204294 ], [ -85.683033182086902, 38.242885820893534 ], [ -85.682892836191655, 38.243045951999505 ], [ -85.682655405607107, 38.24288669434727 ], [ -85.684809798651983, 38.242231960043263 ], [ -85.682239785228262, 38.241759531144787 ], [ -85.675519468821605, 38.239562471930839 ], [ -85.675531072795906, 38.238687505184586 ], [ -85.674690370720228, 38.237299830550661 ], [ -85.674340816227158, 38.235995752810794 ], [ -85.674377778735362, 38.235562592238622 ], [ -85.674769656486461, 38.235039024483839 ], [ -85.675942877380479, 38.23464303366444 ], [ -85.675968959235959, 38.233388877347934 ], [ -85.675219926133593, 38.232313897959692 ], [ -85.673578128243491, 38.23139067897705 ], [ -85.672831659185576, 38.230664840668069 ], [ -85.672570416875942, 38.229996873209643 ], [ -85.672599834090349, 38.228942414381855 ], [ -85.672321985776279, 38.228267021485614 ], [ -85.668588030894398, 38.223564427319609 ], [ -85.668459367798718, 38.222882327347683 ], [ -85.651003459374323, 38.221529548339845 ], [ -85.658922236847729, 38.217608208574333 ], [ -85.659394400323023, 38.218270008970094 ], [ -85.663404715024441, 38.216411985030838 ], [ -85.66611737931656, 38.219823788237413 ], [ -85.669673550153306, 38.217935658596701 ], [ -85.669799753510929, 38.217900728907544 ], [ -85.67012888348583, 38.2183937303164 ], [ -85.672264365466305, 38.217328159205231 ], [ -85.675009669200151, 38.215902805560269 ], [ -85.671242531080125, 38.211297355791558 ], [ -85.675077856714907, 38.209136289107683 ], [ -85.67925785838446, 38.206238287792502 ], [ -85.682858860921982, 38.204314287728039 ], [ -85.686356861410118, 38.202699286593933 ], [ -85.689068860606596, 38.202077287387375 ], [ -85.691113860621314, 38.203272287018635 ], [ -85.693536142934107, 38.206235956925482 ], [ -85.693691327743991, 38.206729396929852 ], [ -85.693799351178285, 38.209724417471783 ], [ -85.694054325003052, 38.210255731038146 ], [ -85.694863125346075, 38.210986523896494 ], [ -85.696966254047553, 38.212028968915412 ], [ -85.699293866720765, 38.212651288551321 ], [ -85.704388043775054, 38.215584225965145 ], [ -85.708120880201051, 38.217228043368017 ], [ -85.710067869796219, 38.220660286952899 ], [ -85.710713871309281, 38.223100290290795 ], [ -85.714936822782619, 38.228498582317947 ], [ -85.720018363084108, 38.225933463433726 ], [ -85.719590903532989, 38.225386139552313 ], [ -85.729096807904895, 38.220652966377877 ], [ -85.72922436931006, 38.222676192728208 ], [ -85.729580758476985, 38.22341316834131 ], [ -85.730158323429592, 38.223989148296198 ], [ -85.729636440300112, 38.224495932410079 ], [ -85.72828104533798, 38.225214469986383 ], [ -85.726994654865834, 38.225458342411009 ], [ -85.726921415944986, 38.22657550237831 ], [ -85.726421370479926, 38.228014907966212 ], [ -85.725423431280433, 38.228357444129458 ], [ -85.725055927057795, 38.229279015735749 ], [ -85.726322613726055, 38.231073904572526 ], [ -85.729086756824131, 38.232338322687397 ], [ -85.730383743342202, 38.234532010104559 ], [ -85.727657194249588, 38.235737843371247 ], [ -85.728267373905027, 38.236516266076755 ], [ -85.729087624616625, 38.236122596882339 ], [ -85.73029174138523, 38.237659033787615 ], [ -85.729472089059215, 38.238056988988511 ], [ -85.730721707603522, 38.239662713324357 ], [ -85.727378376763966, 38.241294352251025 ], [ -85.728792080221808, 38.243091117293929 ], [ -85.72868435029585, 38.243871761989404 ], [ -85.727014768748504, 38.243748707027201 ], [ -85.728009410934007, 38.245010433645703 ], [ -85.7258083504382, 38.246116052171978 ], [ -85.726469556688272, 38.246960082649352 ], [ -85.724728040320244, 38.247839115352434 ], [ -85.725116757670506, 38.248291557802787 ], [ -85.72200250739607, 38.249898136057666 ], [ -85.72130887310216, 38.249221293324361 ], [ -85.718173972184175, 38.248916359356926 ], [ -85.715752492343995, 38.250213569468713 ], [ -85.712117326528713, 38.249061533664552 ] ] ] } },
{ "type": "Feature", "properties": { "district": 9 }, "geometry": { "type": "Polygon", "coordinates": [ [ [ -85.698001347800229, 38.278289250690847 ], [ -85.696789231741022, 38.279121494048454 ], [ -85.693178961174169, 38.276047158813036 ], [ -85.690479214443414, 38.275324850466419 ], [ -85.692410450325681, 38.274556628760976 ], [ -85.690923812388107, 38.273375869238102 ], [ -85.688845052631393, 38.272198073117359 ], [ -85.689209975208286, 38.271495321950717 ], [ -85.689261542929955, 38.270636456727921 ], [ -85.689063414295532, 38.269774488289492 ], [ -85.688485001078874, 38.268839097286516 ], [ -85.687629506744543, 38.268566069879249 ], [ -85.685785409551343, 38.268945443448857 ], [ -85.685001726085773, 38.268803145249905 ], [ -85.684402186313903, 38.268426351270541 ], [ -85.682714241646437, 38.266361000892601 ], [ -85.67502786185679, 38.268144297037288 ], [ -85.672626862428345, 38.265363298156643 ], [ -85.672763863695877, 38.265291299200236 ], [ -85.672050201883621, 38.264198821425616 ], [ -85.665858762494821, 38.265822343685912 ], [ -85.662830574539186, 38.261960076540106 ], [ -85.657824854574926, 38.264970299446304 ], [ -85.656980889011436, 38.264087332616718 ], [ -85.656381004745029, 38.264293489719392 ], [ -85.655585895956477, 38.264161624495905 ], [ -85.654144261760564, 38.264510937850524 ], [ -85.653567812844301, 38.26378132948502 ], [ -85.65362994374776, 38.263660074806786 ], [ -85.650752980214435, 38.260224303332684 ], [ -85.644160255162404, 38.263503845865344 ], [ -85.640150739555054, 38.258718279451777 ], [ -85.639605045383036, 38.257640307858303 ], [ -85.638529228224542, 38.257676967291744 ], [ -85.639312642883027, 38.251601200531695 ], [ -85.639997613199824, 38.251653744126806 ], [ -85.640184668031708, 38.250090839501844 ], [ -85.638288564930406, 38.247646156737474 ], [ -85.64171935281837, 38.245907245080758 ], [ -85.64434839534151, 38.249085916094764 ], [ -85.644697632373294, 38.248914831611195 ], [ -85.645281418634355, 38.24960659868524 ], [ -85.650154613748256, 38.247250131652933 ], [ -85.6505661496154, 38.24696540218136 ], [ -85.648220991244202, 38.244069519138868 ], [ -85.651518864982691, 38.242440056279399 ], [ -85.652119994717822, 38.243170036445008 ], [ -85.654868508886025, 38.241782569303169 ], [ -85.651750823678668, 38.238147673448289 ], [ -85.652656852495042, 38.23469829424905 ], [ -85.653111854803981, 38.234921294162376 ], [ -85.654679851958292, 38.234962291488571 ], [ -85.655688854493292, 38.234608292701381 ], [ -85.656251855890645, 38.235050294497064 ], [ -85.658186768833161, 38.235437899130858 ], [ -85.650580853795631, 38.225975292723952 ], [ -85.65811785290083, 38.22251329171219 ], [ -85.658316867642981, 38.222177523838191 ], [ -85.668459367798718, 38.222882327347683 ], [ -85.668588030894398, 38.223564427319609 ], [ -85.672321985776279, 38.228267021485614 ], [ -85.672599834090349, 38.228942414381855 ], [ -85.672570416875942, 38.229996873209643 ], [ -85.672831659185576, 38.230664840668069 ], [ -85.673578128243491, 38.23139067897705 ], [ -85.675219926133593, 38.232313897959692 ], [ -85.675968959235959, 38.233388877347934 ], [ -85.675942877380479, 38.23464303366444 ], [ -85.674769656486461, 38.235039024483839 ], [ -85.674377778735362, 38.235562592238622 ], [ -85.674340816227158, 38.235995752810794 ], [ -85.674690370720228, 38.237299830550661 ], [ -85.675531072795906, 38.238687505184586 ], [ -85.675519468821605, 38.239562471930839 ], [ -85.682239785228262, 38.241759531144787 ], [ -85.684809798651983, 38.242231960043263 ], [ -85.682655405607107, 38.24288669434727 ], [ -85.682892836191655, 38.243045951999505 ], [ -85.683033182086902, 38.242885820893534 ], [ -85.684247145397066, 38.242610729204294 ], [ -85.685835320124824, 38.2427346267324 ], [ -85.687486055234757, 38.243730108333331 ], [ -85.687463374910593, 38.244744831986566 ], [ -85.687900937872541, 38.245376431383455 ], [ -85.688795821107561, 38.245119906963204 ], [ -85.695768834059891, 38.245146628876924 ], [ -85.698287040809859, 38.244889378098719 ], [ -85.701549445014777, 38.245548567089003 ], [ -85.706384940204345, 38.245587125971284 ], [ -85.707255664632456, 38.246108369364315 ], [ -85.707547037246499, 38.247281215248684 ], [ -85.70779780525109, 38.247601798120755 ], [ -85.710931933648425, 38.248200143826672 ], [ -85.712323066616634, 38.249143956638513 ], [ -85.715752492343995, 38.250213569468713 ], [ -85.718173972184175, 38.248916359356926 ], [ -85.72130887310216, 38.249221293324361 ], [ -85.72200250739607, 38.249898136057666 ], [ -85.720713865578389, 38.250592069098069 ], [ -85.723241875987128, 38.251198292304601 ], [ -85.725873877963807, 38.250767292722642 ], [ -85.728385875723944, 38.24979029269506 ], [ -85.730711279784202, 38.248501794564788 ], [ -85.731377877113516, 38.249349293284965 ], [ -85.729111878981612, 38.251651293098391 ], [ -85.727229877738694, 38.252639293560144 ], [ -85.727487878376394, 38.25353229452449 ], [ -85.72663287618856, 38.254729293926808 ], [ -85.725694878391167, 38.255469293640417 ], [ -85.723908876029611, 38.25585929421127 ], [ -85.723039877035788, 38.255825292813192 ], [ -85.722368875052283, 38.25680529368082 ], [ -85.721523874273515, 38.257530293497176 ], [ -85.720259108855672, 38.258118262360874 ], [ -85.721470129768988, 38.25885014799394 ], [ -85.724942690470868, 38.257319935889306 ], [ -85.735358622231033, 38.270418928905983 ], [ -85.733498881360802, 38.27149829696954 ], [ -85.730107878283604, 38.273065295458835 ], [ -85.729930880278729, 38.273442298109842 ], [ -85.723006878901103, 38.276945299110309 ], [ -85.721504874898201, 38.277482297823731 ], [ -85.717031153009856, 38.279602348514757 ], [ -85.710159079138265, 38.282261573594333 ], [ -85.703819620756477, 38.285465354660353 ], [ -85.698001347800229, 38.278289250690847 ] ] ] } },
{ "type": "Feature", "properties": { "district": 10 }, "geometry": { "type": "Polygon", "coordinates": [ [ [ -85.730383743342202, 38.234532010104559 ], [ -85.728994273229119, 38.232263821537195 ], [ -85.726322613726055, 38.231073904572526 ], [ -85.725059017225092, 38.229431207694944 ], [ -85.725423431280433, 38.228357444129458 ], [ -85.726421370479926, 38.228014907966212 ], [ -85.726921415944986, 38.22657550237831 ], [ -85.726994654865834, 38.225458342411009 ], [ -85.72828104533798, 38.225214469986383 ], [ -85.729636440300112, 38.224495932410079 ], [ -85.730158323429592, 38.223989148296198 ], [ -85.729580758476985, 38.22341316834131 ], [ -85.72922436931006, 38.222676192728208 ], [ -85.729096807904895, 38.220652966377877 ], [ -85.719590903532989, 38.225386139552313 ], [ -85.720018363084108, 38.225933463433726 ], [ -85.714936822782619, 38.228498582317947 ], [ -85.710713871309281, 38.223100290290795 ], [ -85.710067869796219, 38.220660286952899 ], [ -85.708120880201051, 38.217228043368017 ], [ -85.704388043775054, 38.215584225965145 ], [ -85.699293866720765, 38.212651288551321 ], [ -85.696966254047553, 38.212028968915412 ], [ -85.694863125346075, 38.210986523896494 ], [ -85.694054325003052, 38.210255731038146 ], [ -85.693799351178285, 38.209724417471783 ], [ -85.693691327743991, 38.206729396929852 ], [ -85.693536142934107, 38.206235956925482 ], [ -85.691113860621314, 38.203272287018635 ], [ -85.689068860606596, 38.202077287387375 ], [ -85.686356861410118, 38.202699286593933 ], [ -85.682858860921982, 38.204314287728039 ], [ -85.67925785838446, 38.206238287792502 ], [ -85.675077856714907, 38.209136289107683 ], [ -85.671274854873516, 38.211282289852242 ], [ -85.664566854093664, 38.203047287092147 ], [ -85.662457146525213, 38.200192827662057 ], [ -85.66196111530121, 38.200137613836112 ], [ -85.659999896044567, 38.199044963975844 ], [ -85.649415789156535, 38.205691468240289 ], [ -85.647062853639412, 38.207714286557277 ], [ -85.645082808431212, 38.208529909017109 ], [ -85.641960183805622, 38.204494982769873 ], [ -85.643796547817345, 38.203378187661833 ], [ -85.642142113731722, 38.201435842485509 ], [ -85.639575970340545, 38.202713999822421 ], [ -85.63834003751316, 38.201289685652654 ], [ -85.637176219472551, 38.201702812567987 ], [ -85.636852042902078, 38.200981277514359 ], [ -85.635609903748218, 38.199462479676512 ], [ -85.632998751984502, 38.200841005959411 ], [ -85.632620428060392, 38.200262515449069 ], [ -85.632764674386962, 38.197984270575688 ], [ -85.633734845103845, 38.195715288001267 ], [ -85.633648881460289, 38.195542361588537 ], [ -85.625263283552059, 38.19676603123704 ], [ -85.62566112398099, 38.19200407104227 ], [ -85.630341500672358, 38.192274160581775 ], [ -85.630498190286033, 38.190641316264959 ], [ -85.625776041335087, 38.190381421717412 ], [ -85.626138761240369, 38.186178810576244 ], [ -85.626886843802936, 38.186423282801613 ], [ -85.62867984306672, 38.187458285764052 ], [ -85.630077843809147, 38.187559286176651 ], [ -85.630970844645134, 38.18818328475632 ], [ -85.631774842172632, 38.188353284718879 ], [ -85.631898843357149, 38.18818028354417 ], [ -85.632312847262867, 38.188153285930305 ], [ -85.634158846027944, 38.188344285402472 ], [ -85.635425845071481, 38.18901828415644 ], [ -85.635883846242436, 38.188734285246632 ], [ -85.636315846436418, 38.188744285619443 ], [ -85.636660844857886, 38.18847828601853 ], [ -85.637359846373897, 38.188915285524601 ], [ -85.637773845924698, 38.188982285324997 ], [ -85.638601845129159, 38.188324283539394 ], [ -85.639562144238567, 38.188796958506586 ], [ -85.639978509594016, 38.188316798105205 ], [ -85.649216609752116, 38.193256935104557 ], [ -85.672118291837975, 38.189952080343083 ], [ -85.6704773617748, 38.188975279098258 ], [ -85.665338470630559, 38.184623819643434 ], [ -85.679374667628679, 38.176856330029331 ], [ -85.683453864536858, 38.172239747895283 ], [ -85.684931659464354, 38.171583464296013 ], [ -85.689622875970898, 38.177777512536764 ], [ -85.690415539560959, 38.178351853191174 ], [ -85.698305899358289, 38.182726710166264 ], [ -85.69886437779455, 38.183329273566287 ], [ -85.701208751984339, 38.186543613425762 ], [ -85.705089906972418, 38.191449571158842 ], [ -85.704983867270712, 38.191315281050663 ], [ -85.709556868396092, 38.190585283596427 ], [ -85.710813866877984, 38.190515282523506 ], [ -85.713263869395078, 38.190956282547248 ], [ -85.714958391254882, 38.191719848626704 ], [ -85.717814869798701, 38.191155280608378 ], [ -85.726961869486061, 38.190569279950026 ], [ -85.726876130022944, 38.190397728561905 ], [ -85.735319736467744, 38.203414996553221 ], [ -85.729894831438344, 38.205818463822354 ], [ -85.7309177396004, 38.20736979646211 ], [ -85.732296182896533, 38.20674595432687 ], [ -85.732895560942509, 38.207681638235314 ], [ -85.732880851172169, 38.209389711990077 ], [ -85.733543460095845, 38.210359055965121 ], [ -85.735000205547379, 38.20967486642153 ], [ -85.734745388030632, 38.209225477975686 ], [ -85.738278380081169, 38.208044308149098 ], [ -85.741747709119807, 38.21327069868817 ], [ -85.743435700352819, 38.216102384902115 ], [ -85.743781254289942, 38.217016296770623 ], [ -85.743967058593526, 38.21815827906854 ], [ -85.743360798798605, 38.222149492993239 ], [ -85.741804288608122, 38.225884381748763 ], [ -85.74167948985631, 38.22694714109889 ], [ -85.74084687904994, 38.226475286694878 ], [ -85.738316123028284, 38.22904944442751 ], [ -85.740426818651017, 38.230383243977357 ], [ -85.740339964955027, 38.231043770598752 ], [ -85.737326206277643, 38.232192447805389 ], [ -85.737293929318028, 38.232921992445725 ], [ -85.735730255033545, 38.232773355414324 ], [ -85.731854237665658, 38.234216072709245 ], [ -85.730383743342202, 38.234532010104559 ] ] ] } },
{ "type": "Feature", "properties": { "district": 11 }, "geometry": { "type": "Polygon", "coordinates": [ [ [ -85.543509282319292, 38.224306607579209 ], [ -85.539170658976218, 38.224218929229174 ], [ -85.538746171318053, 38.222292979249538 ], [ -85.538904973604915, 38.216944898176443 ], [ -85.541011392315212, 38.217090683230616 ], [ -85.541611643583309, 38.217397641982018 ], [ -85.542040051983278, 38.217900881942995 ], [ -85.542543980717966, 38.217780508448364 ], [ -85.545133795899417, 38.217777318105718 ], [ -85.543471087077208, 38.212870864077715 ], [ -85.54363336336462, 38.212712692629687 ], [ -85.545075631153509, 38.212365662349256 ], [ -85.545248005207483, 38.212127816356634 ], [ -85.542780254975071, 38.204821731926046 ], [ -85.540755851344571, 38.199472148667638 ], [ -85.540278840383095, 38.199459049792146 ], [ -85.538812610991386, 38.199864455007102 ], [ -85.532410289280477, 38.200533312463982 ], [ -85.531147811828177, 38.200505241859339 ], [ -85.529753557116393, 38.200072865991359 ], [ -85.52815456759518, 38.200356036659699 ], [ -85.527086575689708, 38.198124095761997 ], [ -85.524650925416083, 38.196461731158422 ], [ -85.524247011259192, 38.193296188888752 ], [ -85.523845739663088, 38.192413849629581 ], [ -85.523839709216873, 38.18705616025759 ], [ -85.537587565606643, 38.1858801369467 ], [ -85.540892817272677, 38.185332288994275 ], [ -85.544462825797169, 38.18561108669563 ], [ -85.545689358115894, 38.18600255236602 ], [ -85.548051566799828, 38.18735774037593 ], [ -85.552040646862281, 38.188306248988816 ], [ -85.552207783322729, 38.189111053945943 ], [ -85.552653017019239, 38.189927282537411 ], [ -85.55392699444343, 38.191162701669299 ], [ -85.554725674907274, 38.19252607188497 ], [ -85.555774422444529, 38.192816791641434 ], [ -85.557457823569635, 38.192861355940046 ], [ -85.558096797510771, 38.193041657739819 ], [ -85.560480551706647, 38.194421512411395 ], [ -85.56241689131096, 38.194630634009449 ], [ -85.563451691361308, 38.195578796919698 ], [ -85.567451135495389, 38.193007887098901 ], [ -85.570067988888624, 38.19565285696261 ], [ -85.570429937193353, 38.197001234485789 ], [ -85.57442430772808, 38.197021637140764 ], [ -85.574575462540764, 38.195928402889848 ], [ -85.575150055417438, 38.195232474874409 ], [ -85.57629558615082, 38.195325990843934 ], [ -85.576947728072611, 38.19521155385101 ], [ -85.57760630822419, 38.195449638659817 ], [ -85.579148890155807, 38.194761871684989 ], [ -85.581457601844022, 38.194903682341241 ], [ -85.58147006112317, 38.19267071941929 ], [ -85.580787159916284, 38.192301894298289 ], [ -85.580734690497749, 38.191669293209465 ], [ -85.578371753557249, 38.191564996857423 ], [ -85.578463047202348, 38.19063407483646 ], [ -85.577193182275295, 38.190837590107556 ], [ -85.576592760747701, 38.190756964496465 ], [ -85.574746735941531, 38.189084923988055 ], [ -85.576750516757173, 38.188199604725952 ], [ -85.57852539016271, 38.187619463719543 ], [ -85.578018419628108, 38.186796020441591 ], [ -85.578001583890867, 38.185721197461049 ], [ -85.577755247647175, 38.185127502412662 ], [ -85.575554826673027, 38.18511328877954 ], [ -85.575759675391282, 38.183047303375105 ], [ -85.571120164367258, 38.182862312135605 ], [ -85.571384038944416, 38.178955530420389 ], [ -85.571674812970144, 38.178449497889474 ], [ -85.572498860803236, 38.177666058869477 ], [ -85.572765968141937, 38.176932677402775 ], [ -85.573043574401254, 38.174354343168893 ], [ -85.572965355516146, 38.173221856341435 ], [ -85.578587035363199, 38.173733599581482 ], [ -85.584226593718711, 38.173999869359626 ], [ -85.584423904254905, 38.175096522696741 ], [ -85.584917489757061, 38.175883957501917 ], [ -85.58702675643157, 38.175916186087306 ], [ -85.59029306688015, 38.177534655059759 ], [ -85.591225337261861, 38.177770863820136 ], [ -85.591691276283868, 38.177781078121512 ], [ -85.591683121653404, 38.177663492288659 ], [ -85.593024728831921, 38.177303228925673 ], [ -85.593238353461743, 38.176733105775696 ], [ -85.592981640673074, 38.175951933104237 ], [ -85.593025246834344, 38.174520898055071 ], [ -85.598397832102734, 38.174693284707701 ], [ -85.59822583474093, 38.174942283966416 ], [ -85.598815835404594, 38.174809284434517 ], [ -85.599777834690855, 38.175243286151854 ], [ -85.600669836331519, 38.174763283545005 ], [ -85.606005440999326, 38.175407519514643 ], [ -85.605543834508865, 38.181222285516341 ], [ -85.605960829143214, 38.181016690647731 ], [ -85.609458200749685, 38.181088401316998 ], [ -85.609462838340036, 38.180938284609866 ], [ -85.609473804288285, 38.180901150926516 ], [ -85.609458969311078, 38.181088358123368 ], [ -85.610691627798417, 38.181136355683023 ], [ -85.611124607645067, 38.181430847096181 ], [ -85.612281385353953, 38.181200297651344 ], [ -85.616136052622366, 38.18133200626167 ], [ -85.615306506715541, 38.191683640954537 ], [ -85.615490819417715, 38.192539247480859 ], [ -85.615025839303556, 38.192854286913921 ], [ -85.61495892631136, 38.193705293635226 ], [ -85.615829847613796, 38.19369343866849 ], [ -85.618244836682564, 38.194339080157803 ], [ -85.618195842615094, 38.197008287668432 ], [ -85.618651224400296, 38.197756406054758 ], [ -85.616899281878645, 38.198224650453689 ], [ -85.613296960302023, 38.199603228188948 ], [ -85.612062305573957, 38.199845956519511 ], [ -85.619945185507731, 38.201947586108986 ], [ -85.620197157563965, 38.201737342523714 ], [ -85.620652839800215, 38.201812287502257 ], [ -85.621064842746051, 38.201026287413086 ], [ -85.622182840056752, 38.201350286930548 ], [ -85.622623842705821, 38.200656288707947 ], [ -85.623566520877304, 38.200396446258466 ], [ -85.624748297932982, 38.200893073497141 ], [ -85.623899544588667, 38.202323298969134 ], [ -85.623729544126348, 38.202904005691501 ], [ -85.626801523617516, 38.203129121017064 ], [ -85.627376744648629, 38.203414983033426 ], [ -85.628066602471492, 38.204151698255579 ], [ -85.623132841610598, 38.207507289190417 ], [ -85.62238484175505, 38.207046289526801 ], [ -85.619174373489201, 38.20896167794173 ], [ -85.619326112882035, 38.209742159956726 ], [ -85.619244746499632, 38.21084927760613 ], [ -85.618691310218594, 38.212316480602446 ], [ -85.618963454187735, 38.212697939126116 ], [ -85.620638837043188, 38.213262558306639 ], [ -85.62422286939146, 38.210812142372255 ], [ -85.626853177489366, 38.212760998317044 ], [ -85.622116319786599, 38.215025146362684 ], [ -85.623780307172424, 38.216934536239584 ], [ -85.625006230662905, 38.216236269269665 ], [ -85.627369016978534, 38.218854908106081 ], [ -85.62145784493849, 38.222175292178278 ], [ -85.620213842848415, 38.222529293340635 ], [ -85.619498843488543, 38.219540292698845 ], [ -85.600751991161147, 38.21870121387682 ], [ -85.597187247476839, 38.218143188070982 ], [ -85.59503496345279, 38.217484147743917 ], [ -85.592362042898486, 38.216286820739114 ], [ -85.589914303326609, 38.214726039193614 ], [ -85.588202338646838, 38.213170835090402 ], [ -85.585722119244352, 38.210322843879126 ], [ -85.58428260606874, 38.211054764660901 ], [ -85.583795631320925, 38.210482916126665 ], [ -85.582925833998246, 38.2110822906359 ], [ -85.582849834134009, 38.211779292101262 ], [ -85.580285604051497, 38.213198866259482 ], [ -85.57994783172704, 38.213110291535564 ], [ -85.579507693670223, 38.213953620592555 ], [ -85.578132833627251, 38.213576293194812 ], [ -85.57796719317669, 38.214555991582628 ], [ -85.573122910772398, 38.215822310114696 ], [ -85.571869829711915, 38.213792291758821 ], [ -85.553554831371471, 38.221678314682585 ], [ -85.552126532355288, 38.22418576966183 ], [ -85.552203673310586, 38.223923242954577 ], [ -85.543509282319292, 38.224306607579209 ] ] ] } },
{ "type": "Feature", "properties": { "district": 12 }, "geometry": { "type": "Polygon", "coordinates": [ [ [ -85.892798921585026, 38.166613268611982 ], [ -85.892470916792945, 38.166121267651484 ], [ -85.891310921216302, 38.166567268715276 ], [ -85.889927920265194, 38.166333269689567 ], [ -85.884566915665872, 38.163549269126996 ], [ -85.88164691694034, 38.161162267016593 ], [ -85.883721917551526, 38.159420268812383 ], [ -85.88467291645722, 38.157525268003226 ], [ -85.88308838780938, 38.157262913420851 ], [ -85.882929946651174, 38.158018650850863 ], [ -85.882543821672087, 38.158651101077133 ], [ -85.881289230296588, 38.159581082681889 ], [ -85.88028795804766, 38.160083457678894 ], [ -85.878605736618709, 38.160303631064643 ], [ -85.874121172234339, 38.159920712763771 ], [ -85.872900034742543, 38.160248169247609 ], [ -85.871642739024992, 38.160921646353565 ], [ -85.87028249733558, 38.162087056314121 ], [ -85.869085870732562, 38.163387995839578 ], [ -85.868741208056775, 38.164053521468936 ], [ -85.868547117240496, 38.165443584742363 ], [ -85.868248058131172, 38.166095567183099 ], [ -85.870348892758045, 38.16706309164222 ], [ -85.868047238252871, 38.169974281434108 ], [ -85.867757913372145, 38.169954269844865 ], [ -85.867733913008507, 38.169346270493499 ], [ -85.867405911709341, 38.168605270492428 ], [ -85.862371911651834, 38.168360269845415 ], [ -85.853344070834808, 38.172128464337248 ], [ -85.852874245026356, 38.172087276835803 ], [ -85.850742048346419, 38.171444965475764 ], [ -85.848656429859261, 38.170038026910888 ], [ -85.847992799406924, 38.169136070630671 ], [ -85.847383793613687, 38.166686649524635 ], [ -85.84623448030888, 38.166947886041172 ], [ -85.844914455668956, 38.166879208760101 ], [ -85.844571045133321, 38.166705302386212 ], [ -85.842057060973374, 38.166706874682731 ], [ -85.841213535977232, 38.167112195954154 ], [ -85.840648467670022, 38.167922603784362 ], [ -85.840356174938407, 38.169589226802124 ], [ -85.840423956637608, 38.170182987906081 ], [ -85.841834246563366, 38.173129409913145 ], [ -85.835204128427392, 38.172858532345799 ], [ -85.834945951315305, 38.176016811647308 ], [ -85.830371511675182, 38.175907139052654 ], [ -85.830391900072328, 38.175640274089986 ], [ -85.826937900080978, 38.17550927239467 ], [ -85.823488828772611, 38.174200613762018 ], [ -85.824760398202073, 38.172993601078325 ], [ -85.828078294345957, 38.169152185785975 ], [ -85.830309806131467, 38.164926257302277 ], [ -85.825876629211066, 38.16274857367123 ], [ -85.826011652150726, 38.162549130295943 ], [ -85.819553555750289, 38.17125868079102 ], [ -85.817776286888488, 38.173434402272548 ], [ -85.803046894918154, 38.172558771378476 ], [ -85.798024437959256, 38.170431220391158 ], [ -85.797550947320559, 38.170376669694662 ], [ -85.797170369642089, 38.169321189347016 ], [ -85.797946891028658, 38.160560272467563 ], [ -85.797784888383902, 38.160473272918068 ], [ -85.797891891888185, 38.159565271433898 ], [ -85.7989369043989, 38.154557233376266 ], [ -85.801947461131547, 38.155406751459033 ], [ -85.803001520000905, 38.154356111881683 ], [ -85.804089728925319, 38.153786840143098 ], [ -85.808701931826747, 38.153306298157013 ], [ -85.810473458378354, 38.153654833009874 ], [ -85.812999159700496, 38.154987112082978 ], [ -85.836615825992496, 38.143449363169857 ], [ -85.836810090358583, 38.143422441737961 ], [ -85.839057584418271, 38.144584809126968 ], [ -85.839588405683571, 38.143491107112951 ], [ -85.866604518104154, 38.144570453592664 ], [ -85.867476562806885, 38.135691838825934 ], [ -85.868009131006133, 38.135706943294338 ], [ -85.868509110591987, 38.130847451746263 ], [ -85.877774232517595, 38.131074641197834 ], [ -85.877675637424844, 38.130632826860484 ], [ -85.877783889791331, 38.130474074535478 ], [ -85.877498470286625, 38.130048679779286 ], [ -85.87736993877941, 38.129292003526949 ], [ -85.877425259994737, 38.126010143976181 ], [ -85.877745298613021, 38.125756540383698 ], [ -85.877386964416175, 38.124425477816501 ], [ -85.878613676460688, 38.122628297409911 ], [ -85.878377936228077, 38.121561125093884 ], [ -85.880216677574325, 38.120990627538426 ], [ -85.881247284268767, 38.121116246430823 ], [ -85.881876618260932, 38.120562748859697 ], [ -85.883301420587387, 38.12004777163321 ], [ -85.885157323678598, 38.118041814277021 ], [ -85.885279089457796, 38.117349798364934 ], [ -85.88492948692361, 38.115986187732524 ], [ -85.8963090539349, 38.116515018001671 ], [ -85.896022114105463, 38.116717135808244 ], [ -85.896428676572725, 38.117474450921115 ], [ -85.897526072400353, 38.122294269666661 ], [ -85.897882529132573, 38.122237656012999 ], [ -85.899181832822066, 38.122795699406488 ], [ -85.898931075359869, 38.118922574124944 ], [ -85.898573303211322, 38.11826353232653 ], [ -85.897487974715503, 38.117089709720346 ], [ -85.897273487918866, 38.116555846249845 ], [ -85.906134946506285, 38.11699630914795 ], [ -85.906910822534741, 38.121129230240918 ], [ -85.908085519122949, 38.129602669882331 ], [ -85.908629508024646, 38.137493368715113 ], [ -85.908864597846602, 38.138303833938394 ], [ -85.909014769243313, 38.140452712276712 ], [ -85.90908795666337, 38.142569672880349 ], [ -85.908669825192362, 38.14927724469284 ], [ -85.908234148754886, 38.153164128263498 ], [ -85.908159694948708, 38.158274839258631 ], [ -85.906939068822425, 38.165527768787754 ], [ -85.906177061464078, 38.167916759459928 ], [ -85.903335228946943, 38.174440029320841 ], [ -85.899673218802349, 38.180330917202681 ], [ -85.895370439453245, 38.17857092846166 ], [ -85.88958469209625, 38.175414653167039 ], [ -85.890087920491268, 38.175166268430644 ], [ -85.891282920846962, 38.17185626952692 ], [ -85.892563920566573, 38.16766726864472 ], [ -85.892798921585026, 38.166613268611982 ] ] ] } },
{ "type": "Feature", "properties": { "district": 13 }, "geometry": { "type": "Polygon", "coordinates": [ [ [ -85.744952876563843, 38.17158627611871 ], [ -85.739249855820788, 38.165420279454501 ], [ -85.734276870274186, 38.160546275807221 ], [ -85.731566870095591, 38.15867227636042 ], [ -85.727546333371095, 38.167114227327808 ], [ -85.725419870260524, 38.17081927882348 ], [ -85.720793749386999, 38.169648786471889 ], [ -85.720945866717287, 38.163374274797256 ], [ -85.720659976835393, 38.161440491696119 ], [ -85.719804866095259, 38.159614274986211 ], [ -85.714681161465123, 38.151382775525285 ], [ -85.714111863836905, 38.151657273210297 ], [ -85.700053484592331, 38.150996712428729 ], [ -85.700145194178035, 38.148341073277294 ], [ -85.700022124238629, 38.147690409059685 ], [ -85.691297836066809, 38.146707559257479 ], [ -85.686736604301942, 38.138433506259574 ], [ -85.689468549242932, 38.137913789741226 ], [ -85.694533539339858, 38.136288606150849 ], [ -85.6971095945553, 38.136171912356744 ], [ -85.69732777944796, 38.13102129174947 ], [ -85.701363860328485, 38.132068271400648 ], [ -85.701343858639433, 38.134673271999318 ], [ -85.701755858736874, 38.134771273482649 ], [ -85.705310655431632, 38.134605574229305 ], [ -85.702903858393142, 38.130444271621897 ], [ -85.702428859168833, 38.129314270546054 ], [ -85.702004861602731, 38.127612270133319 ], [ -85.70168085893232, 38.121579269777087 ], [ -85.701595858854489, 38.118039269152177 ], [ -85.701859858423958, 38.118182267361099 ], [ -85.701577859619732, 38.111489265648096 ], [ -85.699403858774417, 38.110501267300457 ], [ -85.698643858217949, 38.109323266417618 ], [ -85.70019585652436, 38.108987266136808 ], [ -85.700107857507206, 38.107008265911666 ], [ -85.699345414359883, 38.106938920509009 ], [ -85.698855857355809, 38.106452265303233 ], [ -85.698759399316543, 38.104190028848663 ], [ -85.696094857713206, 38.104273267739387 ], [ -85.695571857654599, 38.102971263948952 ], [ -85.695744855308476, 38.102632264917524 ], [ -85.694774853600549, 38.101307267491535 ], [ -85.694844853583049, 38.100824265376005 ], [ -85.694659553969444, 38.100671111202701 ], [ -85.694924788402929, 38.100099861986685 ], [ -85.69647923186794, 38.10033995102674 ], [ -85.696371952431022, 38.101477940389636 ], [ -85.696678193376712, 38.102044098523542 ], [ -85.69865255036818, 38.101248528784218 ], [ -85.698887484109591, 38.100828931700228 ], [ -85.699692717824064, 38.101123509364378 ], [ -85.699835243335258, 38.101386676053231 ], [ -85.699778243389929, 38.101684927959994 ], [ -85.700895293317743, 38.101736813440517 ], [ -85.700665951735246, 38.095347109300313 ], [ -85.700856958667273, 38.091288956732271 ], [ -85.698857046286463, 38.091083173858344 ], [ -85.698533155478259, 38.091889497112732 ], [ -85.697766781562365, 38.093705699542724 ], [ -85.697857855987465, 38.093489265948669 ], [ -85.689485852116917, 38.092247264533995 ], [ -85.689058852515785, 38.093577263165898 ], [ -85.686776853142945, 38.093253263044396 ], [ -85.686058851457602, 38.097240264321869 ], [ -85.680019850408087, 38.105973266835342 ], [ -85.678909852972254, 38.105999265605249 ], [ -85.678782602888248, 38.105804155034903 ], [ -85.678916851765749, 38.105504266559635 ], [ -85.678825849004213, 38.105223268912162 ], [ -85.678180480667351, 38.104811505599784 ], [ -85.677209852041116, 38.104447265621523 ], [ -85.676174849548758, 38.10431326818491 ], [ -85.676429514590538, 38.103524608019235 ], [ -85.677924838772839, 38.103660736812991 ], [ -85.677971283896895, 38.103503411480197 ], [ -85.678171772287115, 38.103536054029121 ], [ -85.678129354836528, 38.103280227511569 ], [ -85.67844929805257, 38.102418560693707 ], [ -85.678000740102348, 38.101812769569285 ], [ -85.67757229399966, 38.101625882614222 ], [ -85.677434635532592, 38.100942266926118 ], [ -85.676741060168879, 38.100566212579373 ], [ -85.676963958057101, 38.099843770467174 ], [ -85.676782498589063, 38.099192822252704 ], [ -85.676090014359403, 38.098734854622847 ], [ -85.675690813376079, 38.097907203823524 ], [ -85.67474440270469, 38.097997626409963 ], [ -85.673099748588726, 38.096834639976045 ], [ -85.671952734367622, 38.096237381102725 ], [ -85.671029172295988, 38.096219067705903 ], [ -85.670052683501183, 38.095801905286578 ], [ -85.669166630013606, 38.092823470234769 ], [ -85.668284449181144, 38.092888147919098 ], [ -85.6644109876177, 38.092154845096694 ], [ -85.657674516922114, 38.091782137176082 ], [ -85.651367051574979, 38.090380889924809 ], [ -85.649097139916748, 38.090020049565588 ], [ -85.647030752882145, 38.089976456587301 ], [ -85.644483265882002, 38.089486918448159 ], [ -85.643855579682011, 38.089150694465467 ], [ -85.642099451066287, 38.087581669781557 ], [ -85.642549300389732, 38.087541794212981 ], [ -85.642851404939307, 38.087301485602872 ], [ -85.642572782919387, 38.086126707710413 ], [ -85.642620128149559, 38.085731064701648 ], [ -85.644157571588693, 38.084936250117572 ], [ -85.644502542654322, 38.084284476855693 ], [ -85.644142838532886, 38.083795264012018 ], [ -85.642706599981523, 38.083604072455792 ], [ -85.642288913029105, 38.083347474097273 ], [ -85.642294356898432, 38.082581374366953 ], [ -85.642532842869528, 38.082309264878845 ], [ -85.642604026930215, 38.081781584069567 ], [ -85.643018552084087, 38.081258947107223 ], [ -85.712591364456799, 38.087293797800612 ], [ -85.816420280971826, 38.058572307186772 ], [ -85.816492873106768, 38.058975534900362 ], [ -85.815834749160416, 38.059394620431121 ], [ -85.814492277526128, 38.062460221204532 ], [ -85.813621884618044, 38.063351017184878 ], [ -85.81302857971896, 38.064266183821459 ], [ -85.812080210081163, 38.064759395186712 ], [ -85.811907902675827, 38.066171288121552 ], [ -85.811476256845268, 38.066828448338669 ], [ -85.811400301807311, 38.067694430163016 ], [ -85.810899296376789, 38.06826710335185 ], [ -85.811021949653579, 38.069578916683191 ], [ -85.810793999471599, 38.070916768324111 ], [ -85.810395526141335, 38.071231794483154 ], [ -85.809547290017875, 38.071360617659153 ], [ -85.809445851190034, 38.072301669140678 ], [ -85.807985260784392, 38.074115211236318 ], [ -85.807930087368661, 38.075944911168037 ], [ -85.807577009906581, 38.076577715024243 ], [ -85.80753856034255, 38.077343193896823 ], [ -85.807001087486441, 38.077854431626143 ], [ -85.806560021263934, 38.078697026690691 ], [ -85.806486231312306, 38.080018608390588 ], [ -85.806250446457057, 38.080324168016048 ], [ -85.803668568313427, 38.081850597893599 ], [ -85.803064863439772, 38.082846565678992 ], [ -85.80295135345645, 38.08350332239511 ], [ -85.80292342707952, 38.083987589390297 ], [ -85.803277018285357, 38.085615960157838 ], [ -85.803523987689175, 38.086063037725864 ], [ -85.804013445277533, 38.086654536767014 ], [ -85.805420397081392, 38.08777834282931 ], [ -85.806234682856868, 38.088826709132029 ], [ -85.807809008287265, 38.089626142927074 ], [ -85.808439887861127, 38.090287257689923 ], [ -85.809470095307574, 38.091010511635922 ], [ -85.811648952877107, 38.091794498083154 ], [ -85.811948294701892, 38.092072737879356 ], [ -85.812434859152148, 38.093941234721683 ], [ -85.812921778189747, 38.094741021745243 ], [ -85.814376889456554, 38.095893258047816 ], [ -85.815477643977871, 38.0981567186723 ], [ -85.815237127411436, 38.098973471453583 ], [ -85.814781140809899, 38.099359728515132 ], [ -85.814444540656424, 38.100016251737628 ], [ -85.814445628293285, 38.100380496964604 ], [ -85.814281297665474, 38.100501485859034 ], [ -85.813290007528153, 38.103186107196791 ], [ -85.813053534982245, 38.10352983694542 ], [ -85.812551326443895, 38.103631597555335 ], [ -85.812422880686981, 38.10481070598928 ], [ -85.811335720508737, 38.107422669578632 ], [ -85.805697888009206, 38.109812155298215 ], [ -85.806356337640466, 38.110915436915185 ], [ -85.806070905994858, 38.111707479711164 ], [ -85.796504963002334, 38.118879623902401 ], [ -85.795277873532612, 38.119182990467195 ], [ -85.795157621150011, 38.119093433602792 ], [ -85.796166887471671, 38.120653265845071 ], [ -85.796205701562954, 38.125234022043216 ], [ -85.793640668239263, 38.127260623378525 ], [ -85.783890938772259, 38.135743595288524 ], [ -85.780178078265408, 38.13847669452548 ], [ -85.783000876404301, 38.139401631711628 ], [ -85.775258462782972, 38.145776728014816 ], [ -85.773593321388915, 38.147525572155558 ], [ -85.770802703822085, 38.149354547740998 ], [ -85.770014557920632, 38.148502945852812 ], [ -85.771115270765705, 38.147634050434696 ], [ -85.76693390679246, 38.146806930829428 ], [ -85.764170842585756, 38.148303938588015 ], [ -85.766711701517195, 38.151102848590604 ], [ -85.765432806769098, 38.152919575055265 ], [ -85.764664827488161, 38.156259645550257 ], [ -85.764663462730681, 38.157299615515342 ], [ -85.763577734118925, 38.158063586314235 ], [ -85.757718260704948, 38.152877792139151 ], [ -85.750986391922382, 38.157712145858412 ], [ -85.749737594698516, 38.15952017620139 ], [ -85.74948038334432, 38.160499084026284 ], [ -85.749441008133658, 38.161641073612905 ], [ -85.751042774772941, 38.167632964704069 ], [ -85.750982877676165, 38.167411274485836 ], [ -85.744952876563843, 38.17158627611871 ] ] ] } },
{ "type": "Feature", "properties": { "district": 14 }, "geometry": { "type": "Polygon", "coordinates": [ [ [ -85.866604518104154, 38.144570453592664 ], [ -85.850740863727722, 38.143991771702666 ], [ -85.851246909207447, 38.139782594583906 ], [ -85.846675877809531, 38.138756994391969 ], [ -85.846267124505886, 38.138611539111288 ], [ -85.846591511765638, 38.138081918766368 ], [ -85.843530897943936, 38.137047924170297 ], [ -85.848374617957916, 38.129495961911104 ], [ -85.85403588538756, 38.123188216464122 ], [ -85.86227516433415, 38.113594008419568 ], [ -85.865029127121801, 38.110175019398213 ], [ -85.869116599560385, 38.103875189664656 ], [ -85.875814175952286, 38.092326572111638 ], [ -85.874745789087314, 38.091959027002893 ], [ -85.871208808675277, 38.091497225080474 ], [ -85.866598792389411, 38.089873900042448 ], [ -85.863987673976609, 38.08917969730345 ], [ -85.864728623139783, 38.087654289923556 ], [ -85.857015899966683, 38.086313256854758 ], [ -85.854456903163566, 38.088393256485858 ], [ -85.850288899856238, 38.090307257885293 ], [ -85.84278789720625, 38.095917257917847 ], [ -85.832510896760709, 38.099545258226321 ], [ -85.83125989450734, 38.100494258124741 ], [ -85.828051892941915, 38.104159260300406 ], [ -85.826761248528243, 38.105276908072511 ], [ -85.80694106614304, 38.117057956467654 ], [ -85.796210888387961, 38.125205267247914 ], [ -85.796166887471671, 38.120653265845071 ], [ -85.795157621150011, 38.119093433602792 ], [ -85.795277873532612, 38.119182990467195 ], [ -85.796504963002334, 38.118879623902401 ], [ -85.806070905994858, 38.111707479711164 ], [ -85.806356337640466, 38.110915436915185 ], [ -85.805697888009206, 38.109812155298215 ], [ -85.811335720508737, 38.107422669578632 ], [ -85.812422880686981, 38.10481070598928 ], [ -85.812551326443895, 38.103631597555335 ], [ -85.813053534982245, 38.10352983694542 ], [ -85.813290007528153, 38.103186107196791 ], [ -85.814281297665474, 38.100501485859034 ], [ -85.814445628293285, 38.100380496964604 ], [ -85.814444540656424, 38.100016251737628 ], [ -85.814781140809899, 38.099359728515132 ], [ -85.815237127411436, 38.098973471453583 ], [ -85.815477643977871, 38.0981567186723 ], [ -85.814376889456554, 38.095893258047816 ], [ -85.812921778189747, 38.094741021745243 ], [ -85.812434859152148, 38.093941234721683 ], [ -85.811948294701892, 38.092072737879356 ], [ -85.811648952877107, 38.091794498083154 ], [ -85.809470095307574, 38.091010511635922 ], [ -85.808439887861127, 38.090287257689923 ], [ -85.807809008287265, 38.089626142927074 ], [ -85.806234682856868, 38.088826709132029 ], [ -85.805420397081392, 38.08777834282931 ], [ -85.804013445277533, 38.086654536767014 ], [ -85.803523987689175, 38.086063037725864 ], [ -85.803277018285357, 38.085615960157838 ], [ -85.80292342707952, 38.083987589390297 ], [ -85.803064863439772, 38.082846565678992 ], [ -85.803668568313427, 38.081850597893599 ], [ -85.806250446457057, 38.080324168016048 ], [ -85.806486231312306, 38.080018608390588 ], [ -85.806560021263934, 38.078697026690691 ], [ -85.807001087486441, 38.077854431626143 ], [ -85.80753856034255, 38.077343193896823 ], [ -85.807577009906581, 38.076577715024243 ], [ -85.807930087368661, 38.075944911168037 ], [ -85.807985260784392, 38.074115211236318 ], [ -85.809445851190034, 38.072301669140678 ], [ -85.809547290017875, 38.071360617659153 ], [ -85.810395526141335, 38.071231794483154 ], [ -85.810793999471599, 38.070916768324111 ], [ -85.811021949653579, 38.069578916683191 ], [ -85.810899296376789, 38.06826710335185 ], [ -85.811400301807311, 38.067694430163016 ], [ -85.811476256845268, 38.066828448338669 ], [ -85.811907902675827, 38.066171288121552 ], [ -85.812080210081163, 38.064759395186712 ], [ -85.81302857971896, 38.064266183821459 ], [ -85.813621884618044, 38.063351017184878 ], [ -85.814492277526128, 38.062460221204532 ], [ -85.815834749160416, 38.059394620431121 ], [ -85.816492873106768, 38.058975534900362 ], [ -85.816420280971826, 38.058572307186772 ], [ -85.857557336555971, 38.047281349424757 ], [ -85.877280286553741, 38.041695915283945 ], [ -85.880111785516746, 38.040967644497627 ], [ -85.882179595287695, 38.040923893457602 ], [ -85.882652402192576, 38.040663930308213 ], [ -85.882763047762808, 38.040421279409436 ], [ -85.882622843330452, 38.040058319975515 ], [ -85.882768103076444, 38.039721982023927 ], [ -85.88300433556671, 38.039512161221367 ], [ -85.883560918970716, 38.039384072888843 ], [ -85.883796950045451, 38.039119200299822 ], [ -85.883285272867482, 38.037919986314485 ], [ -85.883618228781856, 38.037489611126212 ], [ -85.886081314347535, 38.036811474938396 ], [ -85.887228390495608, 38.03627999131664 ], [ -85.888639443592282, 38.035488981558103 ], [ -85.889457953182088, 38.034440675996386 ], [ -85.890425490000339, 38.034405056546284 ], [ -85.891084797297808, 38.033682030160413 ], [ -85.892621952228751, 38.033094171136732 ], [ -85.894845631233082, 38.031761458961547 ], [ -85.895741209570275, 38.030927607430691 ], [ -85.897207298076879, 38.029904857004688 ], [ -85.89774239574939, 38.029699833356112 ], [ -85.898236798375564, 38.029720544534761 ], [ -85.898973578289343, 38.029333046318172 ], [ -85.900199898600846, 38.029693293748025 ], [ -85.900484418615889, 38.029389694825525 ], [ -85.900698134789209, 38.028678756645007 ], [ -85.900975995994045, 38.028490812276885 ], [ -85.901422059593671, 38.028643854483597 ], [ -85.902642983520494, 38.029543694955187 ], [ -85.903088502824616, 38.029514879413732 ], [ -85.90436046271995, 38.028889244760393 ], [ -85.904665036922708, 38.028326760632154 ], [ -85.904188493452324, 38.02727072175179 ], [ -85.904304894310158, 38.026653687970267 ], [ -85.904687172494178, 38.026443336741707 ], [ -85.904998393515754, 38.025809259145042 ], [ -85.906326444689782, 38.025299103975492 ], [ -85.906637870905229, 38.024752982118244 ], [ -85.906740457432861, 38.02412499211011 ], [ -85.906634836876847, 38.02375080186826 ], [ -85.905288301901734, 38.022774185953182 ], [ -85.905168668402638, 38.022345127002474 ], [ -85.906139558330494, 38.021169551968569 ], [ -85.906491239451299, 38.020116760982297 ], [ -85.906797040095881, 38.019961654256143 ], [ -85.907034081443967, 38.020076764325538 ], [ -85.906894718054531, 38.022268720080817 ], [ -85.907125398751418, 38.022554505702303 ], [ -85.907801012031527, 38.022712340918105 ], [ -85.909081340473989, 38.022538155996571 ], [ -85.910106209493193, 38.023053016189337 ], [ -85.910390081651116, 38.022584123408997 ], [ -85.910298156482853, 38.02211081225645 ], [ -85.90937047146808, 38.021524093489326 ], [ -85.909187404516842, 38.020874849065606 ], [ -85.909227244885912, 38.020241461106217 ], [ -85.909657233970236, 38.019728191562216 ], [ -85.909976882307063, 38.019573067269697 ], [ -85.910512970029046, 38.019626727767573 ], [ -85.912151775760663, 38.02056381836988 ], [ -85.912757716880748, 38.020677782601972 ], [ -85.913448898616195, 38.019150509806337 ], [ -85.914440750653895, 38.015898814030706 ], [ -85.915278859439852, 38.014624343832502 ], [ -85.915443937653833, 38.014029287149242 ], [ -85.915156830530293, 38.013484863276211 ], [ -85.914416964282424, 38.012815109642602 ], [ -85.913969074333366, 38.01210047446461 ], [ -85.913847035045791, 38.010916912070122 ], [ -85.914089409177834, 38.01051429823022 ], [ -85.915278931147796, 38.010329159151375 ], [ -85.915651475271773, 38.009331340147305 ], [ -85.916737252811174, 38.009361471728965 ], [ -85.918072607488199, 38.009071290280822 ], [ -85.91937822694031, 38.010339748872283 ], [ -85.919935062786962, 38.010354677870161 ], [ -85.921412067841601, 38.008725994013965 ], [ -85.922845154890638, 38.008462983134613 ], [ -85.924552971072899, 38.007285295127602 ], [ -85.924843684926472, 38.006838376082598 ], [ -85.924848290137248, 38.006111446821073 ], [ -85.925145668665976, 38.005537954107247 ], [ -85.926355608691495, 38.005242521991534 ], [ -85.926945061004588, 38.004640713418688 ], [ -85.92980490888047, 38.002484771677857 ], [ -85.930518449873645, 38.0015520556857 ], [ -85.930835629376276, 38.000681034440866 ], [ -85.932349979486958, 37.998262136365732 ], [ -85.933674985900339, 37.997358646975592 ], [ -85.935668285284095, 37.996918560741655 ], [ -85.939732231888911, 37.999549566112378 ], [ -85.944816411733584, 38.002346435919769 ], [ -85.947127191651489, 38.005075376274362 ], [ -85.943758644203243, 38.006265811365573 ], [ -85.942698180826383, 38.006826178332332 ], [ -85.939524263428751, 38.009814513256977 ], [ -85.933513570492849, 38.014088664685467 ], [ -85.929055787419742, 38.017873609250969 ], [ -85.927388312152175, 38.019603832280737 ], [ -85.925686453061999, 38.021762623114803 ], [ -85.923652478991229, 38.024866455924411 ], [ -85.921463773566657, 38.029728200399667 ], [ -85.920031283736222, 38.035033271098193 ], [ -85.918977212325629, 38.040709359557447 ], [ -85.918364301842246, 38.048779527799546 ], [ -85.917035063184528, 38.057261644831144 ], [ -85.916439188873923, 38.059580057527555 ], [ -85.916158483182073, 38.063645618090263 ], [ -85.915104266566104, 38.067699933923961 ], [ -85.913528781285521, 38.072836275057242 ], [ -85.913288320662545, 38.07307785618228 ], [ -85.913242396459509, 38.071787001632131 ], [ -85.913087690180063, 38.071330847909458 ], [ -85.912153586522791, 38.07303884765885 ], [ -85.909168526415371, 38.079966160622845 ], [ -85.907673246999906, 38.082943077600348 ], [ -85.905312320338851, 38.08882058810503 ], [ -85.905037417304172, 38.090006937219265 ], [ -85.904808191504387, 38.093500809433607 ], [ -85.904367252834987, 38.097066513559817 ], [ -85.904252687850487, 38.099220256846237 ], [ -85.904407241471901, 38.101999564653198 ], [ -85.904258346464232, 38.103472172582904 ], [ -85.904613701892174, 38.108229171648176 ], [ -85.905427262550162, 38.111827705772235 ], [ -85.906134946506285, 38.11699630914795 ], [ -85.897273487918866, 38.116555846249845 ], [ -85.897487974715503, 38.117089709720346 ], [ -85.898573303211322, 38.11826353232653 ], [ -85.898931075359869, 38.118922574124944 ], [ -85.899181832822066, 38.122795699406488 ], [ -85.897882529132573, 38.122237656012999 ], [ -85.897526072400353, 38.122294269666661 ], [ -85.896428676572725, 38.117474450921115 ], [ -85.896022114105463, 38.116717135808244 ], [ -85.8963090539349, 38.116515018001671 ], [ -85.88492948692361, 38.115986187732524 ], [ -85.885279089457796, 38.117349798364934 ], [ -85.885157323678598, 38.118041814277021 ], [ -85.883301420587387, 38.12004777163321 ], [ -85.881876618260932, 38.120562748859697 ], [ -85.881247284268767, 38.121116246430823 ], [ -85.880216677574325, 38.120990627538426 ], [ -85.878377936228077, 38.121561125093884 ], [ -85.878613676460688, 38.122628297409911 ], [ -85.877386964416175, 38.124425477816501 ], [ -85.877745298613021, 38.125756540383698 ], [ -85.877425259994737, 38.126010143976181 ], [ -85.87736993877941, 38.129292003526949 ], [ -85.877498470286625, 38.130048679779286 ], [ -85.877783889791331, 38.130474074535478 ], [ -85.877675637424844, 38.130632826860484 ], [ -85.877774232517595, 38.131074641197834 ], [ -85.868509110591987, 38.130847451746263 ], [ -85.868009131006133, 38.135706943294338 ], [ -85.867476562806885, 38.135691838825934 ], [ -85.866604518104154, 38.144570453592664 ] ] ] } },
{ "type": "Feature", "properties": { "district": 15 }, "geometry": { "type": "Polygon", "coordinates": [ [ [ -85.745325880078965, 38.222861288578997 ], [ -85.743431469414304, 38.221744703220075 ], [ -85.743967058593526, 38.21815827906854 ], [ -85.743544051570581, 38.216330320662422 ], [ -85.741747709119807, 38.21327069868817 ], [ -85.737558961685195, 38.206901620747992 ], [ -85.74532789066167, 38.207213283127331 ], [ -85.744028684409173, 38.204169783752917 ], [ -85.745044265452435, 38.203502128206033 ], [ -85.746029421262449, 38.2019348162002 ], [ -85.746629803655082, 38.20139978207721 ], [ -85.748965422001632, 38.200527104226126 ], [ -85.74946945459115, 38.200202107308002 ], [ -85.749819652263682, 38.199741776181838 ], [ -85.750804485352532, 38.199884471838672 ], [ -85.750891877416507, 38.194896280319732 ], [ -85.750253880726987, 38.194874280992536 ], [ -85.750253922002443, 38.193995364968693 ], [ -85.753762280411451, 38.194160822816677 ], [ -85.755564428477385, 38.1938493290249 ], [ -85.755247007127721, 38.192668954314293 ], [ -85.755005397887743, 38.192326653451268 ], [ -85.755076388521758, 38.192081721569572 ], [ -85.754614910101608, 38.190324189304079 ], [ -85.758482772658766, 38.190308459704831 ], [ -85.772060848816579, 38.189765720488168 ], [ -85.775094556535649, 38.189439701946924 ], [ -85.775241487563193, 38.188858113181951 ], [ -85.776300398015493, 38.188817994643522 ], [ -85.776379266762518, 38.18840040943352 ], [ -85.776587199093214, 38.18818362824836 ], [ -85.779780736888952, 38.187380155532914 ], [ -85.782651990026878, 38.187786412838747 ], [ -85.783119810663393, 38.184913266398155 ], [ -85.784021215407293, 38.184901463324685 ], [ -85.783169077198409, 38.179009613451932 ], [ -85.782820887240888, 38.177813278230857 ], [ -85.782573183400658, 38.175092811600223 ], [ -85.779384997587144, 38.162336590511956 ], [ -85.777583320662146, 38.155924159383382 ], [ -85.778064081244111, 38.1557539283205 ], [ -85.77986788173682, 38.15445355901965 ], [ -85.781975399568807, 38.15402533266365 ], [ -85.784449496603457, 38.151922975811431 ], [ -85.790793886946759, 38.152764270611762 ], [ -85.79277092521086, 38.15375087604923 ], [ -85.797635358226088, 38.15416463609067 ], [ -85.7989369043989, 38.154557233376266 ], [ -85.797784888383902, 38.160473272918068 ], [ -85.797946891028658, 38.160560272467563 ], [ -85.797172241157867, 38.168980801731053 ], [ -85.797204769884146, 38.169605399119433 ], [ -85.797550947320559, 38.170376669694662 ], [ -85.798024437959256, 38.170431220391158 ], [ -85.80321813527496, 38.172589942364013 ], [ -85.817869917507551, 38.173452560842797 ], [ -85.80895117826114, 38.185413811622752 ], [ -85.801070930617584, 38.186155194251334 ], [ -85.801493892136008, 38.187954276855869 ], [ -85.80092489586265, 38.190467275305409 ], [ -85.800607893713106, 38.194483277198408 ], [ -85.799294893447183, 38.195278279154643 ], [ -85.799073893893151, 38.196095280174859 ], [ -85.796623894482437, 38.196018278925791 ], [ -85.796688895245339, 38.19389728009515 ], [ -85.795136892673639, 38.193708278859958 ], [ -85.794961893785256, 38.194074277857773 ], [ -85.793486891157755, 38.19402227617266 ], [ -85.79333383282065, 38.196628172493376 ], [ -85.792924944608018, 38.196616791701807 ], [ -85.792945889714275, 38.197214280374197 ], [ -85.791761893164008, 38.19718027945256 ], [ -85.791761891589047, 38.198364279574832 ], [ -85.790620889831629, 38.198381280317911 ], [ -85.790577891904633, 38.199378280693729 ], [ -85.79003789223907, 38.199378281305016 ], [ -85.789993890059023, 38.200497279463576 ], [ -85.78818689187618, 38.200764278997845 ], [ -85.788121888409449, 38.201880281902319 ], [ -85.787376892071975, 38.201962279929774 ], [ -85.787826992029949, 38.202567215178206 ], [ -85.788202889546554, 38.202460280919908 ], [ -85.788143891725554, 38.203452279666351 ], [ -85.786998888532025, 38.204172282978178 ], [ -85.786623889185449, 38.203704280231527 ], [ -85.784666898648666, 38.204622279434524 ], [ -85.784319979372228, 38.204202387441164 ], [ -85.783372890308428, 38.204646280047278 ], [ -85.783604374908919, 38.204963561133638 ], [ -85.780800169090341, 38.206527055290891 ], [ -85.780412516610198, 38.206013492484431 ], [ -85.77936043301554, 38.206506006425116 ], [ -85.778007628670636, 38.204897198810848 ], [ -85.776194431577252, 38.206336662364784 ], [ -85.770538506728457, 38.205653411673538 ], [ -85.76985351285775, 38.209575007762282 ], [ -85.763233883980291, 38.208852282223951 ], [ -85.762281305673767, 38.213705386117816 ], [ -85.759691531171129, 38.213411072501913 ], [ -85.759395686151805, 38.215522392299647 ], [ -85.757476750687147, 38.214888935872345 ], [ -85.755107105904059, 38.214610353220344 ], [ -85.755358300389091, 38.213153947846159 ], [ -85.753798928347734, 38.212898557295709 ], [ -85.752908514492532, 38.212375167215896 ], [ -85.752394936517291, 38.215423560508043 ], [ -85.752292475067563, 38.218334319688758 ], [ -85.75214575868128, 38.218321954112305 ], [ -85.751618879609254, 38.220146287408561 ], [ -85.745325880078965, 38.222861288578997 ] ] ] } },
{ "type": "Feature", "properties": { "district": 16 }, "geometry": { "type": "Polygon", "coordinates": [ [ [ -85.58525447245313, 38.339422386286522 ], [ -85.574703364650617, 38.333951165033298 ], [ -85.561239710423592, 38.33714852178165 ], [ -85.514533941046494, 38.311024638257862 ], [ -85.518973519453283, 38.308853840800019 ], [ -85.517130956144726, 38.306726620335489 ], [ -85.517157070400827, 38.306270048195543 ], [ -85.519833062526033, 38.305408892527126 ], [ -85.520303310962277, 38.305028040856214 ], [ -85.521088442058655, 38.305126883496854 ], [ -85.521941512597451, 38.304902269766586 ], [ -85.522715224399917, 38.306770470237296 ], [ -85.523563441553435, 38.308204743567131 ], [ -85.526245948677669, 38.308259163283537 ], [ -85.527819465159638, 38.30866033576595 ], [ -85.528438019554528, 38.30911384410215 ], [ -85.529908346025778, 38.3111897108218 ], [ -85.529648107016115, 38.312991602877823 ], [ -85.529875925329847, 38.313705111296478 ], [ -85.532758606238019, 38.312830495630294 ], [ -85.532606850421786, 38.312132718273617 ], [ -85.531780106620801, 38.311995933000816 ], [ -85.530656511778844, 38.310417865820348 ], [ -85.533181662155599, 38.309433048208582 ], [ -85.53498783999747, 38.309273971004153 ], [ -85.537097531722367, 38.308274908695672 ], [ -85.539655825738308, 38.311769312398887 ], [ -85.539973460516237, 38.312423168780491 ], [ -85.540042826867989, 38.313409314523476 ], [ -85.539438824335647, 38.317578312521647 ], [ -85.545340328406468, 38.317267097356421 ], [ -85.547735826822645, 38.317567313148075 ], [ -85.553243831781586, 38.317447312537546 ], [ -85.561323321197335, 38.315692724480336 ], [ -85.568338836621038, 38.312061313151581 ], [ -85.570619837025887, 38.310611311851382 ], [ -85.572970837638806, 38.308960310435559 ], [ -85.578788838513333, 38.304121310097386 ], [ -85.581192823513717, 38.302597288990199 ], [ -85.582737836440145, 38.302173307918686 ], [ -85.584257195611912, 38.302832665842907 ], [ -85.585336837758646, 38.303016310400444 ], [ -85.587246849183856, 38.302363435925109 ], [ -85.589404838849646, 38.302039308123483 ], [ -85.600772841760602, 38.296438305901518 ], [ -85.605849845598684, 38.29248730657612 ], [ -85.607141115790043, 38.292252552541065 ], [ -85.608867696669591, 38.292490145356005 ], [ -85.611740556718459, 38.292461839520193 ], [ -85.613947771232233, 38.291756060234391 ], [ -85.619316845949996, 38.288766303615667 ], [ -85.621033847468667, 38.288436306276054 ], [ -85.621048848366712, 38.288053306134124 ], [ -85.621294846883231, 38.287643304890771 ], [ -85.626378850816664, 38.284804304587979 ], [ -85.628244851521643, 38.287164305308174 ], [ -85.628383851510662, 38.287077303458595 ], [ -85.628758851795681, 38.287952303503829 ], [ -85.629670852083166, 38.288955306612699 ], [ -85.629622701901724, 38.289090587828056 ], [ -85.630635844846594, 38.290352823634372 ], [ -85.630731851207329, 38.29030630330503 ], [ -85.636299853191986, 38.287224305089971 ], [ -85.633033849959759, 38.283204304540732 ], [ -85.633772851597726, 38.282338301773919 ], [ -85.635855850488113, 38.280272304135302 ], [ -85.638199853124462, 38.278346300608803 ], [ -85.640916235008149, 38.276680690794102 ], [ -85.645463866263285, 38.274219510045882 ], [ -85.651913855893156, 38.282436302228788 ], [ -85.653473858540067, 38.282140302500643 ], [ -85.653898365861508, 38.282341262430357 ], [ -85.654342290905902, 38.2841498691295 ], [ -85.654238038576366, 38.286545057827617 ], [ -85.654922580165859, 38.286700234726382 ], [ -85.65715530589938, 38.286279958647057 ], [ -85.659123658454902, 38.28638600129652 ], [ -85.66224077878978, 38.286142725492383 ], [ -85.663448537871005, 38.286401051457354 ], [ -85.666674354931885, 38.287730504081665 ], [ -85.667524764394258, 38.28833709705097 ], [ -85.668567469747074, 38.289505690335645 ], [ -85.672681425575064, 38.294568474982896 ], [ -85.676972811072787, 38.299476531100474 ], [ -85.673959656790814, 38.301853832816633 ], [ -85.67299833269243, 38.303274567241537 ], [ -85.673003550341974, 38.303522880977006 ], [ -85.672162286951774, 38.304877772508533 ], [ -85.671237029469651, 38.30684476071918 ], [ -85.670033027866239, 38.308352346305988 ], [ -85.667862065020699, 38.310379061195292 ], [ -85.665320576754226, 38.313589403864185 ], [ -85.664424790023418, 38.314427902310065 ], [ -85.662528351216622, 38.31667685410418 ], [ -85.659428556106562, 38.319675858216826 ], [ -85.658689365287131, 38.320071310484714 ], [ -85.658465687169382, 38.320598357823535 ], [ -85.657348505324393, 38.321911006292503 ], [ -85.655509290836036, 38.323734020899479 ], [ -85.653183158516626, 38.327270884353844 ], [ -85.651521463354925, 38.330269836058463 ], [ -85.651280911826646, 38.331488999910682 ], [ -85.644314860370969, 38.346024315116502 ], [ -85.642342756014699, 38.353622233116958 ], [ -85.639380612731799, 38.361113452913052 ], [ -85.638629968516526, 38.36386537947164 ], [ -85.638452162810523, 38.366671606343857 ], [ -85.63828598276119, 38.377333088252243 ], [ -85.637814274336193, 38.38023822799051 ], [ -85.626561603706776, 38.374146574704184 ], [ -85.569267821685145, 38.341707995688886 ], [ -85.578281861163944, 38.341064420270023 ], [ -85.584482149169133, 38.339800575522794 ], [ -85.58525447245313, 38.339422386286522 ] ] ] } },
{ "type": "Feature", "properties": { "district": 17 }, "geometry": { "type": "Polygon", "coordinates": [ [ [ -85.545597898889113, 38.317281077310717 ], [ -85.539438824335647, 38.317578312521647 ], [ -85.540042826867989, 38.313409314523476 ], [ -85.539973460516237, 38.312423168780491 ], [ -85.539655825738308, 38.311769312398887 ], [ -85.537097531722367, 38.308274908695672 ], [ -85.53498783999747, 38.309273971004153 ], [ -85.533181662155599, 38.309433048208582 ], [ -85.530656511778844, 38.310417865820348 ], [ -85.531780106620801, 38.311995933000816 ], [ -85.532606850421786, 38.312132718273617 ], [ -85.532758606238019, 38.312830495630294 ], [ -85.529875925329847, 38.313705111296478 ], [ -85.529648107016115, 38.312991602877823 ], [ -85.529908346025778, 38.3111897108218 ], [ -85.528438019554528, 38.30911384410215 ], [ -85.527819465159638, 38.30866033576595 ], [ -85.526245948677669, 38.308259163283537 ], [ -85.523563441553435, 38.308204743567131 ], [ -85.522715224399917, 38.306770470237296 ], [ -85.521941512597451, 38.304902269766586 ], [ -85.521088442058655, 38.305126883496854 ], [ -85.520303310962277, 38.305028040856214 ], [ -85.519833062526033, 38.305408892527126 ], [ -85.517157070400827, 38.306270048195543 ], [ -85.517130956144726, 38.306726620335489 ], [ -85.518973519453283, 38.308853840800019 ], [ -85.514533941046494, 38.311024638257862 ], [ -85.498326401962828, 38.301732895784411 ], [ -85.47640584411063, 38.289792789499948 ], [ -85.480649849024431, 38.28813156686639 ], [ -85.485791556411613, 38.283262457632766 ], [ -85.488136679049177, 38.284288697638516 ], [ -85.494065356373639, 38.286190064692455 ], [ -85.497820040082331, 38.286355476046545 ], [ -85.50975089166424, 38.288043062471189 ], [ -85.510475223369554, 38.288300045327645 ], [ -85.512262412212806, 38.289519340777666 ], [ -85.513441441227059, 38.287919814009818 ], [ -85.514163819103658, 38.286458309671815 ], [ -85.514521853100021, 38.285285296805576 ], [ -85.515050807678861, 38.282324264201911 ], [ -85.51574381675573, 38.280899309838098 ], [ -85.519450301035519, 38.27594764461454 ], [ -85.52671123313975, 38.265538247543098 ], [ -85.525201935975204, 38.26102073047646 ], [ -85.523785667171708, 38.260855012037567 ], [ -85.523538972633204, 38.259356126337948 ], [ -85.524270624413248, 38.259287454319498 ], [ -85.524405452594763, 38.260210431760896 ], [ -85.525689392331017, 38.260366437916986 ], [ -85.525274742154934, 38.258716669334362 ], [ -85.527086249689063, 38.258083882391766 ], [ -85.527140691763108, 38.257244384959222 ], [ -85.526816697980848, 38.256607689262452 ], [ -85.52936270395648, 38.256152785007927 ], [ -85.528623157057211, 38.255448583575692 ], [ -85.533465394320672, 38.253135897600828 ], [ -85.533765449654069, 38.253806974197197 ], [ -85.542291615724821, 38.251666450880919 ], [ -85.543920081590656, 38.255618163710444 ], [ -85.5473947293669, 38.254575525717655 ], [ -85.548502918641574, 38.257024204889063 ], [ -85.549544679501068, 38.256739611687351 ], [ -85.550291461374613, 38.258430917036257 ], [ -85.551866670982889, 38.258155303245076 ], [ -85.552863364022315, 38.260025472786424 ], [ -85.553810417862564, 38.262278526355097 ], [ -85.555176910446477, 38.263345381294776 ], [ -85.554800595801083, 38.264828895417438 ], [ -85.555778851903469, 38.266009272682574 ], [ -85.555816239504821, 38.266683971882443 ], [ -85.555491808861788, 38.267159189076878 ], [ -85.552438410771444, 38.266481299499993 ], [ -85.551467553861258, 38.269354947561069 ], [ -85.554325208003448, 38.270220257536771 ], [ -85.559655414897065, 38.270930104528425 ], [ -85.57426607090018, 38.270800084457605 ], [ -85.568447729747717, 38.272562216083507 ], [ -85.570442250580811, 38.277063145008789 ], [ -85.571621149996972, 38.278693299881809 ], [ -85.573358305733393, 38.278631591315794 ], [ -85.574456348477426, 38.278891717985807 ], [ -85.575282721709343, 38.279279870932072 ], [ -85.576916833961008, 38.279403304151117 ], [ -85.577843836518809, 38.2790543065516 ], [ -85.578227836997485, 38.278589304164086 ], [ -85.578083836533096, 38.278365306620266 ], [ -85.578457833524155, 38.278083305885573 ], [ -85.578741834677572, 38.278272305945862 ], [ -85.579370837208501, 38.278072303148427 ], [ -85.579945834505281, 38.277455305181604 ], [ -85.579935836771483, 38.277199304136964 ], [ -85.580580736011456, 38.276933305712738 ], [ -85.580959836584341, 38.277953303960643 ], [ -85.581388913135982, 38.278370594460895 ], [ -85.584513835354755, 38.27893655891944 ], [ -85.584447699333737, 38.279715035137322 ], [ -85.584961006925255, 38.280257384999111 ], [ -85.585747453459575, 38.280342456864446 ], [ -85.586740740251287, 38.279982318499357 ], [ -85.58695759812133, 38.280554333512036 ], [ -85.586596538833291, 38.280985347104128 ], [ -85.587212981477705, 38.281799075808742 ], [ -85.586776222364861, 38.282009523784474 ], [ -85.590445975943837, 38.28661007885065 ], [ -85.581390510118894, 38.29097413420498 ], [ -85.582456590018907, 38.29229066067353 ], [ -85.583106587739437, 38.292724025580213 ], [ -85.583829251411728, 38.292933779459361 ], [ -85.586307031909527, 38.293134100561808 ], [ -85.587349604266777, 38.293678789824192 ], [ -85.592682448162321, 38.30044146902808 ], [ -85.589404838849646, 38.302039308123483 ], [ -85.587196863938985, 38.302375456041553 ], [ -85.585413838752942, 38.303008310858246 ], [ -85.584257195611912, 38.302832665842907 ], [ -85.582737836440145, 38.302173307918686 ], [ -85.581192456284441, 38.302597465265343 ], [ -85.578788838513333, 38.304121310097386 ], [ -85.572970837638806, 38.308960310435559 ], [ -85.570619837025887, 38.310611311851382 ], [ -85.568338836621038, 38.312061313151581 ], [ -85.561356368865262, 38.315682965300532 ], [ -85.553243831781586, 38.317447312537546 ], [ -85.547735826822645, 38.317567313148075 ], [ -85.545597898889113, 38.317281077310717 ] ] ] } },
{ "type": "Feature", "properties": { "district": 18 }, "geometry": { "type": "Polygon", "coordinates": [ [ [ -85.574058199708105, 38.270809279264505 ], [ -85.559655414897065, 38.270930104528425 ], [ -85.557002378436366, 38.270659949859095 ], [ -85.554325208003448, 38.270220257536771 ], [ -85.551467553861258, 38.269354947561069 ], [ -85.552438410771444, 38.266481299499993 ], [ -85.555491808861788, 38.267159189076878 ], [ -85.555816239504821, 38.266683971882443 ], [ -85.55585903104425, 38.266266498971909 ], [ -85.554800595801083, 38.264828895417438 ], [ -85.555176910446477, 38.263345381294776 ], [ -85.553810417862564, 38.262278526355097 ], [ -85.552863364022315, 38.260025472786424 ], [ -85.551866670982889, 38.258155303245076 ], [ -85.550291461374613, 38.258430917036257 ], [ -85.549544679501068, 38.256739611687351 ], [ -85.558733311696741, 38.254235832427661 ], [ -85.558204651576062, 38.252874106306002 ], [ -85.559580426663942, 38.251568704567042 ], [ -85.557388552776146, 38.251032469912261 ], [ -85.55654409784826, 38.249106779108182 ], [ -85.560209847996035, 38.249617193526724 ], [ -85.560729459233244, 38.245181687708623 ], [ -85.567797825751953, 38.245697292628186 ], [ -85.567700831510862, 38.245467300134045 ], [ -85.568070827239922, 38.245492297740682 ], [ -85.567677828604374, 38.244118298347708 ], [ -85.56792582753117, 38.244104298463967 ], [ -85.567607831417988, 38.243008299217628 ], [ -85.56713843750245, 38.24296618314149 ], [ -85.566914829171296, 38.242327299043438 ], [ -85.568110827145176, 38.242151297296182 ], [ -85.567153176484453, 38.238807595453629 ], [ -85.562144825828625, 38.240755297706166 ], [ -85.55958741411024, 38.234025295622232 ], [ -85.558595720253294, 38.230470330940832 ], [ -85.556927908340768, 38.229074507853241 ], [ -85.555636145384398, 38.226151282321901 ], [ -85.555856945677704, 38.225253000928134 ], [ -85.555546821747896, 38.223253294736693 ], [ -85.553554831371471, 38.221678314682585 ], [ -85.571869829711915, 38.213792291758821 ], [ -85.573122910772398, 38.215822310114696 ], [ -85.57796719317669, 38.214555991582628 ], [ -85.578132833627251, 38.213576293194812 ], [ -85.579507693670223, 38.213953620592555 ], [ -85.57994783172704, 38.213110291535564 ], [ -85.580285604051497, 38.213198866259482 ], [ -85.582849834134009, 38.211779292101262 ], [ -85.582925833998246, 38.2110822906359 ], [ -85.583795631320925, 38.210482916126665 ], [ -85.58428260606874, 38.211054764660901 ], [ -85.585722119244352, 38.210322843879126 ], [ -85.588202338646838, 38.213170835090402 ], [ -85.590797753515446, 38.215365561354275 ], [ -85.593606626470859, 38.216900418206322 ], [ -85.596843525816794, 38.218056691044644 ], [ -85.601170145796047, 38.218729660255313 ], [ -85.619498843488543, 38.219540292698845 ], [ -85.620213842848415, 38.222529293340635 ], [ -85.621241579912777, 38.222262199670837 ], [ -85.622287027027994, 38.221730696564649 ], [ -85.625351843413, 38.225378293362958 ], [ -85.622144972096265, 38.227235204960792 ], [ -85.623034508526302, 38.228304668833971 ], [ -85.625803551527028, 38.226921376944425 ], [ -85.625924080359127, 38.226287122241729 ], [ -85.626227981113487, 38.226502366998204 ], [ -85.627791525007012, 38.225981706379493 ], [ -85.629811229557959, 38.228407408147881 ], [ -85.631708804650088, 38.22743438321492 ], [ -85.633563355576982, 38.229634332744517 ], [ -85.627253784124193, 38.233090967103948 ], [ -85.627383029009678, 38.233254698856946 ], [ -85.627283845202271, 38.233152294632625 ], [ -85.626728845405395, 38.233469293889584 ], [ -85.625847845468925, 38.234136295448614 ], [ -85.624215844589813, 38.235858295279385 ], [ -85.623227843569182, 38.23756929351304 ], [ -85.619346433966882, 38.249943943583141 ], [ -85.609911746100266, 38.249113999041064 ], [ -85.609566844693234, 38.251630297107951 ], [ -85.607109844702023, 38.251463298079436 ], [ -85.606870843801332, 38.253281298851697 ], [ -85.609144547895454, 38.25573990732088 ], [ -85.603812575800376, 38.258673950908545 ], [ -85.606890005476956, 38.262034042930843 ], [ -85.575955487619638, 38.270538204980618 ], [ -85.574058199708105, 38.270809279264505 ] ] ] } },
{ "type": "Feature", "properties": { "district": 19 }, "geometry": { "type": "Polygon", "coordinates": [ [ [ -85.50975089166424, 38.288043062471189 ], [ -85.49666149117445, 38.286236200966044 ], [ -85.494065356373639, 38.286190064692455 ], [ -85.488136679049177, 38.284288697638516 ], [ -85.485791556411613, 38.283262457632766 ], [ -85.480649849024431, 38.28813156686639 ], [ -85.47640584411063, 38.289792789499948 ], [ -85.468104197976103, 38.285260205825821 ], [ -85.404850803465578, 38.263737605566462 ], [ -85.414656790785457, 38.203836880562079 ], [ -85.41476651237204, 38.204092393565027 ], [ -85.415189034150359, 38.204275607639723 ], [ -85.415739907365108, 38.204187362342743 ], [ -85.416008995621539, 38.204026354307437 ], [ -85.415969063168347, 38.203856293939218 ], [ -85.416204817383658, 38.203934348826216 ], [ -85.416944808129529, 38.203705386293294 ], [ -85.417642737158076, 38.203739763798382 ], [ -85.417890008314188, 38.203953968435684 ], [ -85.418107745015703, 38.203683948812298 ], [ -85.418419105882123, 38.203658972350958 ], [ -85.418561487223727, 38.203886418724942 ], [ -85.419876516385997, 38.203529965189027 ], [ -85.420038759751051, 38.203635442052637 ], [ -85.42040116298584, 38.203339581392093 ], [ -85.420784894944532, 38.203598712787254 ], [ -85.422639128029616, 38.203202737789951 ], [ -85.424474467939234, 38.203359603401999 ], [ -85.424712002868347, 38.203549532417895 ], [ -85.424884863286948, 38.203355473046194 ], [ -85.425778819101851, 38.203487655325716 ], [ -85.425917402517243, 38.203663996063753 ], [ -85.425803841475357, 38.203812476470226 ], [ -85.426297834530899, 38.203889968097577 ], [ -85.427092594877905, 38.203795532102319 ], [ -85.427386990745035, 38.203533399184394 ], [ -85.427762797572385, 38.203690592310934 ], [ -85.427987329617579, 38.204041740567888 ], [ -85.428550629615614, 38.203780818788054 ], [ -85.429000267394485, 38.2042004075725 ], [ -85.428983379741041, 38.204392979718214 ], [ -85.429461206938129, 38.204698395122236 ], [ -85.429771505804979, 38.20450285752662 ], [ -85.430702923354119, 38.204544491515513 ], [ -85.43088967552255, 38.204711413924514 ], [ -85.430748600953137, 38.204905352661413 ], [ -85.432185888179674, 38.205460210802883 ], [ -85.433167889788464, 38.205253904476621 ], [ -85.433908689695215, 38.205811872218291 ], [ -85.434708076595683, 38.205701627781607 ], [ -85.435055531848079, 38.205945482978848 ], [ -85.435851939749639, 38.205949175873123 ], [ -85.436020190290876, 38.20619490282683 ], [ -85.436992652853917, 38.206470022854532 ], [ -85.438106146713551, 38.207306927484709 ], [ -85.438421583295749, 38.207719964620324 ], [ -85.439776534876302, 38.208102774309943 ], [ -85.44131599711676, 38.208805765158608 ], [ -85.441790361858423, 38.208895146445464 ], [ -85.442399710480046, 38.208723983884475 ], [ -85.44297312909822, 38.209095129439078 ], [ -85.443600182838338, 38.209088719094368 ], [ -85.444709134688537, 38.209949226035519 ], [ -85.446136660223118, 38.209883553265847 ], [ -85.447249689861323, 38.210076298828184 ], [ -85.447703330277278, 38.209975801323026 ], [ -85.448829312431272, 38.210221264182458 ], [ -85.448502209396608, 38.210597971825401 ], [ -85.449098792455558, 38.210420297450305 ], [ -85.450037791141042, 38.210818297506727 ], [ -85.45133279360185, 38.210978299465005 ], [ -85.452436790891156, 38.210892299843223 ], [ -85.452879792648062, 38.210673297765794 ], [ -85.453481793398709, 38.209649297566976 ], [ -85.454045792401033, 38.209348296673376 ], [ -85.454551791683087, 38.208739299156093 ], [ -85.454382792238661, 38.208280297024608 ], [ -85.454815792612777, 38.207553296016201 ], [ -85.455698794919712, 38.207009297942285 ], [ -85.45549679255079, 38.20556829682419 ], [ -85.455229931108761, 38.204838077428867 ], [ -85.45503579250412, 38.204711296577599 ], [ -85.454844793534448, 38.203974296012397 ], [ -85.455263792150348, 38.203239294940737 ], [ -85.45604979410588, 38.203157298188223 ], [ -85.456845793994248, 38.203805297701251 ], [ -85.457764796397413, 38.204229294561429 ], [ -85.459782794947685, 38.204469297331471 ], [ -85.460587795308697, 38.204154296931115 ], [ -85.46125379660279, 38.203682295151815 ], [ -85.462888796192686, 38.203130297185766 ], [ -85.464219796254739, 38.201817296073841 ], [ -85.464316794423851, 38.201421295971343 ], [ -85.467324795252239, 38.201694294418139 ], [ -85.467801795744933, 38.201641296731417 ], [ -85.469295798618617, 38.20099229408234 ], [ -85.469967796212373, 38.199981293908117 ], [ -85.470057798969918, 38.199149293677657 ], [ -85.469804798315764, 38.198653296432539 ], [ -85.473253799678091, 38.198916296326495 ], [ -85.475158798091371, 38.199295294514002 ], [ -85.475863799977219, 38.199816293074271 ], [ -85.475573801576246, 38.201079293273786 ], [ -85.475718799555935, 38.201271296133825 ], [ -85.475701797933056, 38.201826295208939 ], [ -85.475627800444613, 38.202294294573448 ], [ -85.475502800008357, 38.202583294664151 ], [ -85.475199801177027, 38.202752295400359 ], [ -85.475544797453026, 38.20236529482294 ], [ -85.475620798717287, 38.201804293676219 ], [ -85.475327800344928, 38.2024632948063 ], [ -85.474614797829986, 38.202779295814636 ], [ -85.474631798053679, 38.202883294083136 ], [ -85.474892800271064, 38.20275729626097 ], [ -85.474510799587549, 38.203126296311375 ], [ -85.473378800060331, 38.203664295751913 ], [ -85.473025798152236, 38.203473295806504 ], [ -85.47262679675147, 38.203720296247255 ], [ -85.471390800582682, 38.205091297712663 ], [ -85.470941797773889, 38.205865297950027 ], [ -85.470875800670754, 38.206292297380884 ], [ -85.471039799028077, 38.206573295585066 ], [ -85.471910798947434, 38.207026296558418 ], [ -85.47407880152646, 38.207584294668393 ], [ -85.474908797899019, 38.207534297302082 ], [ -85.475836799871985, 38.207095297610628 ], [ -85.475439801661281, 38.207198297230782 ], [ -85.475888801420098, 38.206918297325799 ], [ -85.477158801600311, 38.206775297799354 ], [ -85.477762798302194, 38.207154294201814 ], [ -85.477919800315348, 38.207441296019297 ], [ -85.477799801448668, 38.207417296022186 ], [ -85.478582799581034, 38.20829629533754 ], [ -85.47959580284153, 38.210684296384571 ], [ -85.479569801934048, 38.211073297085981 ], [ -85.478577799882572, 38.212181295704987 ], [ -85.478790799397814, 38.212142298218389 ], [ -85.477455800969793, 38.213084298620466 ], [ -85.477036798409301, 38.213618299311207 ], [ -85.477071801803092, 38.214039296739124 ], [ -85.477638802152114, 38.21480029710365 ], [ -85.477656800870633, 38.215341295646759 ], [ -85.477396801224629, 38.215724297568059 ], [ -85.47591080047269, 38.216592299642009 ], [ -85.47359180181148, 38.217011297685318 ], [ -85.47393079824478, 38.217132296654832 ], [ -85.473458797724248, 38.217335297941098 ], [ -85.473108801621052, 38.217327297505548 ], [ -85.473436798404776, 38.217129298289613 ], [ -85.473163798789386, 38.217070299889201 ], [ -85.472281800458859, 38.217305297326135 ], [ -85.470930799441987, 38.218485299426966 ], [ -85.470699798909195, 38.218918297134422 ], [ -85.470791797653845, 38.219242300012986 ], [ -85.470980797406966, 38.218720299065367 ], [ -85.471182799581683, 38.218584299237271 ], [ -85.470970797499646, 38.219373298648442 ], [ -85.470385798710524, 38.21996529845903 ], [ -85.470915799137217, 38.220880297651945 ], [ -85.471074800085702, 38.221714300281782 ], [ -85.479583801581285, 38.222020299014403 ], [ -85.479929704794102, 38.222698111914582 ], [ -85.480389603753892, 38.222966697529188 ], [ -85.486307805603261, 38.223909298030634 ], [ -85.486873802921281, 38.224174300332464 ], [ -85.487459829917157, 38.224825295179713 ], [ -85.488477126339063, 38.226933306923492 ], [ -85.48888280739321, 38.228162301490222 ], [ -85.488137847528051, 38.228286830397856 ], [ -85.48698880662694, 38.2281893000293 ], [ -85.486130804636971, 38.228356300291523 ], [ -85.48362980386139, 38.229283301557984 ], [ -85.483070802388269, 38.230000298499426 ], [ -85.484517573015196, 38.230578717477457 ], [ -85.48486680468757, 38.231036299526551 ], [ -85.485036236987966, 38.231789952331219 ], [ -85.485365803622557, 38.232177299721108 ], [ -85.486758806864231, 38.2324853002373 ], [ -85.487087804895339, 38.232736300289979 ], [ -85.487029804898341, 38.233752299607183 ], [ -85.487430802559345, 38.234320302130392 ], [ -85.486930803257735, 38.2348312995708 ], [ -85.486683805325157, 38.235396301132376 ], [ -85.486693805768482, 38.235815302373908 ], [ -85.487100062961161, 38.236928279603283 ], [ -85.486885806274941, 38.238680302887339 ], [ -85.490315807561927, 38.239321303390263 ], [ -85.494626622392943, 38.240966342865697 ], [ -85.496403807002807, 38.241397301549995 ], [ -85.496523731033605, 38.24141256030196 ], [ -85.498382809400169, 38.23789130019231 ], [ -85.500491807390588, 38.240029301751846 ], [ -85.503692851707768, 38.237468302655238 ], [ -85.504981179502849, 38.223098329891641 ], [ -85.505452244200484, 38.223116958072012 ], [ -85.506379822271455, 38.213730302409431 ], [ -85.507327993139825, 38.214737981760379 ], [ -85.508012632672376, 38.220103686011598 ], [ -85.510377165014987, 38.225734264770267 ], [ -85.510689652337049, 38.225824456779058 ], [ -85.514642813259258, 38.225115297063752 ], [ -85.516296814071396, 38.225236299081651 ], [ -85.517779891720565, 38.225025767746345 ], [ -85.519229893148619, 38.225226286584068 ], [ -85.520987092850689, 38.224960245880176 ], [ -85.523241816133847, 38.230509298370883 ], [ -85.526230138647904, 38.229901552050428 ], [ -85.527817103168147, 38.23084316696368 ], [ -85.529059424043695, 38.231177655246356 ], [ -85.529597074433056, 38.231706244725807 ], [ -85.530384246647088, 38.231648281642649 ], [ -85.531194073703659, 38.23418732206072 ], [ -85.534539844585581, 38.235793262866309 ], [ -85.534705818993899, 38.235991297576923 ], [ -85.535959821025386, 38.235675300519901 ], [ -85.537162820040479, 38.235708299929264 ], [ -85.537422820636635, 38.235502297666024 ], [ -85.537578138874963, 38.234966348414972 ], [ -85.539973820696048, 38.235088298501815 ], [ -85.540058820761644, 38.235795299078369 ], [ -85.540367820881244, 38.236305298486741 ], [ -85.543975821682452, 38.235908296837067 ], [ -85.543900821445433, 38.234599299290366 ], [ -85.54224481944199, 38.230824298963611 ], [ -85.543691823496331, 38.230673298614832 ], [ -85.548448824283639, 38.230901298792283 ], [ -85.553554831371471, 38.221678314682585 ], [ -85.555546821747896, 38.223253294736693 ], [ -85.555856945677704, 38.225253000928134 ], [ -85.555636145384398, 38.226151282321901 ], [ -85.556927908340768, 38.229074507853241 ], [ -85.558595720253294, 38.230470330940832 ], [ -85.55958741411024, 38.234025295622232 ], [ -85.562144825828625, 38.240755297706166 ], [ -85.567153176484453, 38.238807595453629 ], [ -85.568110827145176, 38.242151297296182 ], [ -85.566914829171296, 38.242327299043438 ], [ -85.56713843750245, 38.24296618314149 ], [ -85.567607831417988, 38.243008299217628 ], [ -85.56792582753117, 38.244104298463967 ], [ -85.567677828604374, 38.244118298347708 ], [ -85.568070827239922, 38.245492297740682 ], [ -85.567700831510862, 38.245467300134045 ], [ -85.567797825751953, 38.245697292628186 ], [ -85.560729459233244, 38.245181687708623 ], [ -85.560209847996035, 38.249617193526724 ], [ -85.55654409784826, 38.249106779108182 ], [ -85.557388552776146, 38.251032469912261 ], [ -85.559580426663942, 38.251568704567042 ], [ -85.558204651576062, 38.252874106306002 ], [ -85.558733311696741, 38.254235832427661 ], [ -85.552923837621961, 38.255848312842062 ], [ -85.548502918641574, 38.257024204889063 ], [ -85.5473947293669, 38.254575525717655 ], [ -85.543920081590656, 38.255618163710444 ], [ -85.542291615724821, 38.251666450880919 ], [ -85.533765449654069, 38.253806974197197 ], [ -85.533465394320672, 38.253135897600828 ], [ -85.528623157057211, 38.255448583575692 ], [ -85.52936270395648, 38.256152785007927 ], [ -85.526816697980848, 38.256607689262452 ], [ -85.527140691763108, 38.257244384959222 ], [ -85.527086249689063, 38.258083882391766 ], [ -85.525274742154934, 38.258716669334362 ], [ -85.525689392331017, 38.260366437916986 ], [ -85.524405452594763, 38.260210431760896 ], [ -85.524270624413248, 38.259287454319498 ], [ -85.523538972633204, 38.259356126337948 ], [ -85.523785667171708, 38.260855012037567 ], [ -85.525201935975204, 38.26102073047646 ], [ -85.52671123313975, 38.265538247543098 ], [ -85.519450301035519, 38.27594764461454 ], [ -85.51574381675573, 38.280899309838098 ], [ -85.515050807678861, 38.282324264201911 ], [ -85.514245570590447, 38.28623658825186 ], [ -85.512975631385757, 38.28862358840717 ], [ -85.512262412212806, 38.289519340777666 ], [ -85.510475223369554, 38.288300045327645 ], [ -85.50975089166424, 38.288043062471189 ] ] ] } },
{ "type": "Feature", "properties": { "district": 20 }, "geometry": { "type": "Polygon", "coordinates": [ [ [ -85.486885806274941, 38.238680302887339 ], [ -85.487099702808592, 38.236923700024541 ], [ -85.486668805522029, 38.235570301927638 ], [ -85.486879989271429, 38.23491045653472 ], [ -85.487430802559345, 38.234320302130392 ], [ -85.487029804898341, 38.233752299607183 ], [ -85.487087804895339, 38.232736300289979 ], [ -85.486758806864231, 38.2324853002373 ], [ -85.485365803622557, 38.232177299721108 ], [ -85.485036236987966, 38.231789952331219 ], [ -85.48486680468757, 38.231036299526551 ], [ -85.484517573015196, 38.230578717477457 ], [ -85.483070802388269, 38.230000298499426 ], [ -85.48362980386139, 38.229283301557984 ], [ -85.486130804636971, 38.228356300291523 ], [ -85.48698880662694, 38.2281893000293 ], [ -85.488137847528051, 38.228286830397856 ], [ -85.48888280739321, 38.228162301490222 ], [ -85.488477126339063, 38.226933306923492 ], [ -85.487313798645019, 38.224603304158279 ], [ -85.486739805719168, 38.224079299063085 ], [ -85.486307805603261, 38.223909298030634 ], [ -85.480386918076235, 38.222965857267347 ], [ -85.479929704794102, 38.222698111914582 ], [ -85.479583801581285, 38.222020299014403 ], [ -85.471111799313704, 38.221744300442502 ], [ -85.470915799137217, 38.220880297651945 ], [ -85.470385798710524, 38.21996529845903 ], [ -85.470720798823208, 38.21949329812746 ], [ -85.470958798388864, 38.219399300887922 ], [ -85.471182799581683, 38.218584299237271 ], [ -85.470980797406966, 38.218720299065367 ], [ -85.470791797653845, 38.219242300012986 ], [ -85.470795797615708, 38.218686299183737 ], [ -85.472083799305977, 38.217410299746298 ], [ -85.473163798789386, 38.217070299889201 ], [ -85.473436798404776, 38.217129298289613 ], [ -85.473108801621052, 38.217327297505548 ], [ -85.473458797724248, 38.217335297941098 ], [ -85.47393079824478, 38.217132296654832 ], [ -85.47359180181148, 38.217011297685318 ], [ -85.47591080047269, 38.216592299642009 ], [ -85.477396801224629, 38.215724297568059 ], [ -85.477656800870633, 38.215341295646759 ], [ -85.477638802152114, 38.21480029710365 ], [ -85.477071801803092, 38.214039296739124 ], [ -85.477036798409301, 38.213618299311207 ], [ -85.477455800969793, 38.213084298620466 ], [ -85.478790799397814, 38.212142298218389 ], [ -85.478577799882572, 38.212181295704987 ], [ -85.479569801934048, 38.211073297085981 ], [ -85.47959580284153, 38.210684296384571 ], [ -85.478582799581034, 38.20829629533754 ], [ -85.477799801448668, 38.207417296022186 ], [ -85.477919800315348, 38.207441296019297 ], [ -85.477762798302194, 38.207154294201814 ], [ -85.477158801600311, 38.206775297799354 ], [ -85.475888801420098, 38.206918297325799 ], [ -85.475439801661281, 38.207198297230782 ], [ -85.475836799871985, 38.207095297610628 ], [ -85.474908797899019, 38.207534297302082 ], [ -85.47407880152646, 38.207584294668393 ], [ -85.471910798947434, 38.207026296558418 ], [ -85.471039799028077, 38.206573295585066 ], [ -85.470875800670754, 38.206292297380884 ], [ -85.470941797773889, 38.205865297950027 ], [ -85.471390800582682, 38.205091297712663 ], [ -85.47262679675147, 38.203720296247255 ], [ -85.473025798152236, 38.203473295806504 ], [ -85.473378800060331, 38.203664295751913 ], [ -85.474510799587549, 38.203126296311375 ], [ -85.474892800271064, 38.20275729626097 ], [ -85.474631798053679, 38.202883294083136 ], [ -85.474614797829986, 38.202779295814636 ], [ -85.475327800344928, 38.2024632948063 ], [ -85.475620798717287, 38.201804293676219 ], [ -85.475544797453026, 38.20236529482294 ], [ -85.475199801177027, 38.202752295400359 ], [ -85.475502800008357, 38.202583294664151 ], [ -85.475701797933056, 38.201826295208939 ], [ -85.475718799555935, 38.201271296133825 ], [ -85.475573801576246, 38.201079293273786 ], [ -85.475863799977219, 38.199816293074271 ], [ -85.475158798091371, 38.199295294514002 ], [ -85.473253799678091, 38.198916296326495 ], [ -85.469804798315764, 38.198653296432539 ], [ -85.470057798969918, 38.199149293677657 ], [ -85.469967796212373, 38.199981293908117 ], [ -85.469295798618617, 38.20099229408234 ], [ -85.467801795744933, 38.201641296731417 ], [ -85.467324795252239, 38.201694294418139 ], [ -85.464316794423851, 38.201421295971343 ], [ -85.464219796254739, 38.201817296073841 ], [ -85.462888796192686, 38.203130297185766 ], [ -85.46125379660279, 38.203682295151815 ], [ -85.460587795308697, 38.204154296931115 ], [ -85.459782794947685, 38.204469297331471 ], [ -85.457764796397413, 38.204229294561429 ], [ -85.456845793994248, 38.203805297701251 ], [ -85.45604979410588, 38.203157298188223 ], [ -85.455263792150348, 38.203239294940737 ], [ -85.454844793534448, 38.203974296012397 ], [ -85.45503579250412, 38.204711296577599 ], [ -85.455229931108761, 38.204838077428867 ], [ -85.45549679255079, 38.20556829682419 ], [ -85.455698794919712, 38.207009297942285 ], [ -85.454815792612777, 38.207553296016201 ], [ -85.454382792238661, 38.208280297024608 ], [ -85.454551791683087, 38.208739299156093 ], [ -85.454045792401033, 38.209348296673376 ], [ -85.453481793398709, 38.209649297566976 ], [ -85.452879792648062, 38.210673297765794 ], [ -85.452361791695282, 38.210898297287876 ], [ -85.450301790621694, 38.210869299803079 ], [ -85.449098792455558, 38.210420297450305 ], [ -85.448502209396608, 38.210597971825401 ], [ -85.448829312431272, 38.210221264182458 ], [ -85.447703330277278, 38.209975801323026 ], [ -85.447249689861323, 38.210076298828184 ], [ -85.446136660223118, 38.209883553265847 ], [ -85.444709134688537, 38.209949226035519 ], [ -85.443600182838338, 38.209088719094368 ], [ -85.44297312909822, 38.209095129439078 ], [ -85.442399710480046, 38.208723983884475 ], [ -85.441790361858423, 38.208895146445464 ], [ -85.44131599711676, 38.208805765158608 ], [ -85.439776534876302, 38.208102774309943 ], [ -85.438421583295749, 38.207719964620324 ], [ -85.438106146713551, 38.207306927484709 ], [ -85.436992652853917, 38.206470022854532 ], [ -85.436020190290876, 38.20619490282683 ], [ -85.435851939749639, 38.205949175873123 ], [ -85.435055531848079, 38.205945482978848 ], [ -85.434708076595683, 38.205701627781607 ], [ -85.433908689695215, 38.205811872218291 ], [ -85.433167889788464, 38.205253904476621 ], [ -85.432185888179674, 38.205460210802883 ], [ -85.430748600953137, 38.204905352661413 ], [ -85.43088967552255, 38.204711413924514 ], [ -85.430702923354119, 38.204544491515513 ], [ -85.429771505804979, 38.20450285752662 ], [ -85.429461206938129, 38.204698395122236 ], [ -85.428983379741041, 38.204392979718214 ], [ -85.429000267394485, 38.2042004075725 ], [ -85.428550629615614, 38.203780818788054 ], [ -85.427987329617579, 38.204041740567888 ], [ -85.427762797572385, 38.203690592310934 ], [ -85.427386990745035, 38.203533399184394 ], [ -85.427092594877905, 38.203795532102319 ], [ -85.426297834530899, 38.203889968097577 ], [ -85.425803841475357, 38.203812476470226 ], [ -85.425917402517243, 38.203663996063753 ], [ -85.425778819101851, 38.203487655325716 ], [ -85.424884863286948, 38.203355473046194 ], [ -85.424712002868347, 38.203549532417895 ], [ -85.424474467939234, 38.203359603401999 ], [ -85.422639128029616, 38.203202737789951 ], [ -85.420784894944532, 38.203598712787254 ], [ -85.42040116298584, 38.203339581392093 ], [ -85.420038759751051, 38.203635442052637 ], [ -85.419876516385997, 38.203529965189027 ], [ -85.418561487223727, 38.203886418724942 ], [ -85.418419105882123, 38.203658972350958 ], [ -85.418107745015703, 38.203683948812298 ], [ -85.417890008314188, 38.203953968435684 ], [ -85.417642737158076, 38.203739763798382 ], [ -85.416944808129529, 38.203705386293294 ], [ -85.416204817383658, 38.203934348826216 ], [ -85.415969063168347, 38.203856293939218 ], [ -85.416008995621539, 38.204026354307437 ], [ -85.415549628526307, 38.204245231536888 ], [ -85.415133567295015, 38.204276161345781 ], [ -85.414713292200872, 38.204044179018382 ], [ -85.428892449873274, 38.118332418708327 ], [ -85.479487654460669, 38.100223316870689 ], [ -85.515829969348886, 38.088719109478404 ], [ -85.557242258412472, 38.073809999799863 ], [ -85.56720757101786, 38.074746083343896 ], [ -85.566938815971952, 38.07498226761912 ], [ -85.566841814536176, 38.076010266684108 ], [ -85.56697959593096, 38.077624821761233 ], [ -85.566782814790528, 38.078566268009546 ], [ -85.566477816628904, 38.078779266399394 ], [ -85.565382817253465, 38.080683266323845 ], [ -85.565567817577261, 38.081003266362707 ], [ -85.566042817082575, 38.081284268174201 ], [ -85.568190819097296, 38.081695266301963 ], [ -85.569377817538026, 38.083440268945601 ], [ -85.570159818738531, 38.08430926807457 ], [ -85.570774817352714, 38.084388269048837 ], [ -85.571671820289822, 38.084161268690742 ], [ -85.57274581823026, 38.083601269292053 ], [ -85.576132817548526, 38.08047926584824 ], [ -85.576637818049448, 38.080224267614327 ], [ -85.577166819290042, 38.080247268919422 ], [ -85.57764574329822, 38.080982683062217 ], [ -85.578095818143012, 38.083103266578718 ], [ -85.578544822090663, 38.084291266835983 ], [ -85.57856082113382, 38.084447268026921 ], [ -85.5780118211527, 38.084457268187528 ], [ -85.578184819204608, 38.084984266294619 ], [ -85.578043820618888, 38.085078267112813 ], [ -85.578169819882604, 38.085271267602984 ], [ -85.578087822547559, 38.085466267550387 ], [ -85.578316862893161, 38.085639126875627 ], [ -85.576920510777228, 38.08735894049552 ], [ -85.576427821621991, 38.088153266641164 ], [ -85.576517818942307, 38.088382268242547 ], [ -85.576242884093517, 38.088477313804283 ], [ -85.575814729620177, 38.08898496899797 ], [ -85.575793817922758, 38.089525268972345 ], [ -85.576624794110899, 38.090294978776512 ], [ -85.577024820098217, 38.091049269331421 ], [ -85.578438098367855, 38.092686233042926 ], [ -85.578586581643194, 38.093222792365673 ], [ -85.577993597616612, 38.09473327558694 ], [ -85.577039158613985, 38.09560676806192 ], [ -85.575384717021691, 38.097526052918553 ], [ -85.574646470252034, 38.098528862392108 ], [ -85.574310627685037, 38.099463518057291 ], [ -85.573902554816598, 38.100077069250055 ], [ -85.56669774334668, 38.100689743551285 ], [ -85.567382017350511, 38.102580546754744 ], [ -85.564816817249351, 38.102913272271266 ], [ -85.563008817025761, 38.10333827292974 ], [ -85.559013814873097, 38.103076273541078 ], [ -85.555072816811773, 38.104404274334186 ], [ -85.553681813400189, 38.104645272654466 ], [ -85.55336381300053, 38.106076273572299 ], [ -85.553480241110094, 38.107161540385164 ], [ -85.553373815123976, 38.107318271745093 ], [ -85.552993813456879, 38.107138273433428 ], [ -85.552635814011808, 38.106022272972943 ], [ -85.552755815697054, 38.10383927332056 ], [ -85.552403813845956, 38.103367271311605 ], [ -85.552674814023433, 38.102875271833476 ], [ -85.552386816177403, 38.102600271561521 ], [ -85.552419812746848, 38.10247627389095 ], [ -85.55298581632897, 38.102346270993927 ], [ -85.55265081650704, 38.101653272091298 ], [ -85.553504711425433, 38.100658120907717 ], [ -85.548715367443563, 38.0990285947993 ], [ -85.547845814540594, 38.098940271878071 ], [ -85.547503714259619, 38.099152165081783 ], [ -85.547265812889933, 38.099910273120337 ], [ -85.547397957142024, 38.101825553399507 ], [ -85.545424812893259, 38.104171274751572 ], [ -85.545590812782081, 38.10452427347348 ], [ -85.544640813645941, 38.108106273025669 ], [ -85.543595814388169, 38.109871273119133 ], [ -85.542563836894686, 38.11105724515906 ], [ -85.543138110802332, 38.111838548697506 ], [ -85.54324798092442, 38.112654847059098 ], [ -85.541406747449784, 38.117756616052766 ], [ -85.54182481355727, 38.120084543052307 ], [ -85.541662814420121, 38.125453275967651 ], [ -85.541490812368309, 38.126298276671996 ], [ -85.541743811183522, 38.127384278345211 ], [ -85.54240375176623, 38.128703124353294 ], [ -85.542698814397042, 38.130025279265105 ], [ -85.548388071850908, 38.13046425394959 ], [ -85.547550383189275, 38.137095488352614 ], [ -85.538357124378777, 38.136634897715645 ], [ -85.538973337175193, 38.138897220206928 ], [ -85.539264529232526, 38.139447051085028 ], [ -85.548832441115536, 38.150232365631808 ], [ -85.551841567956473, 38.151480324445586 ], [ -85.55840946704582, 38.153316199913121 ], [ -85.559562477217426, 38.153913351555218 ], [ -85.559979203546504, 38.154393916880359 ], [ -85.56042179694353, 38.155616791965549 ], [ -85.561129997494263, 38.156772416795945 ], [ -85.565221027615067, 38.160856121031948 ], [ -85.567003286928411, 38.163991191590199 ], [ -85.568788151973308, 38.165523790477003 ], [ -85.56935163339827, 38.166217508387604 ], [ -85.569659108259216, 38.166022310900402 ], [ -85.570076026226971, 38.165114881356892 ], [ -85.571086931958419, 38.164083869812963 ], [ -85.571252087639877, 38.163691336476994 ], [ -85.572312148302927, 38.156547372227479 ], [ -85.574483539021188, 38.156689491806787 ], [ -85.574725504711878, 38.157168420117863 ], [ -85.575378282667359, 38.157584622566034 ], [ -85.577297174162567, 38.15753877251209 ], [ -85.579134466443875, 38.158000928479368 ], [ -85.581922672355574, 38.158424438175196 ], [ -85.581358825663841, 38.159355281832781 ], [ -85.580660826804632, 38.165775282126141 ], [ -85.580389827081433, 38.1659822828844 ], [ -85.580413827256692, 38.166403283737353 ], [ -85.580627825862123, 38.166678282318074 ], [ -85.580367828563894, 38.166871282667607 ], [ -85.580373827056803, 38.167749282412302 ], [ -85.580510817740631, 38.168215880958989 ], [ -85.580970472284037, 38.168248739040038 ], [ -85.580849691090748, 38.168872047707474 ], [ -85.580415289583343, 38.169424315245365 ], [ -85.580387648494394, 38.169763525586966 ], [ -85.580648802513224, 38.171368101306975 ], [ -85.581689399540835, 38.17150949932546 ], [ -85.582994085294871, 38.172369935651268 ], [ -85.582572605001147, 38.173324735396768 ], [ -85.583836247179278, 38.173360009850548 ], [ -85.583918977934189, 38.172581057597654 ], [ -85.584567906982286, 38.172659663722719 ], [ -85.584368649343361, 38.173862082579532 ], [ -85.584143822811598, 38.174039292159449 ], [ -85.583686013527867, 38.174057406570377 ], [ -85.572965355516146, 38.173221856341435 ], [ -85.573043574401254, 38.174354343168893 ], [ -85.572765968141937, 38.176932677402775 ], [ -85.572498860803236, 38.177666058869477 ], [ -85.571674812970144, 38.178449497889474 ], [ -85.571384038944416, 38.178955530420389 ], [ -85.571120164367258, 38.182862312135605 ], [ -85.575759675391282, 38.183047303375105 ], [ -85.575554826673027, 38.18511328877954 ], [ -85.577755247647175, 38.185127502412662 ], [ -85.578001583890867, 38.185721197461049 ], [ -85.578018419628108, 38.186796020441591 ], [ -85.57852539016271, 38.187619463719543 ], [ -85.576750516757173, 38.188199604725952 ], [ -85.574746735941531, 38.189084923988055 ], [ -85.576592760747701, 38.190756964496465 ], [ -85.577193182275295, 38.190837590107556 ], [ -85.578463047202348, 38.19063407483646 ], [ -85.578371753557249, 38.191564996857423 ], [ -85.580734690497749, 38.191669293209465 ], [ -85.580787159916284, 38.192301894298289 ], [ -85.58147006112317, 38.19267071941929 ], [ -85.581457601844022, 38.194903682341241 ], [ -85.579148890155807, 38.194761871684989 ], [ -85.57760630822419, 38.195449638659817 ], [ -85.576947728072611, 38.19521155385101 ], [ -85.57629558615082, 38.195325990843934 ], [ -85.575150055417438, 38.195232474874409 ], [ -85.574575462540764, 38.195928402889848 ], [ -85.57442430772808, 38.197021637140764 ], [ -85.570429937193353, 38.197001234485789 ], [ -85.570067988888624, 38.19565285696261 ], [ -85.567451135495389, 38.193007887098901 ], [ -85.563451691361308, 38.195578796919698 ], [ -85.56241689131096, 38.194630634009449 ], [ -85.560480551706647, 38.194421512411395 ], [ -85.558096797510771, 38.193041657739819 ], [ -85.557457823569635, 38.192861355940046 ], [ -85.555774422444529, 38.192816791641434 ], [ -85.554725674907274, 38.19252607188497 ], [ -85.55392699444343, 38.191162701669299 ], [ -85.552653017019239, 38.189927282537411 ], [ -85.552207783322729, 38.189111053945943 ], [ -85.552040646862281, 38.188306248988816 ], [ -85.548051566799828, 38.18735774037593 ], [ -85.545689358115894, 38.18600255236602 ], [ -85.544055876567995, 38.185545213292087 ], [ -85.540892817272677, 38.185332288994275 ], [ -85.537587565606643, 38.1858801369467 ], [ -85.523839709216873, 38.18705616025759 ], [ -85.523845739663088, 38.192413849629581 ], [ -85.524247011259192, 38.193296188888752 ], [ -85.524650925416083, 38.196461731158422 ], [ -85.527086575689708, 38.198124095761997 ], [ -85.52815456759518, 38.200356036659699 ], [ -85.529753557116393, 38.200072865991359 ], [ -85.531147811828177, 38.200505241859339 ], [ -85.532410289280477, 38.200533312463982 ], [ -85.538812610991386, 38.199864455007102 ], [ -85.540278840383095, 38.199459049792146 ], [ -85.540755851344571, 38.199472148667638 ], [ -85.542780254975071, 38.204821731926046 ], [ -85.545248005207483, 38.212127816356634 ], [ -85.545075631153509, 38.212365662349256 ], [ -85.54363336336462, 38.212712692629687 ], [ -85.543471087077208, 38.212870864077715 ], [ -85.545133795899417, 38.217777318105718 ], [ -85.542543980717966, 38.217780508448364 ], [ -85.542040051983278, 38.217900881942995 ], [ -85.541611643583309, 38.217397641982018 ], [ -85.541011392315212, 38.217090683230616 ], [ -85.538904973604915, 38.216944898176443 ], [ -85.538683330226519, 38.221154322724075 ], [ -85.538844686708302, 38.223064036255678 ], [ -85.539170658976218, 38.224218929229174 ], [ -85.54363541191907, 38.224306693140548 ], [ -85.552203673310586, 38.223923242954577 ], [ -85.54860682478845, 38.230768296858564 ], [ -85.548143820891553, 38.230961297994952 ], [ -85.543691823496331, 38.230673298614832 ], [ -85.54224481944199, 38.230824298963611 ], [ -85.543900821445433, 38.234599299290366 ], [ -85.543975821682452, 38.235908296837067 ], [ -85.540367820881244, 38.236305298486741 ], [ -85.540058820761644, 38.235795299078369 ], [ -85.539973820696048, 38.235088298501815 ], [ -85.537578138874963, 38.234966348414972 ], [ -85.537422820636635, 38.235502297666024 ], [ -85.537162820040479, 38.235708299929264 ], [ -85.535959821025386, 38.235675300519901 ], [ -85.534705818993899, 38.235991297576923 ], [ -85.534539844585581, 38.235793262866309 ], [ -85.531194073703659, 38.23418732206072 ], [ -85.530384246647088, 38.231648281642649 ], [ -85.529597074433056, 38.231706244725807 ], [ -85.529059424043695, 38.231177655246356 ], [ -85.527817103168147, 38.23084316696368 ], [ -85.526230138647904, 38.229901552050428 ], [ -85.523241816133847, 38.230509298370883 ], [ -85.520987092850689, 38.224960245880176 ], [ -85.519229893148619, 38.225226286584068 ], [ -85.517779891720565, 38.225025767746345 ], [ -85.516296814071396, 38.225236299081651 ], [ -85.514642813259258, 38.225115297063752 ], [ -85.510689652337049, 38.225824456779058 ], [ -85.510377165014987, 38.225734264770267 ], [ -85.508012632672376, 38.220103686011598 ], [ -85.507327993139825, 38.214737981760379 ], [ -85.506379822271455, 38.213730302409431 ], [ -85.505452244200484, 38.223116958072012 ], [ -85.504981179502849, 38.223098329891641 ], [ -85.503692851707768, 38.237468302655238 ], [ -85.500491807390588, 38.240029301751846 ], [ -85.498382809400169, 38.23789130019231 ], [ -85.496523731033605, 38.24141256030196 ], [ -85.494877047712336, 38.241051224804274 ], [ -85.490315807561927, 38.239321303390263 ], [ -85.486885806274941, 38.238680302887339 ] ] ] } },
{ "type": "Feature", "properties": { "district": 21 }, "geometry": { "type": "Polygon", "coordinates": [ [ [ -85.733543460095845, 38.210359055965121 ], [ -85.732880851172169, 38.209389711990077 ], [ -85.732895560942509, 38.207681638235314 ], [ -85.732296182896533, 38.20674595432687 ], [ -85.7309177396004, 38.20736979646211 ], [ -85.729894831438344, 38.205818463822354 ], [ -85.735319736467744, 38.203414996553221 ], [ -85.726876130022944, 38.190397728561905 ], [ -85.726961869486061, 38.190569279950026 ], [ -85.717814869798701, 38.191155280608378 ], [ -85.714958391254882, 38.191719848626704 ], [ -85.713263869395078, 38.190956282547248 ], [ -85.710813866877984, 38.190515282523506 ], [ -85.709556868396092, 38.190585283596427 ], [ -85.704983867270712, 38.191315281050663 ], [ -85.705089906972418, 38.191449571158842 ], [ -85.701208751984339, 38.186543613425762 ], [ -85.69886437779455, 38.183329273566287 ], [ -85.698061153140827, 38.182541375440991 ], [ -85.696425667814765, 38.181582579414879 ], [ -85.697462864008699, 38.174630279561804 ], [ -85.697782861493209, 38.174064278380669 ], [ -85.698593865044174, 38.173715279142236 ], [ -85.706828865517465, 38.173893279499403 ], [ -85.708783864304181, 38.173046278343286 ], [ -85.707859865514052, 38.172151279356036 ], [ -85.709235798533086, 38.171310319737813 ], [ -85.701736863222948, 38.164171275250723 ], [ -85.700166862013589, 38.162381275537577 ], [ -85.691297836066809, 38.146707559257479 ], [ -85.700022124238629, 38.147690409059685 ], [ -85.700145194178035, 38.148341073277294 ], [ -85.700053484592331, 38.150996712428729 ], [ -85.714111863836905, 38.151657273210297 ], [ -85.714681161465123, 38.151382775525285 ], [ -85.719804866095259, 38.159614274986211 ], [ -85.720659976835393, 38.161440491696119 ], [ -85.720945866717287, 38.163374274797256 ], [ -85.720793749386999, 38.169648786471889 ], [ -85.725419870260524, 38.17081927882348 ], [ -85.727546333371095, 38.167114227327808 ], [ -85.731566870095591, 38.15867227636042 ], [ -85.734542874228225, 38.16079327527968 ], [ -85.739249855820788, 38.165420279454501 ], [ -85.744952876563843, 38.17158627611871 ], [ -85.750982877676165, 38.167411274485836 ], [ -85.751042774772941, 38.167632964704069 ], [ -85.749441008133658, 38.161641073612905 ], [ -85.749433002679083, 38.161031917374594 ], [ -85.749737594698516, 38.15952017620139 ], [ -85.750334137965993, 38.158487083624067 ], [ -85.751381318895113, 38.157387300641602 ], [ -85.757718260704948, 38.152877792139151 ], [ -85.763577734118925, 38.158063586314235 ], [ -85.764663462730681, 38.157299615515342 ], [ -85.764664827488161, 38.156259645550257 ], [ -85.765432806769098, 38.152919575055265 ], [ -85.766711701517195, 38.151102848590604 ], [ -85.764170842585756, 38.148303938588015 ], [ -85.76693390679246, 38.146806930829428 ], [ -85.771115270765705, 38.147634050434696 ], [ -85.770014557920632, 38.148502945852812 ], [ -85.770802703822085, 38.149354547740998 ], [ -85.771754577499209, 38.14874863311973 ], [ -85.776306603719817, 38.150647007907587 ], [ -85.782546829203895, 38.174936886889085 ], [ -85.782820887240888, 38.177813278230857 ], [ -85.783169077198409, 38.179009613451932 ], [ -85.784021215407293, 38.184901463324685 ], [ -85.783119810663393, 38.184913266398155 ], [ -85.782651990026878, 38.187786412838747 ], [ -85.779780736888952, 38.187380155532914 ], [ -85.776587199093214, 38.18818362824836 ], [ -85.776379266762518, 38.18840040943352 ], [ -85.776300398015493, 38.188817994643522 ], [ -85.775241487563193, 38.188858113181951 ], [ -85.775094556535649, 38.189439701946924 ], [ -85.772060848816579, 38.189765720488168 ], [ -85.758482772658766, 38.190308459704831 ], [ -85.754614910101608, 38.190324189304079 ], [ -85.755076388521758, 38.192081721569572 ], [ -85.755005397887743, 38.192326653451268 ], [ -85.755247007127721, 38.192668954314293 ], [ -85.755564428477385, 38.1938493290249 ], [ -85.753762280411451, 38.194160822816677 ], [ -85.750253922002443, 38.193995364968693 ], [ -85.750253880726987, 38.194874280992536 ], [ -85.750891877416507, 38.194896280319732 ], [ -85.750804485352532, 38.199884471838672 ], [ -85.749819652263682, 38.199741776181838 ], [ -85.74946945459115, 38.200202107308002 ], [ -85.748965422001632, 38.200527104226126 ], [ -85.746629803655082, 38.20139978207721 ], [ -85.746029421262449, 38.2019348162002 ], [ -85.745044265452435, 38.203502128206033 ], [ -85.744028684409173, 38.204169783752917 ], [ -85.74532789066167, 38.207213283127331 ], [ -85.737558961685195, 38.206901620747992 ], [ -85.738278380081169, 38.208044308149098 ], [ -85.734745388030632, 38.209225477975686 ], [ -85.735000205547379, 38.20967486642153 ], [ -85.733543460095845, 38.210359055965121 ] ] ] } },
{ "type": "Feature", "properties": { "district": 22 }, "geometry": { "type": "Polygon", "coordinates": [ [ [ -85.615499971802876, 38.192549919324925 ], [ -85.615306506715541, 38.191683640954537 ], [ -85.616136052622366, 38.18133200626167 ], [ -85.612281385353953, 38.181200297651344 ], [ -85.611124607645067, 38.181430847096181 ], [ -85.610691627798417, 38.181136355683023 ], [ -85.609458969311078, 38.181088358123368 ], [ -85.609473804288285, 38.180901150926516 ], [ -85.609458200749685, 38.181088401316998 ], [ -85.605960829143214, 38.181016690647731 ], [ -85.605543834508865, 38.181222285516341 ], [ -85.606005440999326, 38.175407519514643 ], [ -85.600669836331519, 38.174763283545005 ], [ -85.599777834690855, 38.175243286151854 ], [ -85.598815835404594, 38.174809284434517 ], [ -85.59822583474093, 38.174942283966416 ], [ -85.598397832102734, 38.174693284707701 ], [ -85.593025246834344, 38.174520898055071 ], [ -85.592981640673074, 38.175951933104237 ], [ -85.593238353461743, 38.176733105775696 ], [ -85.593024728831921, 38.177303228925673 ], [ -85.591683121653404, 38.177663492288659 ], [ -85.591691276283868, 38.177781078121512 ], [ -85.59029306688015, 38.177534655059759 ], [ -85.58702675643157, 38.175916186087306 ], [ -85.584917489757061, 38.175883957501917 ], [ -85.584423904254905, 38.175096522696741 ], [ -85.584226593718711, 38.173999869359626 ], [ -85.584394334993206, 38.173790631653304 ], [ -85.584567906982286, 38.172659663722719 ], [ -85.583918977934189, 38.172581057597654 ], [ -85.583836247179278, 38.173360009850548 ], [ -85.582572605001147, 38.173324735396768 ], [ -85.582994085294871, 38.172369935651268 ], [ -85.581689399540835, 38.17150949932546 ], [ -85.580648802513224, 38.171368101306975 ], [ -85.580375253174111, 38.169584222568545 ], [ -85.580849691090748, 38.168872047707474 ], [ -85.580970472284037, 38.168248739040038 ], [ -85.580510817740631, 38.168215880958989 ], [ -85.580373827056803, 38.167749282412302 ], [ -85.580367828563894, 38.166871282667607 ], [ -85.580627825862123, 38.166678282318074 ], [ -85.580413827256692, 38.166403283737353 ], [ -85.580389827081433, 38.1659822828844 ], [ -85.580660826804632, 38.165775282126141 ], [ -85.581358825663841, 38.159355281832781 ], [ -85.581922672355574, 38.158424438175196 ], [ -85.579134466443875, 38.158000928479368 ], [ -85.577297174162567, 38.15753877251209 ], [ -85.575378282667359, 38.157584622566034 ], [ -85.574725504711878, 38.157168420117863 ], [ -85.574483539021188, 38.156689491806787 ], [ -85.572312148302927, 38.156547372227479 ], [ -85.571252087639877, 38.163691336476994 ], [ -85.571086931958419, 38.164083869812963 ], [ -85.570076026226971, 38.165114881356892 ], [ -85.569659108259216, 38.166022310900402 ], [ -85.56935163339827, 38.166217508387604 ], [ -85.568788151973308, 38.165523790477003 ], [ -85.567003286928411, 38.163991191590199 ], [ -85.565221027615067, 38.160856121031948 ], [ -85.561129997494263, 38.156772416795945 ], [ -85.56042179694353, 38.155616791965549 ], [ -85.559979203546504, 38.154393916880359 ], [ -85.559562477217426, 38.153913351555218 ], [ -85.55840946704582, 38.153316199913121 ], [ -85.551841567956473, 38.151480324445586 ], [ -85.548832441115536, 38.150232365631808 ], [ -85.539042340128262, 38.139088368463497 ], [ -85.538357124378777, 38.136634897715645 ], [ -85.547550383189275, 38.137095488352614 ], [ -85.548388071850908, 38.13046425394959 ], [ -85.542698814397042, 38.130025279265105 ], [ -85.54240375176623, 38.128703124353294 ], [ -85.541743811183522, 38.127384278345211 ], [ -85.541490812368309, 38.126298276671996 ], [ -85.541662814420121, 38.125453275967651 ], [ -85.54182481355727, 38.120084543052307 ], [ -85.541406747449784, 38.117756616052766 ], [ -85.54324798092442, 38.112654847059098 ], [ -85.543138110802332, 38.111838548697506 ], [ -85.542563836894686, 38.11105724515906 ], [ -85.543595814388169, 38.109871273119133 ], [ -85.544640813645941, 38.108106273025669 ], [ -85.545590812782081, 38.10452427347348 ], [ -85.545424812893259, 38.104171274751572 ], [ -85.547397957142024, 38.101825553399507 ], [ -85.547265812889933, 38.099910273120337 ], [ -85.547503714259619, 38.099152165081783 ], [ -85.547845814540594, 38.098940271878071 ], [ -85.548715367443563, 38.0990285947993 ], [ -85.553504711425433, 38.100658120907717 ], [ -85.55265081650704, 38.101653272091298 ], [ -85.55298581632897, 38.102346270993927 ], [ -85.552419812746848, 38.10247627389095 ], [ -85.552386816177403, 38.102600271561521 ], [ -85.552674814023433, 38.102875271833476 ], [ -85.552403813845956, 38.103367271311605 ], [ -85.552755815697054, 38.10383927332056 ], [ -85.552635814011808, 38.106022272972943 ], [ -85.552993813456879, 38.107138273433428 ], [ -85.553373815123976, 38.107318271745093 ], [ -85.553480241110094, 38.107161540385164 ], [ -85.55336381300053, 38.106076273572299 ], [ -85.553681813400189, 38.104645272654466 ], [ -85.555072816811773, 38.104404274334186 ], [ -85.559013814873097, 38.103076273541078 ], [ -85.563008817025761, 38.10333827292974 ], [ -85.564816817249351, 38.102913272271266 ], [ -85.567382017350511, 38.102580546754744 ], [ -85.56669774334668, 38.100689743551285 ], [ -85.573902554816598, 38.100077069250055 ], [ -85.574310627685037, 38.099463518057291 ], [ -85.574646470252034, 38.098528862392108 ], [ -85.575384717021691, 38.097526052918553 ], [ -85.577039158613985, 38.09560676806192 ], [ -85.577993597616612, 38.09473327558694 ], [ -85.578586581643194, 38.093222792365673 ], [ -85.578438098367855, 38.092686233042926 ], [ -85.577024820098217, 38.091049269331421 ], [ -85.576624794110899, 38.090294978776512 ], [ -85.575793817922758, 38.089525268972345 ], [ -85.575814729620177, 38.08898496899797 ], [ -85.576242884093517, 38.088477313804283 ], [ -85.576517818942307, 38.088382268242547 ], [ -85.576427821621991, 38.088153266641164 ], [ -85.576920510777228, 38.08735894049552 ], [ -85.578316862893161, 38.085639126875627 ], [ -85.578087822547559, 38.085466267550387 ], [ -85.578169819882604, 38.085271267602984 ], [ -85.578043820618888, 38.085078267112813 ], [ -85.578184819204608, 38.084984266294619 ], [ -85.5780118211527, 38.084457268187528 ], [ -85.57856082113382, 38.084447268026921 ], [ -85.578544822090663, 38.084291266835983 ], [ -85.578095818143012, 38.083103266578718 ], [ -85.57764574329822, 38.080982683062217 ], [ -85.577166819290042, 38.080247268919422 ], [ -85.576637818049448, 38.080224267614327 ], [ -85.576132817548526, 38.08047926584824 ], [ -85.57274581823026, 38.083601269292053 ], [ -85.571671820289822, 38.084161268690742 ], [ -85.570774817352714, 38.084388269048837 ], [ -85.570159818738531, 38.08430926807457 ], [ -85.569377817538026, 38.083440268945601 ], [ -85.568190819097296, 38.081695266301963 ], [ -85.566042817082575, 38.081284268174201 ], [ -85.565567817577261, 38.081003266362707 ], [ -85.565382817253465, 38.080683266323845 ], [ -85.566477816628904, 38.078779266399394 ], [ -85.566782814790528, 38.078566268009546 ], [ -85.56697959593096, 38.077624821761233 ], [ -85.566883818670561, 38.075537265535324 ], [ -85.566938815971952, 38.07498226761912 ], [ -85.567149815514142, 38.074750265605168 ], [ -85.623731036264218, 38.07963791063505 ], [ -85.623101592730407, 38.087364765823175 ], [ -85.622281084599692, 38.094947564193447 ], [ -85.621951458134063, 38.095043172728957 ], [ -85.618401614103817, 38.094722665840351 ], [ -85.615656652339339, 38.094342906815449 ], [ -85.615685442223139, 38.094058487477206 ], [ -85.61503983068711, 38.094098269543061 ], [ -85.614466830777943, 38.094445268798452 ], [ -85.61422283168946, 38.095309268651675 ], [ -85.615060831540191, 38.09574726757279 ], [ -85.614564832810473, 38.09656826971429 ], [ -85.614236373633162, 38.099384997013495 ], [ -85.613836709271993, 38.108717068855 ], [ -85.611913830730828, 38.108665269971347 ], [ -85.611749475740595, 38.111363624576832 ], [ -85.606255445391824, 38.111063880305679 ], [ -85.605883288844637, 38.114915102116683 ], [ -85.60529969493642, 38.114936306819132 ], [ -85.604704450140289, 38.115375415827742 ], [ -85.603197203272543, 38.115377817099223 ], [ -85.602581375055962, 38.116129879514283 ], [ -85.602299647964827, 38.116746184625029 ], [ -85.601865997604165, 38.122922690950169 ], [ -85.601666909058679, 38.123052429588824 ], [ -85.5991373867178, 38.122971051414893 ], [ -85.598827995745367, 38.126488066738851 ], [ -85.599050073424479, 38.126725498912727 ], [ -85.600781983020326, 38.126925840078542 ], [ -85.600683640410836, 38.128282293639856 ], [ -85.601241842368765, 38.129506950827661 ], [ -85.601630369201047, 38.129828409650401 ], [ -85.601814817353244, 38.130232673401913 ], [ -85.601908888925834, 38.131854114883701 ], [ -85.602428741822337, 38.132296396880754 ], [ -85.603125956455756, 38.133254275620175 ], [ -85.604990641169465, 38.134236432666093 ], [ -85.607059024612042, 38.134988959325383 ], [ -85.607273635625205, 38.135352657283278 ], [ -85.608347082397486, 38.136091664535812 ], [ -85.608435712912595, 38.13653474142415 ], [ -85.609035307501571, 38.137023851600595 ], [ -85.609205478281623, 38.137356784046588 ], [ -85.609749340140255, 38.137513849923629 ], [ -85.606587834326007, 38.138619277306937 ], [ -85.603122802678683, 38.138630857515537 ], [ -85.600623989262317, 38.139884332385456 ], [ -85.601153992975952, 38.141168032773457 ], [ -85.601023003028772, 38.143459713181628 ], [ -85.601131307339955, 38.143673962744288 ], [ -85.606820086898878, 38.143983941939823 ], [ -85.606224032317868, 38.14898727313021 ], [ -85.602240378071471, 38.148809923549344 ], [ -85.602003132212246, 38.151322679470631 ], [ -85.598428332174905, 38.151177671312112 ], [ -85.598200861585298, 38.151640090570531 ], [ -85.598391938408383, 38.151762098564376 ], [ -85.598548938844075, 38.152536504273868 ], [ -85.598238832671228, 38.154002280924537 ], [ -85.597845434510148, 38.154665760422169 ], [ -85.597630832949704, 38.155424282366077 ], [ -85.608446507167187, 38.155866118777297 ], [ -85.61087731557086, 38.155701235000123 ], [ -85.612608579407009, 38.156140181431887 ], [ -85.614658153315048, 38.156295830095971 ], [ -85.614445710728461, 38.159565844310201 ], [ -85.613218510532903, 38.159801547861079 ], [ -85.612873835688561, 38.1619202801756 ], [ -85.613009833856495, 38.163777282787471 ], [ -85.613673834308941, 38.16421528278682 ], [ -85.615056115334852, 38.164567075233393 ], [ -85.61621230751058, 38.165365410319765 ], [ -85.618772013568872, 38.165749001401977 ], [ -85.619935281332246, 38.166690711820365 ], [ -85.621168500226176, 38.166549645198856 ], [ -85.622790586244335, 38.167066267473963 ], [ -85.622911670513176, 38.167531993825634 ], [ -85.622749971818536, 38.168651653528293 ], [ -85.623093385477958, 38.169883791492474 ], [ -85.622575870523974, 38.178835202819243 ], [ -85.626852204035288, 38.181209937549404 ], [ -85.626554343257808, 38.181724544284556 ], [ -85.625776041335087, 38.190381421717412 ], [ -85.630498190286033, 38.190641316264959 ], [ -85.630341500672358, 38.192274160581775 ], [ -85.62566112398099, 38.19200407104227 ], [ -85.625443817740091, 38.194499913762208 ], [ -85.618533505882738, 38.194158687495111 ], [ -85.618500069006828, 38.193356822877163 ], [ -85.616564096006414, 38.193238952657204 ], [ -85.615852520218496, 38.192914110126161 ], [ -85.615499971802876, 38.192549919324925 ] ] ] } },
{ "type": "Feature", "properties": { "district": 23 }, "geometry": { "type": "Polygon", "coordinates": [ [ [ -85.61087731557086, 38.155701235000123 ], [ -85.608446507167187, 38.155866118777297 ], [ -85.597630832949704, 38.155424282366077 ], [ -85.597845434510148, 38.154665760422169 ], [ -85.598238832671228, 38.154002280924537 ], [ -85.598548938844075, 38.152536504273868 ], [ -85.598391938408383, 38.151762098564376 ], [ -85.598200861585298, 38.151640090570531 ], [ -85.598428332174905, 38.151177671312112 ], [ -85.602003132212246, 38.151322679470631 ], [ -85.602240378071471, 38.148809923549344 ], [ -85.606224032317868, 38.14898727313021 ], [ -85.606820086898878, 38.143983941939823 ], [ -85.601131307339955, 38.143673962744288 ], [ -85.601023003028772, 38.143459713181628 ], [ -85.601153992975952, 38.141168032773457 ], [ -85.600623989262317, 38.139884332385456 ], [ -85.603122802678683, 38.138630857515537 ], [ -85.606587834326007, 38.138619277306937 ], [ -85.609749340140255, 38.137513849923629 ], [ -85.609205478281623, 38.137356784046588 ], [ -85.609035307501571, 38.137023851600595 ], [ -85.608435712912595, 38.13653474142415 ], [ -85.608347082397486, 38.136091664535812 ], [ -85.607273635625205, 38.135352657283278 ], [ -85.607059024612042, 38.134988959325383 ], [ -85.60359590339776, 38.133596039352547 ], [ -85.603125956455756, 38.133254275620175 ], [ -85.602428741822337, 38.132296396880754 ], [ -85.602024659233351, 38.132061109402891 ], [ -85.601779584595292, 38.130914940917904 ], [ -85.601814817353244, 38.130232673401913 ], [ -85.601630369201047, 38.129828409650401 ], [ -85.601241842368765, 38.129506950827661 ], [ -85.600683640410836, 38.128282293639856 ], [ -85.600781983020326, 38.126925840078542 ], [ -85.599050073424479, 38.126725498912727 ], [ -85.598847655819327, 38.126560233060395 ], [ -85.5991373867178, 38.122971051414893 ], [ -85.601840714657442, 38.122974642629153 ], [ -85.602334817733521, 38.116616617231955 ], [ -85.603135723544796, 38.115404703764582 ], [ -85.604704450140289, 38.115375415827742 ], [ -85.60529969493642, 38.114936306819132 ], [ -85.605883288844637, 38.114915102116683 ], [ -85.606255445391824, 38.111063880305679 ], [ -85.611749475740595, 38.111363624576832 ], [ -85.611913830730828, 38.108665269971347 ], [ -85.613836709271993, 38.108717068855 ], [ -85.614236373633162, 38.099384997013495 ], [ -85.614564832810473, 38.09656826971429 ], [ -85.615060831540191, 38.09574726757279 ], [ -85.61422283168946, 38.095309268651675 ], [ -85.614466830777943, 38.094445268798452 ], [ -85.61503983068711, 38.094098269543061 ], [ -85.615685442223139, 38.094058487477206 ], [ -85.615656652339339, 38.094342906815449 ], [ -85.618401614103817, 38.094722665840351 ], [ -85.621951458134063, 38.095043172728957 ], [ -85.622281084599692, 38.094947564193447 ], [ -85.623101592730407, 38.087364765823175 ], [ -85.623731036264218, 38.07963791063505 ], [ -85.643018552084087, 38.081258947107223 ], [ -85.642604026930215, 38.081781584069567 ], [ -85.642532842869528, 38.082309264878845 ], [ -85.642294356898432, 38.082581374366953 ], [ -85.642288913029105, 38.083347474097273 ], [ -85.642706599981523, 38.083604072455792 ], [ -85.644142838532886, 38.083795264012018 ], [ -85.644502542654322, 38.084284476855693 ], [ -85.644157571588693, 38.084936250117572 ], [ -85.642620128149559, 38.085731064701648 ], [ -85.642572782919387, 38.086126707710413 ], [ -85.642851404939307, 38.087301485602872 ], [ -85.642549300389732, 38.087541794212981 ], [ -85.642099451066287, 38.087581669781557 ], [ -85.643855579682011, 38.089150694465467 ], [ -85.644483265882002, 38.089486918448159 ], [ -85.647030752882145, 38.089976456587301 ], [ -85.649097139916748, 38.090020049565588 ], [ -85.651367051574979, 38.090380889924809 ], [ -85.657674516922114, 38.091782137176082 ], [ -85.6644109876177, 38.092154845096694 ], [ -85.668284449181144, 38.092888147919098 ], [ -85.669166630013606, 38.092823470234769 ], [ -85.671782997435173, 38.101753801319795 ], [ -85.672585466581197, 38.103512422276538 ], [ -85.67070916695782, 38.103851305580193 ], [ -85.650430283341962, 38.102853065992008 ], [ -85.646934644403899, 38.11060014412719 ], [ -85.646611000753268, 38.111595171240523 ], [ -85.646335197376317, 38.116074976839045 ], [ -85.646668843848587, 38.116700269278248 ], [ -85.646688841616978, 38.117881270033905 ], [ -85.64707826353829, 38.118146876641568 ], [ -85.648425001818325, 38.121737048225256 ], [ -85.657232836867692, 38.119314511991796 ], [ -85.662144809608606, 38.118139901080689 ], [ -85.667070382842496, 38.117332433949173 ], [ -85.669032753287411, 38.117260261362183 ], [ -85.669397045399023, 38.117463856696098 ], [ -85.669401665787262, 38.117773782978567 ], [ -85.668054505060908, 38.120788628506169 ], [ -85.665851007602313, 38.125049776701189 ], [ -85.663484679207627, 38.128190965936739 ], [ -85.660841882154457, 38.130185330175124 ], [ -85.660418902959236, 38.130695612240658 ], [ -85.659107820726717, 38.133753795490342 ], [ -85.658890982535809, 38.1349633293474 ], [ -85.657608237477319, 38.137775351624171 ], [ -85.65761274456078, 38.138980342398384 ], [ -85.65237273592939, 38.138509998477119 ], [ -85.646932587495712, 38.1383533628183 ], [ -85.641898225455293, 38.137958439476712 ], [ -85.641896843334649, 38.139553276656997 ], [ -85.64340284523189, 38.139830275895868 ], [ -85.643715842430169, 38.140211274730994 ], [ -85.643243843904685, 38.153992277380489 ], [ -85.642615844812852, 38.153171277759597 ], [ -85.642081846411443, 38.153097277074266 ], [ -85.641628843578005, 38.152825278509027 ], [ -85.641363845091576, 38.153082277261554 ], [ -85.640849841837095, 38.153073279582195 ], [ -85.640740844860161, 38.153290276780105 ], [ -85.640509843917016, 38.153331277006515 ], [ -85.639648843593037, 38.152709279152489 ], [ -85.638384842192693, 38.152199276670657 ], [ -85.637455843428413, 38.15161427934683 ], [ -85.636945844515111, 38.151107276734209 ], [ -85.635887843063458, 38.150560276651078 ], [ -85.635298842064458, 38.149967277192651 ], [ -85.632605678836782, 38.149267338652834 ], [ -85.631991839378102, 38.149301277279704 ], [ -85.631942840428721, 38.151648280092459 ], [ -85.631438088943298, 38.152401730227091 ], [ -85.629593839845043, 38.151409278718944 ], [ -85.628614657859757, 38.150328964418534 ], [ -85.628886364582925, 38.152235847808157 ], [ -85.629861840385814, 38.155188280290581 ], [ -85.624628840347313, 38.15578627974697 ], [ -85.624279839664396, 38.157262280156104 ], [ -85.614314655805174, 38.159670001323171 ], [ -85.614445710728461, 38.159565844310201 ], [ -85.614658153315048, 38.156295830095971 ], [ -85.612608579407009, 38.156140181431887 ], [ -85.61087731557086, 38.155701235000123 ] ] ] } },
{ "type": "Feature", "properties": { "district": 24 }, "geometry": { "type": "Polygon", "coordinates": [ [ [ -85.639948846858829, 38.171298280671458 ], [ -85.640638777593907, 38.162495050289863 ], [ -85.639792845706936, 38.160242281061706 ], [ -85.639261842986286, 38.160037279300589 ], [ -85.638742844477619, 38.160997280443929 ], [ -85.638282843087694, 38.161253280833655 ], [ -85.637412842912454, 38.160781278095207 ], [ -85.637388844953421, 38.160244280209675 ], [ -85.637065844850497, 38.159376278233744 ], [ -85.637183841809389, 38.159049279318126 ], [ -85.636970841220176, 38.158725279481708 ], [ -85.636619842704022, 38.158504280156095 ], [ -85.635816843624468, 38.158583278166979 ], [ -85.63534084382276, 38.159055277754327 ], [ -85.635286841161232, 38.160141279784938 ], [ -85.635153842115642, 38.160329281060775 ], [ -85.634093844368849, 38.160620280420048 ], [ -85.633836842366648, 38.161099280591031 ], [ -85.632634841936721, 38.161994281788807 ], [ -85.631615844128831, 38.162289279146115 ], [ -85.631017840911923, 38.162104278590157 ], [ -85.629967842204692, 38.162629281413565 ], [ -85.629883843180608, 38.162885279336081 ], [ -85.630177840471688, 38.16418228086345 ], [ -85.629617842267194, 38.164680279458153 ], [ -85.629631842851566, 38.16487827946932 ], [ -85.628647842245115, 38.165131280940066 ], [ -85.626385841105872, 38.165332282243916 ], [ -85.626082842361598, 38.165803282445751 ], [ -85.626195842227389, 38.166800279556782 ], [ -85.625636842495979, 38.167182282707167 ], [ -85.6253318392815, 38.167044281788151 ], [ -85.624197839530026, 38.167072280174594 ], [ -85.623281838779732, 38.167319282653089 ], [ -85.623164837836143, 38.167741281373424 ], [ -85.623288838000661, 38.168672280828353 ], [ -85.622852821794865, 38.168941259218919 ], [ -85.622747772016751, 38.168540700063403 ], [ -85.622911670513176, 38.167531993825634 ], [ -85.622790586244335, 38.167066267473963 ], [ -85.621168500226176, 38.166549645198856 ], [ -85.619991592102352, 38.166708781045173 ], [ -85.618772013568872, 38.165749001401977 ], [ -85.61621230751058, 38.165365410319765 ], [ -85.615056115334852, 38.164567075233393 ], [ -85.613673834308941, 38.16421528278682 ], [ -85.613009833856495, 38.163777282787471 ], [ -85.612873835688561, 38.1619202801756 ], [ -85.613343552551669, 38.159682681064368 ], [ -85.614223153368584, 38.159702083920003 ], [ -85.624279839664396, 38.157262280156104 ], [ -85.624628840347313, 38.15578627974697 ], [ -85.629861840385814, 38.155188280290581 ], [ -85.628886364582925, 38.152235847808157 ], [ -85.628610839073446, 38.15054127732634 ], [ -85.628614657859757, 38.150328964418534 ], [ -85.629593839845043, 38.151409278718944 ], [ -85.631438088943298, 38.152401730227091 ], [ -85.631942840428721, 38.151648280092459 ], [ -85.631991839378102, 38.149301277279704 ], [ -85.632605678836782, 38.149267338652834 ], [ -85.635298842064458, 38.149967277192651 ], [ -85.635887843063458, 38.150560276651078 ], [ -85.636945844515111, 38.151107276734209 ], [ -85.637455843428413, 38.15161427934683 ], [ -85.638384842192693, 38.152199276670657 ], [ -85.639648843593037, 38.152709279152489 ], [ -85.640509843917016, 38.153331277006515 ], [ -85.640740844860161, 38.153290276780105 ], [ -85.640849841837095, 38.153073279582195 ], [ -85.641363845091576, 38.153082277261554 ], [ -85.641628843578005, 38.152825278509027 ], [ -85.642081846411443, 38.153097277074266 ], [ -85.642615844812852, 38.153171277759597 ], [ -85.643243843904685, 38.153992277380489 ], [ -85.643715842430169, 38.140211274730994 ], [ -85.64340284523189, 38.139830275895868 ], [ -85.641896843334649, 38.139553276656997 ], [ -85.641898225455293, 38.137958439476712 ], [ -85.646932587495712, 38.1383533628183 ], [ -85.65237273592939, 38.138509998477119 ], [ -85.65761274456078, 38.138980342398384 ], [ -85.657608237477319, 38.137775351624171 ], [ -85.658890982535809, 38.1349633293474 ], [ -85.659107820726717, 38.133753795490342 ], [ -85.660418902959236, 38.130695612240658 ], [ -85.660841882154457, 38.130185330175124 ], [ -85.663484679207627, 38.128190965936739 ], [ -85.665851007602313, 38.125049776701189 ], [ -85.667976615136965, 38.120951858739453 ], [ -85.669429850862258, 38.117576271482861 ], [ -85.669032753287411, 38.117260261362183 ], [ -85.667070382842496, 38.117332433949173 ], [ -85.662325463067276, 38.118103575095731 ], [ -85.657232836867692, 38.119314511991796 ], [ -85.648425001818325, 38.121737048225256 ], [ -85.64707826353829, 38.118146876641568 ], [ -85.646688841616978, 38.117881270033905 ], [ -85.646668843848587, 38.116700269278248 ], [ -85.646335197376317, 38.116074976839045 ], [ -85.646594869706263, 38.111676996297753 ], [ -85.646934644403899, 38.11060014412719 ], [ -85.650430283341962, 38.102853065992008 ], [ -85.67070916695782, 38.103851305580193 ], [ -85.672585466581197, 38.103512422276538 ], [ -85.671782997435173, 38.101753801319795 ], [ -85.670040755023379, 38.095797931091909 ], [ -85.671029172295988, 38.096219067705903 ], [ -85.671952734367622, 38.096237381102725 ], [ -85.673099748588726, 38.096834639976045 ], [ -85.67474440270469, 38.097997626409963 ], [ -85.675690813376079, 38.097907203823524 ], [ -85.675842812371712, 38.098023630796803 ], [ -85.676090014359403, 38.098734854622847 ], [ -85.676782498589063, 38.099192822252704 ], [ -85.676963958057101, 38.099843770467174 ], [ -85.676741060168879, 38.100566212579373 ], [ -85.677434635532592, 38.100942266926118 ], [ -85.67757229399966, 38.101625882614222 ], [ -85.678000740102348, 38.101812769569285 ], [ -85.67844929805257, 38.102418560693707 ], [ -85.678129354836528, 38.103280227511569 ], [ -85.678171772287115, 38.103536054029121 ], [ -85.677971283896895, 38.103503411480197 ], [ -85.677924838772839, 38.103660736812991 ], [ -85.676429514590538, 38.103524608019235 ], [ -85.676174849548758, 38.10431326818491 ], [ -85.677209852041116, 38.104447265621523 ], [ -85.678180480667351, 38.104811505599784 ], [ -85.678825849004213, 38.105223268912162 ], [ -85.678916851765749, 38.105504266559635 ], [ -85.678782602888248, 38.105804155034903 ], [ -85.678909852972254, 38.105999265605249 ], [ -85.680019850408087, 38.105973266835342 ], [ -85.686058851457602, 38.097240264321869 ], [ -85.686776853142945, 38.093253263044396 ], [ -85.689058852515785, 38.093577263165898 ], [ -85.689485852116917, 38.092247264533995 ], [ -85.697857855987465, 38.093489265948669 ], [ -85.697766781562365, 38.093705699542724 ], [ -85.698533155478259, 38.091889497112732 ], [ -85.698857046286463, 38.091083173858344 ], [ -85.700856958667273, 38.091288956732271 ], [ -85.700665951735246, 38.095347109300313 ], [ -85.700895293317743, 38.101736813440517 ], [ -85.699778243389929, 38.101684927959994 ], [ -85.699835243335258, 38.101386676053231 ], [ -85.699692717824064, 38.101123509364378 ], [ -85.698887484109591, 38.100828931700228 ], [ -85.69865255036818, 38.101248528784218 ], [ -85.696678193376712, 38.102044098523542 ], [ -85.696371952431022, 38.101477940389636 ], [ -85.69647923186794, 38.10033995102674 ], [ -85.694924788402929, 38.100099861986685 ], [ -85.694659553969444, 38.100671111202701 ], [ -85.694844853583049, 38.100824265376005 ], [ -85.694774853600549, 38.101307267491535 ], [ -85.695744855308476, 38.102632264917524 ], [ -85.695571857654599, 38.102971263948952 ], [ -85.696094857713206, 38.104273267739387 ], [ -85.698759399316543, 38.104190028848663 ], [ -85.698855857355809, 38.106452265303233 ], [ -85.699345414359883, 38.106938920509009 ], [ -85.700107857507206, 38.107008265911666 ], [ -85.70019585652436, 38.108987266136808 ], [ -85.698643858217949, 38.109323266417618 ], [ -85.699403858774417, 38.110501267300457 ], [ -85.701577859619732, 38.111489265648096 ], [ -85.701859858423958, 38.118182267361099 ], [ -85.701595858854489, 38.118039269152177 ], [ -85.70168085893232, 38.121579269777087 ], [ -85.702004861602731, 38.127612270133319 ], [ -85.702428859168833, 38.129314270546054 ], [ -85.702903858393142, 38.130444271621897 ], [ -85.705310655431632, 38.134605574229305 ], [ -85.701755858736874, 38.134771273482649 ], [ -85.701343858639433, 38.134673271999318 ], [ -85.701363860328485, 38.132068271400648 ], [ -85.69732777944796, 38.13102129174947 ], [ -85.6971095945553, 38.136171912356744 ], [ -85.694533539339858, 38.136288606150849 ], [ -85.689468549242932, 38.137913789741226 ], [ -85.686736604301942, 38.138433506259574 ], [ -85.69318353144206, 38.150081267923952 ], [ -85.691212858593119, 38.149910273967542 ], [ -85.687246856613328, 38.149249276450327 ], [ -85.685788857804397, 38.149567275637843 ], [ -85.679712854743116, 38.149274277108205 ], [ -85.677976853172794, 38.149331275269091 ], [ -85.665577943664076, 38.14866718630509 ], [ -85.665007761595291, 38.148466920206133 ], [ -85.662765415416231, 38.14832957075668 ], [ -85.662140941068287, 38.148357731393872 ], [ -85.659894385104948, 38.149054033103859 ], [ -85.659674395136506, 38.153779127917566 ], [ -85.660055112472833, 38.161615111708528 ], [ -85.65938876477793, 38.171688280798108 ], [ -85.639948846858829, 38.171298280671458 ] ] ] } },
{ "type": "Feature", "properties": { "district": 25 }, "geometry": { "type": "Polygon", "coordinates": [ [ [ -85.777583320662146, 38.155924159383382 ], [ -85.776306603719817, 38.150647007907587 ], [ -85.771754577499209, 38.14874863311973 ], [ -85.773593321388915, 38.147525572155558 ], [ -85.775258462782972, 38.145776728014816 ], [ -85.783000876404301, 38.139401631711628 ], [ -85.780178078265408, 38.13847669452548 ], [ -85.783890938772259, 38.135743595288524 ], [ -85.793640668239263, 38.127260623378525 ], [ -85.806030890508779, 38.117698262583275 ], [ -85.807883131212634, 38.116467418383515 ], [ -85.826653504903632, 38.10535260227649 ], [ -85.828051892941915, 38.104159260300406 ], [ -85.83125989450734, 38.100494258124741 ], [ -85.832196894754773, 38.099727257992797 ], [ -85.833182897421779, 38.099244259972245 ], [ -85.84278789720625, 38.095917257917847 ], [ -85.850288899856238, 38.090307257885293 ], [ -85.854456903163566, 38.088393256485858 ], [ -85.857015899966683, 38.086313256854758 ], [ -85.864728623139783, 38.087654289923556 ], [ -85.863987673976609, 38.08917969730345 ], [ -85.866598792389411, 38.089873900042448 ], [ -85.871208808675277, 38.091497225080474 ], [ -85.874745789087314, 38.091959027002893 ], [ -85.875814175952286, 38.092326572111638 ], [ -85.869116599560385, 38.103875189664656 ], [ -85.865029127121801, 38.110175019398213 ], [ -85.86227516433415, 38.113594008419568 ], [ -85.85403588538756, 38.123188216464122 ], [ -85.848374617957916, 38.129495961911104 ], [ -85.843530897943936, 38.137047924170297 ], [ -85.846591511765638, 38.138081918766368 ], [ -85.846267124505886, 38.138611539111288 ], [ -85.846675877809531, 38.138756994391969 ], [ -85.851246909207447, 38.139782594583906 ], [ -85.850740863727722, 38.143991771702666 ], [ -85.839588405683571, 38.143491107112951 ], [ -85.839057584418271, 38.144584809126968 ], [ -85.836810090358583, 38.143422441737961 ], [ -85.836343885014585, 38.1435167524671 ], [ -85.827948124185141, 38.147790136052251 ], [ -85.821712261285725, 38.150660432389174 ], [ -85.812999159700496, 38.154987112082978 ], [ -85.8103189614786, 38.15359647787421 ], [ -85.808381026772921, 38.153313580605683 ], [ -85.804753303326748, 38.153644712249971 ], [ -85.803868331947385, 38.153857681771349 ], [ -85.803001520000905, 38.154356111881683 ], [ -85.801947461131547, 38.155406751459033 ], [ -85.797644832879357, 38.154166137671986 ], [ -85.79277092521086, 38.15375087604923 ], [ -85.790793886946759, 38.152764270611762 ], [ -85.784449496603457, 38.151922975811431 ], [ -85.781975399568807, 38.15402533266365 ], [ -85.77986788173682, 38.15445355901965 ], [ -85.7778225105465, 38.155865988495378 ], [ -85.777583320662146, 38.155924159383382 ] ] ] } },
{ "type": "Feature", "properties": { "district": 26 }, "geometry": { "type": "Polygon", "coordinates": [ [ [ -85.63996432621343, 38.251654140284018 ], [ -85.619346433966882, 38.249943943583141 ], [ -85.623227843569182, 38.23756929351304 ], [ -85.624215844589813, 38.235858295279385 ], [ -85.625847845468925, 38.234136295448614 ], [ -85.626728845405395, 38.233469293889584 ], [ -85.627283845202271, 38.233152294632625 ], [ -85.627383029009678, 38.233254698856946 ], [ -85.627253784124193, 38.233090967103948 ], [ -85.633563355576982, 38.229634332744517 ], [ -85.631708804650088, 38.22743438321492 ], [ -85.629811229557959, 38.228407408147881 ], [ -85.627791525007012, 38.225981706379493 ], [ -85.626227981113487, 38.226502366998204 ], [ -85.625924080359127, 38.226287122241729 ], [ -85.625803551527028, 38.226921376944425 ], [ -85.623034508526302, 38.228304668833971 ], [ -85.622144972096265, 38.227235204960792 ], [ -85.625351843413, 38.225378293362958 ], [ -85.622287027027994, 38.221730696564649 ], [ -85.627369016978534, 38.218854908106081 ], [ -85.625006230662905, 38.216236269269665 ], [ -85.623780307172424, 38.216934536239584 ], [ -85.622116319786599, 38.215025146362684 ], [ -85.626853177489366, 38.212760998317044 ], [ -85.62422286939146, 38.210812142372255 ], [ -85.620638837043188, 38.213262558306639 ], [ -85.618963454187735, 38.212697939126116 ], [ -85.618691310218594, 38.212316480602446 ], [ -85.619244746499632, 38.21084927760613 ], [ -85.619326112882035, 38.209742159956726 ], [ -85.619174373489201, 38.20896167794173 ], [ -85.62238484175505, 38.207046289526801 ], [ -85.623132841610598, 38.207507289190417 ], [ -85.628066602471492, 38.204151698255579 ], [ -85.627376744648629, 38.203414983033426 ], [ -85.626801523617516, 38.203129121017064 ], [ -85.623729544126348, 38.202904005691501 ], [ -85.623899544588667, 38.202323298969134 ], [ -85.624748297932982, 38.200893073497141 ], [ -85.623566520877304, 38.200396446258466 ], [ -85.622623842705821, 38.200656288707947 ], [ -85.622182840056752, 38.201350286930548 ], [ -85.621064842746051, 38.201026287413086 ], [ -85.620652839800215, 38.201812287502257 ], [ -85.620197157563965, 38.201737342523714 ], [ -85.619945185507731, 38.201947586108986 ], [ -85.612062305573957, 38.199845956519511 ], [ -85.613296960302023, 38.199603228188948 ], [ -85.616899281878645, 38.198224650453689 ], [ -85.618651224400296, 38.197756406054758 ], [ -85.618195842615094, 38.197008287668432 ], [ -85.618244836682564, 38.194339080157803 ], [ -85.615829847613796, 38.19369343866849 ], [ -85.61495892631136, 38.193705293635226 ], [ -85.615025839303556, 38.192854286913921 ], [ -85.615493103241661, 38.192537874629217 ], [ -85.615852520218496, 38.192914110126161 ], [ -85.616564096006414, 38.193238952657204 ], [ -85.618500069006828, 38.193356822877163 ], [ -85.618533505882738, 38.194158687495111 ], [ -85.625426746715064, 38.194487838506532 ], [ -85.625263283552059, 38.19676603123704 ], [ -85.633648881460289, 38.195542361588537 ], [ -85.633734845103845, 38.195715288001267 ], [ -85.632764674386962, 38.197984270575688 ], [ -85.632620428060392, 38.200262515449069 ], [ -85.632998751984502, 38.200841005959411 ], [ -85.635609903748218, 38.199462479676512 ], [ -85.636852042902078, 38.200981277514359 ], [ -85.637176219472551, 38.201702812567987 ], [ -85.63834003751316, 38.201289685652654 ], [ -85.639575970340545, 38.202713999822421 ], [ -85.642142113731722, 38.201435842485509 ], [ -85.643796547817345, 38.203378187661833 ], [ -85.641960183805622, 38.204494982769873 ], [ -85.645082808431212, 38.208529909017109 ], [ -85.647062853639412, 38.207714286557277 ], [ -85.649415789156535, 38.205691468240289 ], [ -85.659999896044567, 38.199044963975844 ], [ -85.66196111530121, 38.200137613836112 ], [ -85.662457146525213, 38.200192827662057 ], [ -85.664566854093664, 38.203047287092147 ], [ -85.675009669200151, 38.215902805560269 ], [ -85.67012888348583, 38.2183937303164 ], [ -85.669799753510929, 38.217900728907544 ], [ -85.669673550153306, 38.217935658596701 ], [ -85.66611737931656, 38.219823788237413 ], [ -85.663404715024441, 38.216411985030838 ], [ -85.659394400323023, 38.218270008970094 ], [ -85.658922236847729, 38.217608208574333 ], [ -85.651003459374323, 38.221529548339845 ], [ -85.658316867642981, 38.222177523838191 ], [ -85.65811785290083, 38.22251329171219 ], [ -85.650580853795631, 38.225975292723952 ], [ -85.658186768833161, 38.235437899130858 ], [ -85.656251855890645, 38.235050294497064 ], [ -85.655688854493292, 38.234608292701381 ], [ -85.654679851958292, 38.234962291488571 ], [ -85.653111854803981, 38.234921294162376 ], [ -85.652656852495042, 38.23469829424905 ], [ -85.651750823678668, 38.238147673448289 ], [ -85.654868508886025, 38.241782569303169 ], [ -85.652119994717822, 38.243170036445008 ], [ -85.651518864982691, 38.242440056279399 ], [ -85.648220991244202, 38.244069519138868 ], [ -85.6505661496154, 38.24696540218136 ], [ -85.645281418634355, 38.24960659868524 ], [ -85.644697632373294, 38.248914831611195 ], [ -85.64434839534151, 38.249085916094764 ], [ -85.64171935281837, 38.245907245080758 ], [ -85.638288564930406, 38.247646156737474 ], [ -85.640173607854038, 38.250031568603227 ], [ -85.63996432621343, 38.251654140284018 ] ] ] } }
]
}
