{
"type": "FeatureCollection",
"name": "senate",
"crs": { "type": "name", "properties": { "name": "urn:ogc:def:crs:OGC:1.3:CRS84" } },
"features": [
{ "type": "Feature", "properties": { "district": 6 }, "geometry": { "type": "MultiPolygon", "coordinates": [ [ [ [ -85.575955487918165, 38.270538205148732 ], [ -85.599326785222559, 38.264143945036984 ], [ -85.608700141080888, 38.274333576154206 ], [ -85.606158704362301, 38.275823011993182 ], [ -85.606470843961432, 38.276123303812767 ], [ -85.606866842590819, 38.276105303527892 ], [ -85.607088843185537, 38.275877302152281 ], [ -85.60733684534074, 38.276011303476423 ], [ -85.607736843613466, 38.276902302075776 ], [ -85.60745084430458, 38.277523301767161 ], [ -85.607925841490655, 38.278371303536247 ], [ -85.608443845439538, 38.278399301661565 ], [ -85.609197844676061, 38.279066303535842 ], [ -85.6098908452974, 38.279256302587378 ], [ -85.610625845239596, 38.279209304219066 ], [ -85.611041845004777, 38.278945304614304 ], [ -85.611443846773312, 38.278996302178328 ], [ -85.612063844534845, 38.278299302058841 ], [ -85.612423845264203, 38.278108304870344 ], [ -85.612944844309894, 38.278209303092481 ], [ -85.612599845976035, 38.278880303469883 ], [ -85.612747846065304, 38.279090303213025 ], [ -85.612322843650176, 38.279330304856515 ], [ -85.612476845068571, 38.279944304645547 ], [ -85.612128844264731, 38.280250303919829 ], [ -85.611180847639559, 38.280642304549666 ], [ -85.610668845667504, 38.281790301981189 ], [ -85.609851845878396, 38.282218304295149 ], [ -85.608851844307083, 38.281760304624278 ], [ -85.60861984562429, 38.281881302616078 ], [ -85.608759847126407, 38.282782303002541 ], [ -85.609661844226324, 38.284229303684448 ], [ -85.609477845232618, 38.284615304594745 ], [ -85.609143848231668, 38.284805303056572 ], [ -85.609293846735255, 38.28521030507585 ], [ -85.60901984594517, 38.285869303944203 ], [ -85.609228844955339, 38.285890305731151 ], [ -85.609142845040068, 38.286179306557429 ], [ -85.609535846216716, 38.287075306420718 ], [ -85.609600843554503, 38.28763530570447 ], [ -85.609245847136549, 38.287988304244188 ], [ -85.609388845424405, 38.288477303943978 ], [ -85.608957843792552, 38.289095303591587 ], [ -85.609154846648934, 38.290520305634821 ], [ -85.608933844733471, 38.290641306352391 ], [ -85.607888847065752, 38.290562304609701 ], [ -85.607707847342752, 38.290715306185859 ], [ -85.607614843662631, 38.291163304594136 ], [ -85.60815284585712, 38.291182305153107 ], [ -85.608196847139965, 38.291574304154501 ], [ -85.608463845957701, 38.291676304662552 ], [ -85.609134845228269, 38.291691306958882 ], [ -85.609547846534326, 38.291890305148478 ], [ -85.610043845380488, 38.291801307159226 ], [ -85.610772845623217, 38.292012307678448 ], [ -85.610900845874681, 38.293127305428541 ], [ -85.610542847597173, 38.29365030702278 ], [ -85.610627847704109, 38.29412130554109 ], [ -85.611002845710061, 38.294695308055616 ], [ -85.611396846638058, 38.294714306019053 ], [ -85.611769849270814, 38.294441307449986 ], [ -85.612119741860553, 38.293660722162322 ], [ -85.612483847571141, 38.29328430678104 ], [ -85.613330847973145, 38.293530307565227 ], [ -85.612797845461486, 38.294797306653194 ], [ -85.612955848199761, 38.29568830452493 ], [ -85.613193632712708, 38.295990747226867 ], [ -85.614920849062059, 38.295940305694295 ], [ -85.61589184649894, 38.295579306149726 ], [ -85.616486847519383, 38.295685305452949 ], [ -85.616716851152106, 38.296375306842322 ], [ -85.616029850235947, 38.297305307825198 ], [ -85.61601984684502, 38.297731306269135 ], [ -85.616289846825609, 38.298101306144112 ], [ -85.617062849398891, 38.298097305984086 ], [ -85.61771184936002, 38.297445304822951 ], [ -85.618403847275133, 38.297212306711884 ], [ -85.619324849903407, 38.297793304433064 ], [ -85.619324851669518, 38.298060306094534 ], [ -85.618817850620758, 38.298318307244045 ], [ -85.61872285010854, 38.298572305578141 ], [ -85.618257848049822, 38.298554307509207 ], [ -85.617687850373059, 38.298877307893008 ], [ -85.616818848110071, 38.299046306214926 ], [ -85.616619846615095, 38.29946330657048 ], [ -85.616792846682316, 38.300006306008321 ], [ -85.619305951987343, 38.29943004300813 ], [ -85.62145617896924, 38.298701613728952 ], [ -85.62780276061477, 38.295600913490418 ], [ -85.62739900509456, 38.299917156145433 ], [ -85.627470033231248, 38.302104266986909 ], [ -85.627825424755002, 38.305031228189364 ], [ -85.627726617964754, 38.306727544294716 ], [ -85.622562333369189, 38.321537095033399 ], [ -85.626050807092511, 38.323171157909108 ], [ -85.628541845410041, 38.325382097491882 ], [ -85.629638812013425, 38.326105850139783 ], [ -85.632941287371224, 38.326810720647316 ], [ -85.632144785294287, 38.32697599147064 ], [ -85.631550034909594, 38.32735377020439 ], [ -85.631184110790954, 38.327915947575072 ], [ -85.631155714093325, 38.328627379924811 ], [ -85.635682856956464, 38.328537311228054 ], [ -85.636695855820619, 38.32881031121515 ], [ -85.637507859377408, 38.329516310061024 ], [ -85.638226855412867, 38.330626309437356 ], [ -85.638854859718421, 38.331167313420629 ], [ -85.641218858216021, 38.331704313588759 ], [ -85.642960860351991, 38.33174131058145 ], [ -85.642998860197338, 38.331978312752277 ], [ -85.647837860353889, 38.332182311175387 ], [ -85.651246265880147, 38.33156305728393 ], [ -85.644314860531935, 38.346024315407121 ], [ -85.642342756525565, 38.353622233298175 ], [ -85.639380613295984, 38.361113452796566 ], [ -85.638629968206018, 38.36386537933739 ], [ -85.638452162908422, 38.366671606298858 ], [ -85.638285982480966, 38.377333088014645 ], [ -85.637814273922473, 38.380238228039438 ], [ -85.626561604282983, 38.374146575014464 ], [ -85.569267822019754, 38.341707995685866 ], [ -85.578281861377931, 38.341064419978203 ], [ -85.584482149114677, 38.339800575550498 ], [ -85.58525447226711, 38.339422386477978 ], [ -85.57470336483145, 38.333951164742075 ], [ -85.561239710158176, 38.337148522180634 ], [ -85.560005023640969, 38.33641903187209 ], [ -85.561012618501138, 38.33551638668488 ], [ -85.561049522581143, 38.333370019970012 ], [ -85.574489836303883, 38.330223316245245 ], [ -85.569799759137496, 38.318691114334257 ], [ -85.576205852564428, 38.317333464318644 ], [ -85.579204474547439, 38.316260801666473 ], [ -85.582252914845867, 38.31486771026772 ], [ -85.585180398983951, 38.316007682517288 ], [ -85.588495621362526, 38.316755891131159 ], [ -85.605722845102093, 38.318815311315504 ], [ -85.60603384481216, 38.31844631135192 ], [ -85.607921847315026, 38.31740931095834 ], [ -85.611304218839336, 38.312750379306912 ], [ -85.60866384586501, 38.312961309998244 ], [ -85.608047848465546, 38.312194310998194 ], [ -85.608051846821155, 38.311736311139647 ], [ -85.607802443845273, 38.311300496223318 ], [ -85.607919848072086, 38.310932311002766 ], [ -85.607549848778717, 38.310368309548004 ], [ -85.606823845623069, 38.310277309875211 ], [ -85.606889845504085, 38.310008310590462 ], [ -85.606203403370074, 38.309686331528702 ], [ -85.60588784841643, 38.309621307782301 ], [ -85.605718845905528, 38.309814309983309 ], [ -85.605544844670007, 38.309784309753525 ], [ -85.60527584566033, 38.3094703086241 ], [ -85.604680613533517, 38.30919928121304 ], [ -85.604106843970044, 38.309246310308168 ], [ -85.603873847883477, 38.309693310060091 ], [ -85.603270845771533, 38.309963311406811 ], [ -85.603192845294544, 38.31024531033146 ], [ -85.602726843865, 38.31041630855178 ], [ -85.602387763099443, 38.311147599064896 ], [ -85.601111846868889, 38.311501310666102 ], [ -85.600889844249011, 38.311732308882426 ], [ -85.60011484401663, 38.311727311770618 ], [ -85.599813843941391, 38.311455311887791 ], [ -85.598862846066282, 38.311286308854498 ], [ -85.597575844169498, 38.310785308941369 ], [ -85.597166824856956, 38.310879181686204 ], [ -85.596253845468937, 38.310378308528001 ], [ -85.595718844335693, 38.310556310775553 ], [ -85.595490846020226, 38.310232310011216 ], [ -85.595094844628534, 38.310213311455406 ], [ -85.594901842402265, 38.309848309956777 ], [ -85.594407842951242, 38.309700307558479 ], [ -85.593494264458002, 38.308902361800435 ], [ -85.597922901035574, 38.306674091312246 ], [ -85.596984542792597, 38.305890546728094 ], [ -85.597804325034716, 38.305062707405504 ], [ -85.598709865063157, 38.303709620568362 ], [ -85.598076745395062, 38.302630989081706 ], [ -85.59952404137114, 38.302074298352913 ], [ -85.598447247316741, 38.301024432986203 ], [ -85.597262384632259, 38.299407830850747 ], [ -85.598773605104554, 38.298613887726638 ], [ -85.598143634287723, 38.297747933679105 ], [ -85.5895878699869, 38.301963239430378 ], [ -85.587196863466005, 38.302375456177494 ], [ -85.585663838253481, 38.302949309761743 ], [ -85.584123837457184, 38.299394309390159 ], [ -85.58468083846067, 38.299265307712673 ], [ -85.583486839377642, 38.297688309454706 ], [ -85.583786840546622, 38.297544307374167 ], [ -85.582887836559038, 38.296189306080528 ], [ -85.583261839296028, 38.294919306801475 ], [ -85.583659838172309, 38.294533307096707 ], [ -85.584491838949688, 38.294677305713449 ], [ -85.584532841130198, 38.294098305915142 ], [ -85.584274840121779, 38.293559307666136 ], [ -85.584052840251104, 38.293636307570971 ], [ -85.583469838290924, 38.292856306444804 ], [ -85.582847154969826, 38.292591044262295 ], [ -85.582301245436355, 38.292121640998033 ], [ -85.577617903882185, 38.286081825422755 ], [ -85.57610006835786, 38.286171315524406 ], [ -85.572311117225112, 38.287612961051018 ], [ -85.571158836027635, 38.286186306675141 ], [ -85.569266834942354, 38.28444230744141 ], [ -85.566854833284211, 38.281351306469496 ], [ -85.566253832835855, 38.280300305002918 ], [ -85.566754831027367, 38.280179305993983 ], [ -85.563973303549247, 38.273950558685627 ], [ -85.567787834691003, 38.272744304611962 ], [ -85.568481831669274, 38.272262304973943 ], [ -85.569247268817122, 38.272322183648669 ], [ -85.573669260116048, 38.271035047081369 ], [ -85.573958833020797, 38.270811304378626 ], [ -85.575955487918165, 38.270538205148732 ] ] ], [ [ [ -85.538980823619852, 38.300086311953493 ], [ -85.548618969320458, 38.297481263600325 ], [ -85.557648765581177, 38.303008771263748 ], [ -85.567558319721968, 38.306744150548376 ], [ -85.572377855214498, 38.309373300567515 ], [ -85.568037472678782, 38.312401036607426 ], [ -85.562755639793224, 38.315041355202588 ], [ -85.559543560666185, 38.31610716986031 ], [ -85.552927829235912, 38.317460313015395 ], [ -85.547735827224741, 38.317567312945073 ], [ -85.545340328799412, 38.317267097274815 ], [ -85.539527739394174, 38.317693093569822 ], [ -85.532340826531183, 38.317522314109915 ], [ -85.526810157933554, 38.317970838320697 ], [ -85.514533941292356, 38.311024637920696 ], [ -85.518965194226396, 38.308844130323862 ], [ -85.517130956301642, 38.306726620577578 ], [ -85.517157069982346, 38.306270048252117 ], [ -85.517359096906802, 38.306133621204815 ], [ -85.519833062049244, 38.30540889272207 ], [ -85.520230818199863, 38.305071313221454 ], [ -85.521609229065959, 38.304956327011872 ], [ -85.531808334157915, 38.30224698282322 ], [ -85.538980823619852, 38.300086311953493 ] ] ] ] } },
{ "type": "Feature", "properties": { "district": 7 }, "geometry": { "type": "Polygon", "coordinates": [ [ [ -85.566505816989334, 38.100213269246247 ], [ -85.569733592304047, 38.109563183166109 ], [ -85.573462430590482, 38.121640613497419 ], [ -85.575142480070255, 38.125263150385194 ], [ -85.574625161163823, 38.12543210894038 ], [ -85.576238823755602, 38.128723275912208 ], [ -85.578220827935937, 38.131512277126042 ], [ -85.579309866951377, 38.133537227827198 ], [ -85.58335979826596, 38.141883332999065 ], [ -85.583257812236482, 38.141938683941341 ], [ -85.583374608052623, 38.141913706183843 ], [ -85.584015929280369, 38.143201890053362 ], [ -85.592225362198334, 38.160106864479872 ], [ -85.593294890572182, 38.161164684056473 ], [ -85.598948180716533, 38.164907481953527 ], [ -85.598232862763496, 38.170415672486271 ], [ -85.597569906946418, 38.170920251478812 ], [ -85.590056457954589, 38.169277248867601 ], [ -85.588890459291008, 38.169243070466024 ], [ -85.585135060218263, 38.168697959198788 ], [ -85.584292708329144, 38.173966542205655 ], [ -85.583844636568742, 38.17406597422162 ], [ -85.576596825881381, 38.173565285268587 ], [ -85.576481826922432, 38.174998285808066 ], [ -85.576028825516318, 38.174958286014665 ], [ -85.576287826632381, 38.175830285591815 ], [ -85.57620382510774, 38.176004285478747 ], [ -85.577329827508237, 38.176813286731033 ], [ -85.577408806828601, 38.177188907361071 ], [ -85.578010642287566, 38.177253023294959 ], [ -85.578816143351858, 38.178232606371367 ], [ -85.578791751734656, 38.178605531074311 ], [ -85.579155290259806, 38.179075650657644 ], [ -85.580005308942248, 38.179769019914779 ], [ -85.580994449060924, 38.17992106363414 ], [ -85.582462398893654, 38.180837780215235 ], [ -85.583264667005707, 38.182123172172602 ], [ -85.583560392624562, 38.182359325991833 ], [ -85.58563460144677, 38.182091220601023 ], [ -85.585572828569937, 38.183265286364374 ], [ -85.583994822325408, 38.183490303339156 ], [ -85.583817108925686, 38.185327633148589 ], [ -85.584059030137141, 38.185949601883678 ], [ -85.575999333034872, 38.188531504056797 ], [ -85.574334825603032, 38.186399286196668 ], [ -85.570973081720538, 38.186251298326951 ], [ -85.570784543072975, 38.187471583750956 ], [ -85.568959826730989, 38.190207287936119 ], [ -85.565261826559961, 38.188424287268617 ], [ -85.56459482518494, 38.188427289091699 ], [ -85.563763813619275, 38.188689081162885 ], [ -85.561707816279451, 38.190622286562594 ], [ -85.560240824233091, 38.190111288624053 ], [ -85.552040646308541, 38.188306249337899 ], [ -85.552435715262234, 38.187266984154682 ], [ -85.552352819846391, 38.186486289055487 ], [ -85.551186327930921, 38.183086663802605 ], [ -85.550377555886584, 38.181480252718224 ], [ -85.549744293416381, 38.180822539736127 ], [ -85.549593677064237, 38.180119956798002 ], [ -85.550120754686915, 38.176494298548647 ], [ -85.550243519912598, 38.173342403244817 ], [ -85.549950907747245, 38.171678660012901 ], [ -85.550403765452813, 38.169233003328451 ], [ -85.550209552023546, 38.167661290495531 ], [ -85.551208150350561, 38.167565597740705 ], [ -85.551678080999807, 38.167668861538992 ], [ -85.552225324554172, 38.168070222874597 ], [ -85.55280971203706, 38.168991096764387 ], [ -85.553746642315303, 38.169273358119327 ], [ -85.554099398927789, 38.16903768234458 ], [ -85.554631881812028, 38.168165297676921 ], [ -85.554918951038246, 38.167225872247251 ], [ -85.555837343729152, 38.16604091911627 ], [ -85.560155978313787, 38.16410012697699 ], [ -85.561513579146663, 38.163662132465724 ], [ -85.566888156517678, 38.163839796999632 ], [ -85.565465914129263, 38.161160726711095 ], [ -85.561129997665972, 38.156772416839416 ], [ -85.560421796612673, 38.155616792282444 ], [ -85.55997920333229, 38.154393917154977 ], [ -85.559313661623563, 38.153735492907266 ], [ -85.558409466594227, 38.153316199513412 ], [ -85.551841568139636, 38.151480324725128 ], [ -85.54883244061817, 38.150232365842726 ], [ -85.539264529790159, 38.139447051341932 ], [ -85.538973337025737, 38.138897220050289 ], [ -85.53835712408042, 38.136634897527486 ], [ -85.537032454760123, 38.136690555499634 ], [ -85.534864002837224, 38.136439921331153 ], [ -85.533410607985374, 38.136826430143891 ], [ -85.53245866497754, 38.137390008288975 ], [ -85.531957090982317, 38.13676096345764 ], [ -85.532059894015475, 38.135897934464467 ], [ -85.531939437269173, 38.135672414411971 ], [ -85.528360130877033, 38.135098350990013 ], [ -85.527576969205839, 38.134791961281408 ], [ -85.527009812593434, 38.134373019493445 ], [ -85.525725983336841, 38.13407888291156 ], [ -85.524630605468943, 38.132347402456972 ], [ -85.524258949608509, 38.132344928441029 ], [ -85.520445842233514, 38.134220393099959 ], [ -85.519853805882619, 38.134083279451858 ], [ -85.517782806544389, 38.132720278327632 ], [ -85.516429809338348, 38.133132280753394 ], [ -85.5158618045743, 38.133536280058649 ], [ -85.515705808376936, 38.133995279423345 ], [ -85.515741807530816, 38.135119279582241 ], [ -85.516721804827014, 38.136256279534599 ], [ -85.517371809315947, 38.139184280155959 ], [ -85.517074809213241, 38.140082280825332 ], [ -85.516830807064864, 38.141783280402194 ], [ -85.516250806276503, 38.142234283301498 ], [ -85.515641806415587, 38.142439279595891 ], [ -85.513833806263406, 38.142469282350348 ], [ -85.5105928032051, 38.143026283423765 ], [ -85.510172806082537, 38.143433281068958 ], [ -85.510033805684188, 38.144231282443876 ], [ -85.509963804923984, 38.14590128131853 ], [ -85.5102318056217, 38.146637281521834 ], [ -85.511935807993041, 38.148472281899352 ], [ -85.512956806447363, 38.150144283189732 ], [ -85.513224804995147, 38.150240284977194 ], [ -85.513967806401936, 38.151256285338704 ], [ -85.514298808064794, 38.151948284805016 ], [ -85.514433804751505, 38.152020284611552 ], [ -85.514461806290697, 38.151819282201359 ], [ -85.514687809367871, 38.151902282598193 ], [ -85.514384808235363, 38.151489285170193 ], [ -85.515480808731098, 38.15257028460271 ], [ -85.515843808903512, 38.153183282344045 ], [ -85.515760809542414, 38.153810285676045 ], [ -85.514594808919597, 38.155143284098749 ], [ -85.513898808117617, 38.155258283488386 ], [ -85.514235806836297, 38.154933284586534 ], [ -85.513406808133411, 38.155103285464406 ], [ -85.51328080496036, 38.154860285500419 ], [ -85.51328980653426, 38.155198283571394 ], [ -85.512822806240408, 38.155392285261406 ], [ -85.508912806325867, 38.156454286383031 ], [ -85.508260806494022, 38.157329285343806 ], [ -85.507184803198598, 38.157805284502835 ], [ -85.505945804896371, 38.157661283567968 ], [ -85.50477280320375, 38.156855285180313 ], [ -85.504225806272331, 38.155886285332812 ], [ -85.504089804829945, 38.1550612842343 ], [ -85.503755804134073, 38.154486284252059 ], [ -85.503308806087134, 38.152910285639962 ], [ -85.502885803644844, 38.152455284171424 ], [ -85.501616806636463, 38.152544284066508 ], [ -85.500671805963265, 38.153081281965477 ], [ -85.499989802047722, 38.15326528550338 ], [ -85.500047804027616, 38.153355284363215 ], [ -85.499496801870706, 38.153302284117622 ], [ -85.498248802682156, 38.153676282021074 ], [ -85.497250801926299, 38.154252284042201 ], [ -85.496624801758387, 38.154884284210304 ], [ -85.496468801340768, 38.155458283374173 ], [ -85.496705801361429, 38.155933284149718 ], [ -85.49747280289516, 38.156665285393423 ], [ -85.498106802077032, 38.158496283872502 ], [ -85.497706803219145, 38.159870284712341 ], [ -85.497787804760122, 38.160646286218508 ], [ -85.499328804955042, 38.16374328513745 ], [ -85.500916807167542, 38.165338286143331 ], [ -85.50122080704746, 38.166524285779012 ], [ -85.501947805332804, 38.168007287541371 ], [ -85.502076807083128, 38.169227287474058 ], [ -85.501638806734377, 38.169673287356403 ], [ -85.500639805785426, 38.169811287786366 ], [ -85.499465807041403, 38.170211288460067 ], [ -85.499405806003452, 38.170324288218836 ], [ -85.49960780675778, 38.170322286052944 ], [ -85.500423803748717, 38.169951287916156 ], [ -85.500802805328959, 38.169965285264368 ], [ -85.500120806233056, 38.170400287251297 ], [ -85.499199805190912, 38.170385288618967 ], [ -85.498279806057027, 38.17111728732656 ], [ -85.495577803455802, 38.172768286558821 ], [ -85.494935804044047, 38.173548288080639 ], [ -85.494876804691756, 38.174163287224829 ], [ -85.495026805462516, 38.174407289565863 ], [ -85.495885804089227, 38.174814287084338 ], [ -85.495896806931839, 38.175199290309109 ], [ -85.495740805314426, 38.175588287557964 ], [ -85.49541280501046, 38.175765288728051 ], [ -85.495618806898364, 38.175803288203483 ], [ -85.495524805161594, 38.175951289643329 ], [ -85.495326805817342, 38.175990289131519 ], [ -85.494773804960786, 38.176685289470932 ], [ -85.494307803712942, 38.176793290231785 ], [ -85.494522804181386, 38.176930288199117 ], [ -85.49407080286376, 38.177027287434598 ], [ -85.493837805220736, 38.17692928881678 ], [ -85.494216803910533, 38.17681428791532 ], [ -85.492926805041563, 38.176707287158195 ], [ -85.491995802828399, 38.176831288590279 ], [ -85.491507803262465, 38.17654828826997 ], [ -85.491469802159244, 38.176744289190026 ], [ -85.491317803898852, 38.176730286999863 ], [ -85.491165803960826, 38.176587288673964 ], [ -85.491477803981567, 38.176239287678186 ], [ -85.491035800986367, 38.17613528907507 ], [ -85.48865080096401, 38.176440290259968 ], [ -85.485947801350761, 38.177236287761922 ], [ -85.48382080033997, 38.17861728783101 ], [ -85.483453799599175, 38.17939428812182 ], [ -85.484031802735501, 38.181056292278704 ], [ -85.485322799749625, 38.183554291901324 ], [ -85.486212802086811, 38.184789290809711 ], [ -85.486834801857128, 38.185357291478631 ], [ -85.487155800516618, 38.185979290025358 ], [ -85.487130802308371, 38.18636528940366 ], [ -85.485761803293201, 38.187773290663344 ], [ -85.485009800587406, 38.188155290449018 ], [ -85.483692801341959, 38.188375291223366 ], [ -85.484347803364344, 38.188441291756199 ], [ -85.483378802655679, 38.188582290917871 ], [ -85.481144801881214, 38.188376293735772 ], [ -85.47990379860299, 38.187669291639857 ], [ -85.478433799041611, 38.187337290735947 ], [ -85.476601801867787, 38.187594292834397 ], [ -85.473349797680086, 38.187441290256928 ], [ -85.472350797884644, 38.187715290736278 ], [ -85.471932797634494, 38.188121292583645 ], [ -85.471419797782545, 38.188151290427363 ], [ -85.470449799552199, 38.187526293796573 ], [ -85.468972795355015, 38.186914293357503 ], [ -85.469347796806559, 38.187167291791681 ], [ -85.468771796515384, 38.187061292590684 ], [ -85.468552795782898, 38.187179293542442 ], [ -85.468301796283583, 38.187078290986271 ], [ -85.468292795769813, 38.186876290878104 ], [ -85.467721796047968, 38.186751291974382 ], [ -85.466641796848251, 38.186740292034543 ], [ -85.462543794715771, 38.187268293724536 ], [ -85.461311796969596, 38.188186294178351 ], [ -85.460434795690858, 38.188521293159916 ], [ -85.458663792537052, 38.188853293426156 ], [ -85.457526795146805, 38.189988294453109 ], [ -85.456124793325614, 38.189453291377212 ], [ -85.45420779517211, 38.189718292269035 ], [ -85.454197792006539, 38.190465294997722 ], [ -85.453668791202375, 38.191260294510286 ], [ -85.453700795026279, 38.191904294513776 ], [ -85.45251879547655, 38.195005293530208 ], [ -85.453168791658683, 38.196307294572193 ], [ -85.453161793709654, 38.197550294221664 ], [ -85.453580793700212, 38.198622296378943 ], [ -85.453787795437819, 38.200139293351342 ], [ -85.454385794489994, 38.20161729592958 ], [ -85.454452792281444, 38.202195295231746 ], [ -85.453426795942846, 38.203333294651422 ], [ -85.452517791839782, 38.205155296835478 ], [ -85.450146790816476, 38.204657297947854 ], [ -85.449942794121839, 38.204844297033581 ], [ -85.449513792732972, 38.206248295870516 ], [ -85.449002791203384, 38.206791296424733 ], [ -85.447999791031947, 38.207682297078833 ], [ -85.446817794874562, 38.207784297015039 ], [ -85.446764794531489, 38.208782295450774 ], [ -85.447274795045843, 38.209591297499053 ], [ -85.447655790882834, 38.209700297599426 ], [ -85.447752793474081, 38.209928298304014 ], [ -85.447512791909318, 38.210015297162329 ], [ -85.445795789960059, 38.209823298744475 ], [ -85.444703792082407, 38.209905295894949 ], [ -85.443719791523307, 38.209121299072635 ], [ -85.443011791569916, 38.209117298384278 ], [ -85.442473791310746, 38.20874429766473 ], [ -85.441513791788395, 38.20885729822551 ], [ -85.439776534854531, 38.20810277425921 ], [ -85.438421582859831, 38.207719964537439 ], [ -85.4381061466609, 38.207306927142078 ], [ -85.436992652890652, 38.206470022832747 ], [ -85.436020189806555, 38.206194902744869 ], [ -85.435851939936455, 38.205949175469684 ], [ -85.435055531721915, 38.205945482627087 ], [ -85.434708076796298, 38.205701627976936 ], [ -85.433908689882458, 38.205811871825141 ], [ -85.433167890203151, 38.205253904139518 ], [ -85.432185888046035, 38.205460210864061 ], [ -85.43074860112047, 38.204905353094361 ], [ -85.430889674970317, 38.204711414159945 ], [ -85.430702923302505, 38.204544491804747 ], [ -85.429771505438438, 38.204502857428565 ], [ -85.42946120667996, 38.204698395299765 ], [ -85.428983379949258, 38.204392979666984 ], [ -85.429000267638202, 38.204200407244258 ], [ -85.428550629520927, 38.20378081840785 ], [ -85.427987329128683, 38.204041740810219 ], [ -85.427762797514944, 38.203690592634985 ], [ -85.427386991081079, 38.203533399398744 ], [ -85.427092594744082, 38.203795531722506 ], [ -85.426297834642341, 38.203889968392694 ], [ -85.425803841916675, 38.20381247620066 ], [ -85.425917402466681, 38.203663996225188 ], [ -85.425778818780529, 38.2034876555309 ], [ -85.424884863465664, 38.203355473252287 ], [ -85.424712003423878, 38.203549532500276 ], [ -85.42447446830181, 38.203359603606209 ], [ -85.422639127867797, 38.203202737360492 ], [ -85.420784894768431, 38.203598712824352 ], [ -85.420401163328435, 38.203339581366542 ], [ -85.420038759364203, 38.203635442330508 ], [ -85.419876516542317, 38.203529965247277 ], [ -85.418561487018764, 38.203886418572381 ], [ -85.418419106224249, 38.203658972347831 ], [ -85.418107744918913, 38.203683948929388 ], [ -85.417890007910813, 38.203953968586994 ], [ -85.417642737550366, 38.203739764229105 ], [ -85.416944807980897, 38.203705385853901 ], [ -85.416204817302429, 38.203934348504852 ], [ -85.41596906349136, 38.2038562939576 ], [ -85.416008996152186, 38.204026354088001 ], [ -85.415549628130108, 38.204245231250731 ], [ -85.415133567071365, 38.204276161111473 ], [ -85.414713292155781, 38.204044179210904 ], [ -85.428892450135777, 38.118332418786764 ], [ -85.479487654899728, 38.100223316445067 ], [ -85.515829969174945, 38.08871910937237 ], [ -85.529468042293857, 38.083847362046576 ], [ -85.529707805090112, 38.084434268736793 ], [ -85.530546806115311, 38.085449269981467 ], [ -85.530069809623427, 38.08568826975781 ], [ -85.530499808662825, 38.085937269846291 ], [ -85.530891806553186, 38.086695271455177 ], [ -85.531984807784156, 38.087083268880278 ], [ -85.533668805844997, 38.086837270627676 ], [ -85.53388980832095, 38.086689271174052 ], [ -85.534960806643895, 38.087193271131078 ], [ -85.535707806775051, 38.087749271232489 ], [ -85.537093807615975, 38.087744269452692 ], [ -85.537989810748698, 38.088226271473197 ], [ -85.539928811033548, 38.08828226986406 ], [ -85.540844809983696, 38.088675271490928 ], [ -85.54214781136956, 38.088648269555051 ], [ -85.542377812073937, 38.088834270490558 ], [ -85.542405809842322, 38.089265271782978 ], [ -85.543874811575932, 38.089812270128512 ], [ -85.544979812933676, 38.089454269410147 ], [ -85.546258812309119, 38.089458271119412 ], [ -85.547405813309098, 38.089218269743256 ], [ -85.547673812434141, 38.088835271241763 ], [ -85.548601813654642, 38.088499268544119 ], [ -85.551286814451316, 38.086750269838767 ], [ -85.552296815478655, 38.086447269366012 ], [ -85.555480815543461, 38.08469426927406 ], [ -85.556005813847975, 38.0875162671175 ], [ -85.556447815578338, 38.088999267862079 ], [ -85.557820816318383, 38.092378272132777 ], [ -85.5588908171555, 38.093869271436589 ], [ -85.56003581838155, 38.094756268233638 ], [ -85.562478816184168, 38.09599626922212 ], [ -85.563456817928241, 38.094646268832214 ], [ -85.564625817221483, 38.094094269981802 ], [ -85.566505816989334, 38.100213269246247 ] ] ] } },
{ "type": "Feature", "properties": { "district": 10 }, "geometry": { "type": "Polygon", "coordinates": [ [ [ -85.907128916191638, 38.064720248653892 ], [ -85.906333127732992, 38.064298888113747 ], [ -85.906396913165025, 38.06419124910191 ], [ -85.905993912685474, 38.064011247563244 ], [ -85.905724736628315, 38.063679061525932 ], [ -85.904795912217168, 38.063820249908531 ], [ -85.904064914166625, 38.063189248082786 ], [ -85.89063211046745, 38.056182441399699 ], [ -85.887825399864127, 38.059670148881743 ], [ -85.885709953224634, 38.06421851969035 ], [ -85.885234218950018, 38.06597162964681 ], [ -85.884761301401852, 38.071714697774709 ], [ -85.879572988906446, 38.070086467467654 ], [ -85.86719397514959, 38.067213273016044 ], [ -85.865687814551109, 38.06677468838032 ], [ -85.864664271463369, 38.066263865298666 ], [ -85.861747547378556, 38.065915989287532 ], [ -85.860171570392424, 38.066235170948325 ], [ -85.857943385729783, 38.066290666496371 ], [ -85.85313886584153, 38.066023958985944 ], [ -85.851939967793939, 38.065294183683598 ], [ -85.850939419566373, 38.065373441830033 ], [ -85.849724628501974, 38.065626408564448 ], [ -85.847673085728474, 38.067161161096713 ], [ -85.844169661314496, 38.068241220728119 ], [ -85.841898235514265, 38.066361792688028 ], [ -85.8395855127647, 38.065718432839006 ], [ -85.838352863855491, 38.064670638708172 ], [ -85.838148322931531, 38.064047922624432 ], [ -85.838278580260905, 38.063454972434293 ], [ -85.838616695856658, 38.063065336352658 ], [ -85.839694640526488, 38.062576537469518 ], [ -85.840591605039265, 38.061934228619585 ], [ -85.841621186906721, 38.059809523849431 ], [ -85.841397515349371, 38.060454636157445 ], [ -85.841528367398425, 38.060162163432395 ], [ -85.841583961295797, 38.059956271000843 ], [ -85.841632545101263, 38.05976499964595 ], [ -85.841766564511573, 38.059212314949221 ], [ -85.841940322725208, 38.0584563950123 ], [ -85.842153859161527, 38.05683828508699 ], [ -85.842887803813099, 38.054503813372484 ], [ -85.842609654619395, 38.05272500128104 ], [ -85.842234243391061, 38.051469444818643 ], [ -85.877280286856987, 38.041695915088702 ], [ -85.880111785178883, 38.040967644222548 ], [ -85.882179595390355, 38.040923893444116 ], [ -85.882652401655903, 38.040663930229513 ], [ -85.882763047476715, 38.040421279133405 ], [ -85.882622843426802, 38.040058320081584 ], [ -85.88276810347223, 38.039721981853695 ], [ -85.883004335587046, 38.039512161436299 ], [ -85.883560918517844, 38.039384072725667 ], [ -85.883796949885564, 38.039119200258234 ], [ -85.883285273111639, 38.037919986557633 ], [ -85.883618229347647, 38.037489611414514 ], [ -85.886081314180458, 38.036811474526608 ], [ -85.887228390063385, 38.036279991544795 ], [ -85.888639443238645, 38.035488981819704 ], [ -85.889457953428959, 38.034440676194436 ], [ -85.890425489793444, 38.034405056832846 ], [ -85.891084797383243, 38.033682030475148 ], [ -85.892621952143699, 38.033094170871173 ], [ -85.894845613638822, 38.031761462927541 ], [ -85.895741209659107, 38.030927607702374 ], [ -85.897207298270956, 38.029904857172056 ], [ -85.897742395592218, 38.029699833728259 ], [ -85.898236798764472, 38.029720544513061 ], [ -85.898973577827846, 38.029333046527562 ], [ -85.900199898114664, 38.029693293938074 ], [ -85.90048442270971, 38.029389690936448 ], [ -85.900698135226776, 38.02867875662723 ], [ -85.900975995640948, 38.028490812289725 ], [ -85.901422059848201, 38.028643854815606 ], [ -85.902642983880469, 38.029543694524882 ], [ -85.903088503383671, 38.029514879557368 ], [ -85.904360436689743, 38.028889262016243 ], [ -85.904665036691341, 38.028326760320823 ], [ -85.904188488831309, 38.027270725008947 ], [ -85.904304894089464, 38.026653688411351 ], [ -85.904687172592062, 38.026443336687301 ], [ -85.904998392972672, 38.025809258867667 ], [ -85.906326439952338, 38.025299107496956 ], [ -85.906637879269852, 38.024752981801782 ], [ -85.906740456908395, 38.024124988351261 ], [ -85.906634841158962, 38.02375080512909 ], [ -85.905288311152063, 38.022774189062147 ], [ -85.905168668366926, 38.022345123128432 ], [ -85.906139562801329, 38.021169551843244 ], [ -85.90649123932603, 38.020116760628966 ], [ -85.906797039654236, 38.019961653858083 ], [ -85.90703408099246, 38.020076763912293 ], [ -85.906894727287167, 38.022268730388483 ], [ -85.907125398785055, 38.022554505518592 ], [ -85.90780101213204, 38.02271234067188 ], [ -85.909081340504812, 38.022538155944027 ], [ -85.910106209127719, 38.023053015795725 ], [ -85.910390085516255, 38.022584126359568 ], [ -85.910298151705305, 38.022110811957113 ], [ -85.909370476055727, 38.021524093550582 ], [ -85.909187409195667, 38.020874845902561 ], [ -85.90922724454586, 38.020241461371633 ], [ -85.909657234005579, 38.019728191528827 ], [ -85.909976882440816, 38.019573067681691 ], [ -85.910512969726298, 38.019626727560507 ], [ -85.912151775553312, 38.020563818352315 ], [ -85.912757716814099, 38.020677782791566 ], [ -85.913448894078215, 38.019150509475999 ], [ -85.914440750680541, 38.015898813972292 ], [ -85.915278859925976, 38.014624343801586 ], [ -85.915443938002056, 38.014029287376665 ], [ -85.915156826269268, 38.013484863770074 ], [ -85.914416959964981, 38.012815099306131 ], [ -85.913969074453973, 38.012100474327738 ], [ -85.913847035249887, 38.010916911940228 ], [ -85.914089409389589, 38.010514298347239 ], [ -85.915278931373109, 38.010329159544618 ], [ -85.915651475737533, 38.009331339885776 ], [ -85.916737252402257, 38.009361471787521 ], [ -85.91807260726344, 38.009071290587634 ], [ -85.918952620443804, 38.01001599695438 ], [ -85.919782256761792, 38.010432223450714 ], [ -85.921412067339787, 38.00872599423456 ], [ -85.923039767859805, 38.008363272310504 ], [ -85.924747199031401, 38.007069976360697 ], [ -85.924848286089656, 38.00611144686426 ], [ -85.925145669070403, 38.005537953849071 ], [ -85.926355608189752, 38.005242522100488 ], [ -85.926945060859822, 38.004640713227928 ], [ -85.929804904710906, 38.002484768315931 ], [ -85.930518454371949, 38.001552048903115 ], [ -85.930835766821488, 38.000686992095403 ], [ -85.932048949096824, 37.998661683286763 ], [ -85.932350116471056, 37.998268094639769 ], [ -85.933357886270628, 37.997548479165935 ], [ -85.934397918268132, 37.997217235460845 ], [ -85.934730188513271, 37.997249194839547 ], [ -85.93504205873694, 37.997471366541276 ], [ -85.935413237041914, 37.99860768604799 ], [ -85.935722352344612, 37.998856149156083 ], [ -85.938279056133183, 37.998648591881484 ], [ -85.944816411501122, 38.002346435876539 ], [ -85.94712719123045, 38.005075376604928 ], [ -85.943758643801488, 38.006265811770881 ], [ -85.942698180708433, 38.006826178462781 ], [ -85.939524263887577, 38.009814513000883 ], [ -85.933513570996766, 38.014088664350744 ], [ -85.931118336959813, 38.015995002263139 ], [ -85.928156137558858, 38.018769144169674 ], [ -85.925159560005568, 38.022520606157492 ], [ -85.923268566692883, 38.025591612843328 ], [ -85.921463773647815, 38.029728199978599 ], [ -85.920724570248396, 38.032108353645917 ], [ -85.919824936031716, 38.035953780959851 ], [ -85.918977212814653, 38.040709359395585 ], [ -85.918364302378436, 38.048779527720548 ], [ -85.917035063236085, 38.057261645177462 ], [ -85.916439192688912, 38.059580057429791 ], [ -85.916319065744929, 38.062541457940014 ], [ -85.915754605086136, 38.065137268419257 ], [ -85.91013691674398, 38.06552424776563 ], [ -85.910177916181638, 38.065291248466664 ], [ -85.909466918311338, 38.065288247687612 ], [ -85.908076916385426, 38.064576248924645 ], [ -85.907128916191638, 38.064720248653892 ] ] ] } },
{ "type": "Feature", "properties": { "district": 19 }, "geometry": { "type": "Polygon", "coordinates": [ [ [ -85.706920339611543, 38.193755574941363 ], [ -85.704983867443104, 38.19131528133699 ], [ -85.709556868641855, 38.190585283175757 ], [ -85.71081386742496, 38.190515282630301 ], [ -85.713263869224235, 38.190956282362983 ], [ -85.714958390866997, 38.191719848347894 ], [ -85.716920867354006, 38.191262281606768 ], [ -85.718725868759051, 38.191079282194572 ], [ -85.744241878737384, 38.189533277481502 ], [ -85.747027878347907, 38.189653278849001 ], [ -85.746383876327926, 38.190019279611249 ], [ -85.744067877945255, 38.189944280629945 ], [ -85.742180875052469, 38.190096280150293 ], [ -85.740882876137348, 38.190626279561847 ], [ -85.743740876339132, 38.194319280439778 ], [ -85.747241879081372, 38.192695281895432 ], [ -85.747881877077717, 38.193537280821594 ], [ -85.748278876988337, 38.193295281252347 ], [ -85.750289918406949, 38.192858234532046 ], [ -85.750253880902648, 38.194874280568783 ], [ -85.750891881626032, 38.194896280246915 ], [ -85.750736880855513, 38.204282281507673 ], [ -85.751061880064924, 38.208661284691438 ], [ -85.747888911771824, 38.208789652610356 ], [ -85.748110879900182, 38.211863285618868 ], [ -85.747581878124805, 38.212038286133613 ], [ -85.747078877518035, 38.212472284493458 ], [ -85.747000880485757, 38.211374283258586 ], [ -85.741854272986956, 38.2135934781844 ], [ -85.742766713709784, 38.215012912497926 ], [ -85.743224171630914, 38.21574567223179 ], [ -85.743259270959712, 38.215798060100248 ], [ -85.743274041642465, 38.215819138406985 ], [ -85.743926731659542, 38.215476120602368 ], [ -85.745329964993246, 38.216981171279031 ], [ -85.749097881253007, 38.215349285994748 ], [ -85.750487880348444, 38.216797286953231 ], [ -85.751561882394057, 38.218228285892522 ], [ -85.752144657884145, 38.218326163519031 ], [ -85.75161887943959, 38.220146287046894 ], [ -85.745325880105383, 38.22286128817619 ], [ -85.743431773919383, 38.221744884931198 ], [ -85.741677626460088, 38.226306360392798 ], [ -85.741690322721084, 38.227540006274502 ], [ -85.742056750167563, 38.2297485709176 ], [ -85.741919790798917, 38.230808687126306 ], [ -85.741089685904328, 38.230780515854129 ], [ -85.740426818896168, 38.230383244136796 ], [ -85.740339965332922, 38.231043770309299 ], [ -85.737326205926095, 38.232192447475136 ], [ -85.737293929011699, 38.232921992239625 ], [ -85.735730255532886, 38.232773355077093 ], [ -85.731908876590154, 38.234201290765647 ], [ -85.73041427827475, 38.234520609701889 ], [ -85.727657194339997, 38.235737843140896 ], [ -85.724481875742285, 38.23164229018397 ], [ -85.719473872031855, 38.234202290003267 ], [ -85.717890873615005, 38.23224928849671 ], [ -85.71370287016633, 38.234412776734281 ], [ -85.713876874697348, 38.234511297427197 ], [ -85.712434179234762, 38.235254935695536 ], [ -85.71232012143885, 38.235463027507585 ], [ -85.70840733810779, 38.237455339298229 ], [ -85.707353734544768, 38.238303742273168 ], [ -85.706848689787307, 38.239116126532089 ], [ -85.706107084771773, 38.241297027205079 ], [ -85.70539217159569, 38.24253732117684 ], [ -85.705277908662794, 38.243324201643389 ], [ -85.704251096745779, 38.244048819737571 ], [ -85.704537950986122, 38.245537943569644 ], [ -85.701549444707183, 38.245548567007539 ], [ -85.698287040456677, 38.244889377897856 ], [ -85.695705866357414, 38.245150292381311 ], [ -85.688674867617138, 38.245129293187269 ], [ -85.680600488327414, 38.248663708524582 ], [ -85.673446322549466, 38.248617515922113 ], [ -85.671989703801941, 38.248800589939734 ], [ -85.670513439743274, 38.246943307248145 ], [ -85.671199391491797, 38.246331478698615 ], [ -85.671403211817193, 38.244875500466762 ], [ -85.670680748895705, 38.2437648066729 ], [ -85.666838859632065, 38.245537294692028 ], [ -85.665934876409779, 38.24444731914442 ], [ -85.665537931516525, 38.24463026186914 ], [ -85.665019857263445, 38.243945295509008 ], [ -85.656412856161438, 38.248337295895844 ], [ -85.655288401883723, 38.247002062616801 ], [ -85.656954402631584, 38.246128269757833 ], [ -85.653869502794066, 38.242265671734692 ], [ -85.652114856286872, 38.243173294227468 ], [ -85.651518855129297, 38.24243929409279 ], [ -85.648204868297171, 38.244066155642031 ], [ -85.650494965870806, 38.247026674591737 ], [ -85.64528141807979, 38.249606598494246 ], [ -85.644697632832987, 38.2489148317946 ], [ -85.644348395328038, 38.249085916455435 ], [ -85.642031524614524, 38.246284696787811 ], [ -85.647724854175934, 38.243477295131761 ], [ -85.642826142937523, 38.237488929173793 ], [ -85.636826850882187, 38.240249294953372 ], [ -85.635814848279409, 38.241211295641236 ], [ -85.635310927979177, 38.241470090608907 ], [ -85.633662849451923, 38.238594295589451 ], [ -85.632942847060164, 38.23796629329761 ], [ -85.629512847551439, 38.235751293477122 ], [ -85.627253784014357, 38.233090966732071 ], [ -85.633563356071278, 38.229634332773529 ], [ -85.631708804711707, 38.227434382949959 ], [ -85.629811229383463, 38.228407404768156 ], [ -85.627791525363349, 38.225981710258196 ], [ -85.626227981545313, 38.226502367330298 ], [ -85.625924080463363, 38.226287122464377 ], [ -85.625803552097892, 38.226921377201869 ], [ -85.623034508338989, 38.22830466852205 ], [ -85.622144972491128, 38.227235205365453 ], [ -85.625283847886848, 38.225416293396137 ], [ -85.622287027380395, 38.221730696488017 ], [ -85.628599609461432, 38.218149599636284 ], [ -85.627326801226872, 38.216407499048074 ], [ -85.627235212319462, 38.215588198092398 ], [ -85.627809505808798, 38.213411303833901 ], [ -85.627139560530111, 38.212640626749952 ], [ -85.630456075482229, 38.211073918847205 ], [ -85.629135199152515, 38.209573622848325 ], [ -85.628905802152104, 38.209697239978034 ], [ -85.627835845589487, 38.208404289110362 ], [ -85.62686729006316, 38.209036789231945 ], [ -85.624628266562439, 38.206496718979317 ], [ -85.623132841490332, 38.207507288768291 ], [ -85.622384842165417, 38.207046289681564 ], [ -85.622135274982782, 38.207167061633712 ], [ -85.618330876152925, 38.202822802290726 ], [ -85.619931526546424, 38.201943966496728 ], [ -85.6097870477101, 38.199222073297854 ], [ -85.605585844318242, 38.199067636681647 ], [ -85.603894310410098, 38.198624462590637 ], [ -85.603061564616382, 38.198565379801842 ], [ -85.603679351069857, 38.196020234284816 ], [ -85.604989332098739, 38.192701485620027 ], [ -85.605059138489125, 38.188897434814649 ], [ -85.606715760977949, 38.183494390642316 ], [ -85.606972834920128, 38.181052286160408 ], [ -85.609458969369982, 38.18108835833219 ], [ -85.609725835645747, 38.180178285584184 ], [ -85.610060394148391, 38.179778362899775 ], [ -85.611043617997112, 38.179587785813069 ], [ -85.611728838653818, 38.178999282769929 ], [ -85.612692465119437, 38.178504339097088 ], [ -85.612958215358049, 38.177352745583271 ], [ -85.613769839225384, 38.17750128508181 ], [ -85.614140796753858, 38.177187962687455 ], [ -85.61416183892284, 38.176966283787664 ], [ -85.613907837874379, 38.176943283407269 ], [ -85.613873838198941, 38.176656284666663 ], [ -85.61499983881869, 38.17623428449734 ], [ -85.614941837669633, 38.175751283378091 ], [ -85.616597837912082, 38.174327284939523 ], [ -85.6172818402503, 38.173062283076433 ], [ -85.618110839725475, 38.172806284057536 ], [ -85.619177838277309, 38.170775282895789 ], [ -85.620218839841229, 38.170257282800904 ], [ -85.621181840193529, 38.170385282638996 ], [ -85.621755839776014, 38.169396281807117 ], [ -85.622852826135571, 38.168941266229908 ], [ -85.622747772383022, 38.168540700334752 ], [ -85.622911670459928, 38.16753199360204 ], [ -85.622790582066571, 38.167066257147141 ], [ -85.622515583461237, 38.166919745751805 ], [ -85.621168500788059, 38.166549645052733 ], [ -85.61999159245012, 38.166708780903861 ], [ -85.618772013563159, 38.165749001010546 ], [ -85.616212307673237, 38.165365413613351 ], [ -85.615056115029773, 38.16456707549407 ], [ -85.613485403381844, 38.164078603384155 ], [ -85.613103103318835, 38.163570523912412 ], [ -85.612875901646163, 38.162445982194541 ], [ -85.613169446842249, 38.160663256786229 ], [ -85.609460836558526, 38.160395279529439 ], [ -85.607986836751124, 38.160486280714082 ], [ -85.60542667046667, 38.160246241739408 ], [ -85.605183832374877, 38.159724281518066 ], [ -85.604508870571081, 38.159510005326219 ], [ -85.604858807356536, 38.155739316440695 ], [ -85.597630832923087, 38.155424282295549 ], [ -85.597845434880085, 38.154665760150451 ], [ -85.598238832453816, 38.154002280909509 ], [ -85.598548938642978, 38.152536504451824 ], [ -85.598391938017372, 38.151762098345365 ], [ -85.59820086206021, 38.151640090958061 ], [ -85.598428331704199, 38.151177671547863 ], [ -85.602003131814271, 38.151322679862105 ], [ -85.602344954611254, 38.147702710199518 ], [ -85.595312732461693, 38.147342267529119 ], [ -85.598052822571574, 38.141431950813057 ], [ -85.598627048073155, 38.140899554541619 ], [ -85.602895731066013, 38.138691934155446 ], [ -85.606767051156964, 38.138588671500251 ], [ -85.609749340215984, 38.13751385001094 ], [ -85.609205478056651, 38.13735678381056 ], [ -85.609035307872247, 38.137023851949245 ], [ -85.608435713366205, 38.136534741031916 ], [ -85.608347082369946, 38.136091664089953 ], [ -85.607273635770213, 38.135352657386711 ], [ -85.607059024384853, 38.134988959313461 ], [ -85.603401886880391, 38.133478331728753 ], [ -85.602428742161024, 38.132296397244268 ], [ -85.602024658668682, 38.132061109080645 ], [ -85.60182885830001, 38.131272655810626 ], [ -85.604451422723869, 38.129110435399426 ], [ -85.606711609330802, 38.127553021825406 ], [ -85.60836122111283, 38.126663391528872 ], [ -85.611380558992977, 38.125493334352043 ], [ -85.633608155508426, 38.119696449484863 ], [ -85.646731735155299, 38.117539693794924 ], [ -85.64663486859115, 38.116584364759781 ], [ -85.649117409310094, 38.116390312452879 ], [ -85.649213963455978, 38.114044041331667 ], [ -85.649701993027961, 38.113447334997154 ], [ -85.650329168353949, 38.113515262079822 ], [ -85.651341313704265, 38.113230368649752 ], [ -85.652316843104643, 38.113383270953008 ], [ -85.653632801603379, 38.113033575215233 ], [ -85.654631252545386, 38.113176954412715 ], [ -85.655374846356636, 38.112977271069965 ], [ -85.655879846623762, 38.113050269835533 ], [ -85.656209388387765, 38.113286913662961 ], [ -85.656435126678815, 38.113930621224611 ], [ -85.656167895376129, 38.115346846251022 ], [ -85.65674943842032, 38.116001592294303 ], [ -85.660557848277719, 38.115226269395279 ], [ -85.672614848325011, 38.111100268387233 ], [ -85.67494613592261, 38.110534878219106 ], [ -85.673232189599773, 38.104931347612208 ], [ -85.672511210189597, 38.103534187615871 ], [ -85.673265441284727, 38.103326929044385 ], [ -85.676464851142896, 38.103575268215899 ], [ -85.676174849365864, 38.104313268254742 ], [ -85.67720985214325, 38.104447265647828 ], [ -85.678180480934543, 38.104811505331099 ], [ -85.678825849447918, 38.105223268471512 ], [ -85.678916851892978, 38.105504266849287 ], [ -85.678783854455148, 38.105803267310662 ], [ -85.678909853198448, 38.105999265667094 ], [ -85.680019850132425, 38.105973266446071 ], [ -85.680540759187139, 38.105173413513143 ], [ -85.682288067188821, 38.105885239532533 ], [ -85.68619281749676, 38.106734211670606 ], [ -85.686984918354725, 38.106766166373482 ], [ -85.69175433285983, 38.107956348219105 ], [ -85.692956097503867, 38.105102245889817 ], [ -85.693497367125858, 38.102839999241532 ], [ -85.694656858820196, 38.100669266482079 ], [ -85.694844854098704, 38.100824265767017 ], [ -85.694774853712858, 38.101307267067746 ], [ -85.695744854773125, 38.102632264887156 ], [ -85.695571857108646, 38.102971264259054 ], [ -85.696043858748226, 38.104272266364077 ], [ -85.698759399510479, 38.104190029197412 ], [ -85.698887855873352, 38.106531265574141 ], [ -85.699345414735802, 38.106938920727309 ], [ -85.700107857205026, 38.107008265593258 ], [ -85.700195856738773, 38.108987265690473 ], [ -85.698643858724566, 38.109323266537963 ], [ -85.699403859127386, 38.110501267049457 ], [ -85.70130686022398, 38.111370268573587 ], [ -85.701511859983228, 38.116060268539435 ], [ -85.697432857604014, 38.117299268610729 ], [ -85.696660101107241, 38.117082964536969 ], [ -85.689685010866555, 38.116365334672544 ], [ -85.684339595903552, 38.115961935048311 ], [ -85.677970231075932, 38.11793537176311 ], [ -85.668902850501979, 38.119374269814536 ], [ -85.668714681301608, 38.11936348035465 ], [ -85.669410151272928, 38.11774811410762 ], [ -85.669346155231466, 38.117399854533808 ], [ -85.668920565682129, 38.117256045244389 ], [ -85.667070382543017, 38.117332434076019 ], [ -85.661744252667859, 38.118232223886942 ], [ -85.656718442739717, 38.119449523981245 ], [ -85.648830896519527, 38.121652891336502 ], [ -85.64607725134708, 38.12204589057469 ], [ -85.643153284391403, 38.122850285790093 ], [ -85.641860841192397, 38.13940727470527 ], [ -85.642082844126605, 38.139659276273719 ], [ -85.643472843536955, 38.139857274099811 ], [ -85.643715842029422, 38.140211275128102 ], [ -85.643243920074383, 38.153990556673619 ], [ -85.643514065286496, 38.153767261351234 ], [ -85.645511997142222, 38.155407638250523 ], [ -85.645479478249726, 38.156228092842788 ], [ -85.64543184446795, 38.156697278439765 ], [ -85.643684846070897, 38.157640278329986 ], [ -85.642587847577033, 38.15952127858165 ], [ -85.640177039692531, 38.161139144722853 ], [ -85.640638781797733, 38.162495050453167 ], [ -85.640667873232871, 38.16332890484874 ], [ -85.63989326305402, 38.171949725666664 ], [ -85.639137652643157, 38.174935838566405 ], [ -85.638676203138161, 38.180037929860767 ], [ -85.642102073598565, 38.180322381499522 ], [ -85.643144733460829, 38.181262394322559 ], [ -85.642365782710243, 38.1818963195146 ], [ -85.643677146974582, 38.183006909279186 ], [ -85.643374268926578, 38.183293921175483 ], [ -85.643291031007351, 38.184221035226514 ], [ -85.638326532006488, 38.18390360446741 ], [ -85.638067909630948, 38.186779265597934 ], [ -85.637852769015865, 38.187173012541585 ], [ -85.64393970457256, 38.190519125600744 ], [ -85.653636399550905, 38.195526026167073 ], [ -85.661961115252993, 38.200137613836532 ], [ -85.662457146965394, 38.20019282770695 ], [ -85.664566853693259, 38.203047287473986 ], [ -85.668521854587269, 38.207882285909562 ], [ -85.669406857965058, 38.207403285706988 ], [ -85.669737855979051, 38.207749288501311 ], [ -85.670209857208036, 38.20752628649231 ], [ -85.668581857164185, 38.20550828643831 ], [ -85.667719855574802, 38.20596228763474 ], [ -85.667261858984062, 38.205418409435147 ], [ -85.672087652562269, 38.202895854656106 ], [ -85.669906452716532, 38.200189110321759 ], [ -85.671154086725124, 38.199525402347469 ], [ -85.674017517484927, 38.203210207477412 ], [ -85.674407435137383, 38.203162771229707 ], [ -85.674398403883899, 38.202701989409178 ], [ -85.675400433313754, 38.202556393400421 ], [ -85.675541188886825, 38.202143491032743 ], [ -85.677866037703907, 38.20113119209654 ], [ -85.678446040089753, 38.200340313949042 ], [ -85.681006994936638, 38.198976356766238 ], [ -85.682286936031502, 38.197979356566357 ], [ -85.684896790241183, 38.200110957023178 ], [ -85.686143253792949, 38.200929517985521 ], [ -85.686761862398455, 38.201060286125859 ], [ -85.688222863150088, 38.200889285052398 ], [ -85.690903863608966, 38.200969283598788 ], [ -85.691145863882952, 38.200739285271283 ], [ -85.691332861272841, 38.200747285187283 ], [ -85.691258549744731, 38.201084511327906 ], [ -85.692335545767733, 38.201030872820397 ], [ -85.69324493039781, 38.200868179576098 ], [ -85.696412352959555, 38.198642784145122 ], [ -85.695756357917688, 38.198537020966228 ], [ -85.695777432954898, 38.197866449272468 ], [ -85.692517990407552, 38.197170673158766 ], [ -85.692994863400202, 38.194575281573499 ], [ -85.693132862199249, 38.194513282269867 ], [ -85.692453860958167, 38.194367283593856 ], [ -85.692522863891369, 38.194013283348774 ], [ -85.693593864434135, 38.194317285321148 ], [ -85.693857862277696, 38.193046282917976 ], [ -85.698150865928, 38.194268281631921 ], [ -85.697455863805473, 38.196906282866628 ], [ -85.701325933968604, 38.196845039627618 ], [ -85.701189866966288, 38.197701282625083 ], [ -85.702956297803681, 38.197603974889859 ], [ -85.704215868519725, 38.196788284825629 ], [ -85.704016866269683, 38.196754282388859 ], [ -85.704090868914349, 38.196498285037002 ], [ -85.705198866069665, 38.195932283641362 ], [ -85.706448867980441, 38.194089283336467 ], [ -85.706920339611543, 38.193755574941363 ] ] ] } },
{ "type": "Feature", "properties": { "district": 26 }, "geometry": { "type": "Polygon", "coordinates": [ [ [ -85.74639688101783, 38.240530290237892 ], [ -85.742361393776932, 38.240085455001157 ], [ -85.740293880290736, 38.252022294072461 ], [ -85.736265882140685, 38.251583280201501 ], [ -85.736389879797841, 38.250891293789529 ], [ -85.734368880684031, 38.250669292798541 ], [ -85.734485877856287, 38.250019293296255 ], [ -85.732096877833015, 38.249741290718674 ], [ -85.731379880297453, 38.249816293349738 ], [ -85.731039875335824, 38.249675292152645 ], [ -85.729111879200815, 38.25165129304969 ], [ -85.727229877363328, 38.252639294014685 ], [ -85.727487878354566, 38.253532294397374 ], [ -85.726746875171841, 38.254620294738153 ], [ -85.726193877284871, 38.255130294563507 ], [ -85.725426874729706, 38.255533295404774 ], [ -85.723908876090235, 38.255859294601017 ], [ -85.723039876688148, 38.255825292775775 ], [ -85.721969878069999, 38.256915291986253 ], [ -85.719187649455165, 38.253642749966176 ], [ -85.707188669375469, 38.253812031138196 ], [ -85.704808811772892, 38.253437985850013 ], [ -85.703189398363406, 38.253371306713056 ], [ -85.699882499751027, 38.253754654757095 ], [ -85.701691381187885, 38.257652594310038 ], [ -85.70165845460609, 38.258313434340018 ], [ -85.704007860527611, 38.258655318488579 ], [ -85.707587295718156, 38.259693714020401 ], [ -85.712545845082602, 38.259534414960228 ], [ -85.711218873656691, 38.261805294701013 ], [ -85.710520873566807, 38.262327296161857 ], [ -85.712459873107804, 38.264028295544342 ], [ -85.709183873290911, 38.266206296295685 ], [ -85.709700874390478, 38.266817294744925 ], [ -85.711861872711438, 38.265538294116702 ], [ -85.713640872724341, 38.264732295320314 ], [ -85.715872874108101, 38.263962295209453 ], [ -85.718511876121411, 38.263356293886055 ], [ -85.724143877507004, 38.26226729420415 ], [ -85.725239878489916, 38.264299296036654 ], [ -85.72748588002132, 38.26347529348191 ], [ -85.729537374320742, 38.262934893197645 ], [ -85.735358621730725, 38.270418928761849 ], [ -85.73349888094549, 38.271498297232839 ], [ -85.730107878445523, 38.273065295428943 ], [ -85.729930879962424, 38.273442298348975 ], [ -85.728080140256296, 38.274410830785669 ], [ -85.725129486969408, 38.275602450061371 ], [ -85.724704455166602, 38.275972393905107 ], [ -85.723899803446429, 38.276305930624133 ], [ -85.721337763547751, 38.277195085011428 ], [ -85.720992578652314, 38.277477156080884 ], [ -85.710664215170837, 38.282016163675031 ], [ -85.700196240122182, 38.287364267272217 ], [ -85.690201840503519, 38.291926963377279 ], [ -85.685426682941667, 38.294279064525078 ], [ -85.680171574192741, 38.297165864853959 ], [ -85.673959656250972, 38.301853833059255 ], [ -85.672998332643985, 38.303274567485012 ], [ -85.673003550059761, 38.30352288092719 ], [ -85.672162287216167, 38.304877772222071 ], [ -85.67123702960059, 38.306844760957951 ], [ -85.670385888884468, 38.307939023025426 ], [ -85.667862065440318, 38.310379061209076 ], [ -85.665320576815375, 38.31358940393423 ], [ -85.664424789808564, 38.314427902020505 ], [ -85.662528350832574, 38.316676854124005 ], [ -85.659428555632957, 38.319675858502499 ], [ -85.658689365604545, 38.320071310632969 ], [ -85.658465687244373, 38.320598357798026 ], [ -85.657348504902615, 38.321911006492655 ], [ -85.655509290599525, 38.323734021095113 ], [ -85.652191714354345, 38.328978948846235 ], [ -85.651343942268042, 38.330714138735168 ], [ -85.651246265880147, 38.33156305728393 ], [ -85.647837860353889, 38.332182311175387 ], [ -85.642998860197338, 38.331978312752277 ], [ -85.642960860351991, 38.33174131058145 ], [ -85.641218858216021, 38.331704313588759 ], [ -85.638854859718421, 38.331167313420629 ], [ -85.638226855412867, 38.330626309437356 ], [ -85.637507859377408, 38.329516310061024 ], [ -85.636695855820619, 38.32881031121515 ], [ -85.635682856956464, 38.328537311228054 ], [ -85.631155714093325, 38.328627379924811 ], [ -85.631184110790954, 38.327915947575072 ], [ -85.631550034909594, 38.32735377020439 ], [ -85.632144785294287, 38.32697599147064 ], [ -85.632941287371224, 38.326810720647316 ], [ -85.629638812013425, 38.326105850139783 ], [ -85.628541845410041, 38.325382097491882 ], [ -85.626050807092511, 38.323171157909108 ], [ -85.622562333369189, 38.321537095033399 ], [ -85.627726617964754, 38.306727544294716 ], [ -85.627825424755002, 38.305031228189364 ], [ -85.627470033231248, 38.302104266986909 ], [ -85.62739900509456, 38.299917156145433 ], [ -85.62780276061477, 38.295600913490418 ], [ -85.62145617896924, 38.298701613728952 ], [ -85.619305951987343, 38.29943004300813 ], [ -85.616792846682316, 38.300006306008321 ], [ -85.616619846615095, 38.29946330657048 ], [ -85.616818848110071, 38.299046306214926 ], [ -85.617687850373059, 38.298877307893008 ], [ -85.618257848049822, 38.298554307509207 ], [ -85.61872285010854, 38.298572305578141 ], [ -85.618817850620758, 38.298318307244045 ], [ -85.619324851669518, 38.298060306094534 ], [ -85.619324849903407, 38.297793304433064 ], [ -85.618403847275133, 38.297212306711884 ], [ -85.61771184936002, 38.297445304822951 ], [ -85.617062849398891, 38.298097305984086 ], [ -85.616289846825609, 38.298101306144112 ], [ -85.61601984684502, 38.297731306269135 ], [ -85.616029850235947, 38.297305307825198 ], [ -85.616716851152106, 38.296375306842322 ], [ -85.616486847519383, 38.295685305452949 ], [ -85.61589184649894, 38.295579306149726 ], [ -85.614920849062059, 38.295940305694295 ], [ -85.613193632712708, 38.295990747226867 ], [ -85.612955848199761, 38.29568830452493 ], [ -85.612797845461486, 38.294797306653194 ], [ -85.613330847973145, 38.293530307565227 ], [ -85.612483847571141, 38.29328430678104 ], [ -85.612119741860553, 38.293660722162322 ], [ -85.611769849270814, 38.294441307449986 ], [ -85.611396846638058, 38.294714306019053 ], [ -85.611002845710061, 38.294695308055616 ], [ -85.610627847704109, 38.29412130554109 ], [ -85.610542847597173, 38.29365030702278 ], [ -85.610900845874681, 38.293127305428541 ], [ -85.610772845623217, 38.292012307678448 ], [ -85.610043845380488, 38.291801307159226 ], [ -85.609547846534326, 38.291890305148478 ], [ -85.609134845228269, 38.291691306958882 ], [ -85.608463845957701, 38.291676304662552 ], [ -85.608196847139965, 38.291574304154501 ], [ -85.60815284585712, 38.291182305153107 ], [ -85.607614843662631, 38.291163304594136 ], [ -85.607707847342752, 38.290715306185859 ], [ -85.607888847065752, 38.290562304609701 ], [ -85.608933844733471, 38.290641306352391 ], [ -85.609154846648934, 38.290520305634821 ], [ -85.608957843792552, 38.289095303591587 ], [ -85.609388845424405, 38.288477303943978 ], [ -85.609245847136549, 38.287988304244188 ], [ -85.609600843554503, 38.28763530570447 ], [ -85.609535846216716, 38.287075306420718 ], [ -85.609142845040068, 38.286179306557429 ], [ -85.609228844955339, 38.285890305731151 ], [ -85.60901984594517, 38.285869303944203 ], [ -85.609293846735255, 38.28521030507585 ], [ -85.609143848231668, 38.284805303056572 ], [ -85.609477845232618, 38.284615304594745 ], [ -85.609661844226324, 38.284229303684448 ], [ -85.608759847126407, 38.282782303002541 ], [ -85.60861984562429, 38.281881302616078 ], [ -85.608851844307083, 38.281760304624278 ], [ -85.609851845878396, 38.282218304295149 ], [ -85.610668845667504, 38.281790301981189 ], [ -85.611180847639559, 38.280642304549666 ], [ -85.612128844264731, 38.280250303919829 ], [ -85.612476845068571, 38.279944304645547 ], [ -85.612322843650176, 38.279330304856515 ], [ -85.612747846065304, 38.279090303213025 ], [ -85.612599845976035, 38.278880303469883 ], [ -85.612944844309894, 38.278209303092481 ], [ -85.612423845264203, 38.278108304870344 ], [ -85.612063844534845, 38.278299302058841 ], [ -85.611443846773312, 38.278996302178328 ], [ -85.611041845004777, 38.278945304614304 ], [ -85.610625845239596, 38.279209304219066 ], [ -85.6098908452974, 38.279256302587378 ], [ -85.609197844676061, 38.279066303535842 ], [ -85.608443845439538, 38.278399301661565 ], [ -85.607925841490655, 38.278371303536247 ], [ -85.60745084430458, 38.277523301767161 ], [ -85.607736843613466, 38.276902302075776 ], [ -85.60733684534074, 38.276011303476423 ], [ -85.607088843185537, 38.275877302152281 ], [ -85.606866842590819, 38.276105303527892 ], [ -85.606470843961432, 38.276123303812767 ], [ -85.606158704362301, 38.275823011993182 ], [ -85.608700141080888, 38.274333576154206 ], [ -85.60444738358261, 38.269782923706522 ], [ -85.605660300653014, 38.269080550068701 ], [ -85.604603565244332, 38.267937056189176 ], [ -85.606558663849896, 38.266880552241226 ], [ -85.607668737532677, 38.268136964917595 ], [ -85.610360454264907, 38.266641079678998 ], [ -85.609921892742079, 38.265852340219013 ], [ -85.609979099609163, 38.265274484097233 ], [ -85.606816345255851, 38.261952509625232 ], [ -85.609885000069411, 38.261237609527441 ], [ -85.617496856275764, 38.260843217731271 ], [ -85.61731958442823, 38.260633333067936 ], [ -85.622449480431342, 38.257803161824064 ], [ -85.619685295045272, 38.254344721184836 ], [ -85.61917010664439, 38.253280030808398 ], [ -85.618919313897109, 38.251914622058351 ], [ -85.619156136459196, 38.250553109416899 ], [ -85.623127001797215, 38.237895420338866 ], [ -85.6224516546568, 38.23775461950413 ], [ -85.618326841887338, 38.232951293472553 ], [ -85.617217842670769, 38.233558294916698 ], [ -85.616317846328826, 38.234431292222901 ], [ -85.615788844781761, 38.2340342949066 ], [ -85.6153668439581, 38.23329429635276 ], [ -85.614819844446188, 38.232823292980186 ], [ -85.616526841359686, 38.231859296070027 ], [ -85.615170842371612, 38.230178293615921 ], [ -85.615637840540302, 38.22995029515689 ], [ -85.61093584018306, 38.224621294485694 ], [ -85.606929840595797, 38.219369291464659 ], [ -85.6068428394004, 38.218982293293685 ], [ -85.603234839671813, 38.218823293454008 ], [ -85.596496836438632, 38.222399294217915 ], [ -85.597153835086615, 38.223148295152214 ], [ -85.590165835632448, 38.2269262933495 ], [ -85.580071833507802, 38.223726292926656 ], [ -85.57618383203156, 38.222884295699089 ], [ -85.574242831698939, 38.222641293396435 ], [ -85.570664826714065, 38.222510293210561 ], [ -85.559917823480333, 38.223030294119056 ], [ -85.555517824586005, 38.223008296247642 ], [ -85.555546822159613, 38.223253294615233 ], [ -85.553554412726328, 38.221678529063375 ], [ -85.556166082644467, 38.216306164690145 ], [ -85.558794195472814, 38.212610949166468 ], [ -85.559086248763904, 38.210948308355611 ], [ -85.558886839384613, 38.209757911205642 ], [ -85.559637826361865, 38.203450291866595 ], [ -85.559829824491175, 38.202836289891259 ], [ -85.560600827074495, 38.201683290448983 ], [ -85.56220968333875, 38.202970260723852 ], [ -85.563724301961429, 38.203418115634456 ], [ -85.571037416848355, 38.202737784224169 ], [ -85.5760270503405, 38.203078015562909 ], [ -85.5722008230574, 38.200968816876888 ], [ -85.571635806030301, 38.200346670239078 ], [ -85.570807091563296, 38.198766189824021 ], [ -85.568637826606547, 38.197275289738563 ], [ -85.565462935246856, 38.194282930967745 ], [ -85.56847252031956, 38.192348677288599 ], [ -85.568098826238824, 38.191852288919705 ], [ -85.568107826154971, 38.191604288785257 ], [ -85.570784543072975, 38.187471583750956 ], [ -85.570973081720538, 38.186251298326951 ], [ -85.574334825603032, 38.186399286196668 ], [ -85.575999333034872, 38.188531504056797 ], [ -85.584059030137141, 38.185949601883678 ], [ -85.583817108925686, 38.185327633148589 ], [ -85.583994822325408, 38.183490303339156 ], [ -85.585572828569937, 38.183265286364374 ], [ -85.58563460144677, 38.182091220601023 ], [ -85.583560392624562, 38.182359325991833 ], [ -85.583264667005707, 38.182123172172602 ], [ -85.582462398893654, 38.180837780215235 ], [ -85.580994449060924, 38.17992106363414 ], [ -85.579960233413487, 38.179737511736981 ], [ -85.578848640337995, 38.178708556397929 ], [ -85.578816143351858, 38.178232606371367 ], [ -85.578010642287566, 38.177253023294959 ], [ -85.577408806828601, 38.177188907361071 ], [ -85.577329827508237, 38.176813286731033 ], [ -85.576219826231807, 38.176032284168137 ], [ -85.576287826632381, 38.175830285591815 ], [ -85.576028825516318, 38.174958286014665 ], [ -85.576481826922432, 38.174998285808066 ], [ -85.576596825881381, 38.173565285268587 ], [ -85.583844636568742, 38.17406597422162 ], [ -85.584292708329144, 38.173966542205655 ], [ -85.585135060218263, 38.168697959198788 ], [ -85.588890459291008, 38.169243070466024 ], [ -85.590056457954589, 38.169277248867601 ], [ -85.59731853163747, 38.170944795847461 ], [ -85.598216120224308, 38.170475186507673 ], [ -85.598946523172984, 38.164900401877276 ], [ -85.593294890572182, 38.161164684056473 ], [ -85.592225362198334, 38.160106864479872 ], [ -85.584015929280369, 38.143201890053362 ], [ -85.583374608052623, 38.141913706183843 ], [ -85.583257812236482, 38.141938683941341 ], [ -85.588197828865219, 38.140619279679157 ], [ -85.589443847173484, 38.140079170169464 ], [ -85.589239353515822, 38.139777390989593 ], [ -85.590189381777478, 38.138842860276107 ], [ -85.590110598175812, 38.137958268401235 ], [ -85.590387362836765, 38.137440041737491 ], [ -85.590479513423588, 38.136827073881186 ], [ -85.590299229534878, 38.136578351859086 ], [ -85.589597417221768, 38.136356411799419 ], [ -85.589377954529084, 38.136068261850603 ], [ -85.589721997190509, 38.135478188995101 ], [ -85.589921260866291, 38.133756150829747 ], [ -85.589847574509974, 38.133283750840739 ], [ -85.589510864993002, 38.132828818364324 ], [ -85.59026193519432, 38.131676260770135 ], [ -85.591847820699613, 38.131310253610067 ], [ -85.591478545164321, 38.130333899504478 ], [ -85.591560090959277, 38.130059372242428 ], [ -85.592713962508327, 38.129489272337075 ], [ -85.594090580926391, 38.127754704300607 ], [ -85.594517923126418, 38.126275108692255 ], [ -85.595023300581886, 38.125767909857416 ], [ -85.595471870395258, 38.12491332204938 ], [ -85.595049686096061, 38.123810214483726 ], [ -85.595136393001553, 38.123556469454527 ], [ -85.594797350984962, 38.123305741093809 ], [ -85.594613832404363, 38.122764359291502 ], [ -85.601840714847256, 38.122974642790211 ], [ -85.602334817723872, 38.116616616872626 ], [ -85.603135723177061, 38.115404703527027 ], [ -85.604704449635548, 38.11537541607423 ], [ -85.605299694850828, 38.114936306412602 ], [ -85.605883288786032, 38.114915101680985 ], [ -85.606255444961548, 38.11106388020869 ], [ -85.611749476010957, 38.111363624415361 ], [ -85.611913830860487, 38.108665269797797 ], [ -85.613836709686495, 38.108717068628444 ], [ -85.613881344880937, 38.109022430277236 ], [ -85.614152832825638, 38.109115272239507 ], [ -85.62138018735665, 38.109404270072794 ], [ -85.621536085672844, 38.109533656087258 ], [ -85.621721481647924, 38.110575084916569 ], [ -85.626894838893534, 38.11079527191368 ], [ -85.627070125172509, 38.110652869875828 ], [ -85.627152624691547, 38.109754427234307 ], [ -85.627324399552506, 38.109642214266138 ], [ -85.646954649965934, 38.110601130191561 ], [ -85.650430283618363, 38.102853065908441 ], [ -85.670709167114822, 38.103851305570572 ], [ -85.672510767621702, 38.103533327911656 ], [ -85.673232189599773, 38.104931347612208 ], [ -85.67494613592261, 38.110534878219106 ], [ -85.672614848325011, 38.111100268387233 ], [ -85.660557848277719, 38.115226269395279 ], [ -85.65674943842032, 38.116001592294303 ], [ -85.656167895376129, 38.115346846251022 ], [ -85.656435126678815, 38.113930621224611 ], [ -85.656209388387765, 38.113286913662961 ], [ -85.655879846623762, 38.113050269835533 ], [ -85.655374846356636, 38.112977271069965 ], [ -85.654631252545386, 38.113176954412715 ], [ -85.653632801603379, 38.113033575215233 ], [ -85.652316843104643, 38.113383270953008 ], [ -85.651341313704265, 38.113230368649752 ], [ -85.650329168353949, 38.113515262079822 ], [ -85.649701993027961, 38.113447334997154 ], [ -85.649213963455978, 38.114044041331667 ], [ -85.649117409310094, 38.116390312452879 ], [ -85.64663486859115, 38.116584364759781 ], [ -85.646731735155299, 38.117539693794924 ], [ -85.633608155508426, 38.119696449484863 ], [ -85.611380558992977, 38.125493334352043 ], [ -85.60836122111283, 38.126663391528872 ], [ -85.606711609330802, 38.127553021825406 ], [ -85.604451422723869, 38.129110435399426 ], [ -85.60182885830001, 38.131272655810626 ], [ -85.602024658668682, 38.132061109080645 ], [ -85.602428742161024, 38.132296397244268 ], [ -85.603401886880391, 38.133478331728753 ], [ -85.607059024384853, 38.134988959313461 ], [ -85.607273635770213, 38.135352657386711 ], [ -85.608347082369946, 38.136091664089953 ], [ -85.608435713366205, 38.136534741031916 ], [ -85.609035307872247, 38.137023851949245 ], [ -85.609205478056651, 38.13735678381056 ], [ -85.609749340215984, 38.13751385001094 ], [ -85.606767051156964, 38.138588671500251 ], [ -85.602895731066013, 38.138691934155446 ], [ -85.598627048073155, 38.140899554541619 ], [ -85.598052822571574, 38.141431950813057 ], [ -85.595312732461693, 38.147342267529119 ], [ -85.602344954611254, 38.147702710199518 ], [ -85.602003131814271, 38.151322679862105 ], [ -85.598428331704199, 38.151177671547863 ], [ -85.59820086206021, 38.151640090958061 ], [ -85.598391938017372, 38.151762098345365 ], [ -85.598548938642978, 38.152536504451824 ], [ -85.598238832453816, 38.154002280909509 ], [ -85.597845434880085, 38.154665760150451 ], [ -85.597630832923087, 38.155424282295549 ], [ -85.604858807356536, 38.155739316440695 ], [ -85.604508870571081, 38.159510005326219 ], [ -85.605183832374877, 38.159724281518066 ], [ -85.60542667046667, 38.160246241739408 ], [ -85.607986836751124, 38.160486280714082 ], [ -85.609460836558526, 38.160395279529439 ], [ -85.613169446842249, 38.160663256786229 ], [ -85.612875901646163, 38.162445982194541 ], [ -85.613103103318835, 38.163570523912412 ], [ -85.613485403381844, 38.164078603384155 ], [ -85.615056115029773, 38.16456707549407 ], [ -85.616212307673237, 38.165365413613351 ], [ -85.618772013563159, 38.165749001010546 ], [ -85.61999159245012, 38.166708780903861 ], [ -85.621168500788059, 38.166549645052733 ], [ -85.622515583461237, 38.166919745751805 ], [ -85.622790582066571, 38.167066257147141 ], [ -85.622911670459928, 38.16753199360204 ], [ -85.622747772383022, 38.168540700334752 ], [ -85.622852826135571, 38.168941266229908 ], [ -85.621755839776014, 38.169396281807117 ], [ -85.621181840193529, 38.170385282638996 ], [ -85.620218839841229, 38.170257282800904 ], [ -85.619177838277309, 38.170775282895789 ], [ -85.618110839725475, 38.172806284057536 ], [ -85.6172818402503, 38.173062283076433 ], [ -85.616597837912082, 38.174327284939523 ], [ -85.614941837669633, 38.175751283378091 ], [ -85.61499983881869, 38.17623428449734 ], [ -85.613873838198941, 38.176656284666663 ], [ -85.613907837874379, 38.176943283407269 ], [ -85.61416183892284, 38.176966283787664 ], [ -85.614140796753858, 38.177187962687455 ], [ -85.613769839225384, 38.17750128508181 ], [ -85.612958215358049, 38.177352745583271 ], [ -85.612692465119437, 38.178504339097088 ], [ -85.611728838653818, 38.178999282769929 ], [ -85.611043617997112, 38.179587785813069 ], [ -85.610060394148391, 38.179778362899775 ], [ -85.609725835645747, 38.180178285584184 ], [ -85.609458200450661, 38.181088405053053 ], [ -85.606972834920128, 38.181052286160408 ], [ -85.606715760977949, 38.183494390642316 ], [ -85.605059138489125, 38.188897434814649 ], [ -85.604989332098739, 38.192701485620027 ], [ -85.603679351069857, 38.196020234284816 ], [ -85.603061564616382, 38.198565379801842 ], [ -85.603894310410098, 38.198624462590637 ], [ -85.605585844318242, 38.199067636681647 ], [ -85.6097870477101, 38.199222073297854 ], [ -85.619931526546424, 38.201943966496728 ], [ -85.618330876152925, 38.202822802290726 ], [ -85.622135274982782, 38.207167061633712 ], [ -85.622384842165417, 38.207046289681564 ], [ -85.623132841490332, 38.207507288768291 ], [ -85.624628266562439, 38.206496718979317 ], [ -85.62686729006316, 38.209036789231945 ], [ -85.627835845589487, 38.208404289110362 ], [ -85.628905802152104, 38.209697239978034 ], [ -85.629135199152515, 38.209573622848325 ], [ -85.630456075482229, 38.211073918847205 ], [ -85.627139560530111, 38.212640626749952 ], [ -85.627809505808798, 38.213411303833901 ], [ -85.627235212319462, 38.215588198092398 ], [ -85.627326801226872, 38.216407499048074 ], [ -85.628599609461432, 38.218149599636284 ], [ -85.622287027380395, 38.221730696488017 ], [ -85.625283847886848, 38.225416293396137 ], [ -85.622144972491128, 38.227235205365453 ], [ -85.623034508338989, 38.22830466852205 ], [ -85.625803552097892, 38.226921377201869 ], [ -85.625924080463363, 38.226287122464377 ], [ -85.626227981545313, 38.226502367330298 ], [ -85.627791525363349, 38.225981710258196 ], [ -85.629811229383463, 38.228407404768156 ], [ -85.631708804711707, 38.227434382949959 ], [ -85.633563356071278, 38.229634332773529 ], [ -85.627253784014357, 38.233090966732071 ], [ -85.629512847551439, 38.235751293477122 ], [ -85.632942847060164, 38.23796629329761 ], [ -85.633662849451923, 38.238594295589451 ], [ -85.635310927979177, 38.241470090608907 ], [ -85.635814848279409, 38.241211295641236 ], [ -85.636826850882187, 38.240249294953372 ], [ -85.642826142937523, 38.237488929173793 ], [ -85.647724854175934, 38.243477295131761 ], [ -85.642031524614524, 38.246284696787811 ], [ -85.644348395328038, 38.249085916455435 ], [ -85.644697632832987, 38.2489148317946 ], [ -85.64528141807979, 38.249606598494246 ], [ -85.650566150084614, 38.246965401777814 ], [ -85.648204868297171, 38.244066155642031 ], [ -85.651518855129297, 38.24243929409279 ], [ -85.652114856286872, 38.243173294227468 ], [ -85.653869502794066, 38.242265671734692 ], [ -85.656954402631584, 38.246128269757833 ], [ -85.655288401883723, 38.247002062616801 ], [ -85.656412856161438, 38.248337295895844 ], [ -85.665019857263445, 38.243945295509008 ], [ -85.665537931516525, 38.24463026186914 ], [ -85.665934876409779, 38.24444731914442 ], [ -85.666838859632065, 38.245537294692028 ], [ -85.670680748895705, 38.2437648066729 ], [ -85.671403211817193, 38.244875500466762 ], [ -85.671199391491797, 38.246331478698615 ], [ -85.670513439743274, 38.246943307248145 ], [ -85.671989703801941, 38.248800589939734 ], [ -85.673446322549466, 38.248617515922113 ], [ -85.680600488327414, 38.248663708524582 ], [ -85.688674867617138, 38.245129293187269 ], [ -85.695705866357414, 38.245150292381311 ], [ -85.698287040456677, 38.244889377897856 ], [ -85.701549444707183, 38.245548567007539 ], [ -85.706541298840634, 38.245623460070661 ], [ -85.707255664500437, 38.246108369542249 ], [ -85.707547037281799, 38.247281215290698 ], [ -85.707843148415861, 38.24762784382122 ], [ -85.710931933198097, 38.248200143995085 ], [ -85.712117326345947, 38.249061533239427 ], [ -85.715752492803944, 38.250213569051986 ], [ -85.718173972517107, 38.2489163591924 ], [ -85.721308873174777, 38.249221293473489 ], [ -85.722002507517985, 38.24989813637891 ], [ -85.725116758021244, 38.248291557671628 ], [ -85.724813877887556, 38.247888293561623 ], [ -85.726516874653356, 38.246997291151466 ], [ -85.725808876481011, 38.246162290768332 ], [ -85.728008877427015, 38.245025291759831 ], [ -85.72701476900825, 38.243748706689644 ], [ -85.728684349895673, 38.243871758515589 ], [ -85.728792080143663, 38.243091117492469 ], [ -85.727378376718661, 38.241294352423999 ], [ -85.73072170707924, 38.239662712919824 ], [ -85.73119787764449, 38.240286291673179 ], [ -85.733325243310077, 38.239179622966027 ], [ -85.73465363572042, 38.239301734668857 ], [ -85.733750490092035, 38.23812647828543 ], [ -85.73676884953278, 38.238415923344228 ], [ -85.73679387959568, 38.238272288888609 ], [ -85.737825880488259, 38.238363289884404 ], [ -85.738595738187044, 38.236453794361424 ], [ -85.74023839592823, 38.236651442194244 ], [ -85.74045348703001, 38.236891874210635 ], [ -85.740850759227399, 38.236947106056618 ], [ -85.740590557849828, 38.238457886165428 ], [ -85.744622882494255, 38.238880291310871 ], [ -85.745469878528979, 38.233994286010635 ], [ -85.747490879967003, 38.234203284790325 ], [ -85.747297882524009, 38.235334285953932 ], [ -85.749221884950643, 38.235527286184393 ], [ -85.748835198838279, 38.237769213158032 ], [ -85.754667005839437, 38.238398134552924 ], [ -85.754149597526407, 38.241339412733986 ], [ -85.760590213311602, 38.242055216738144 ], [ -85.760559604307588, 38.24336338977114 ], [ -85.760051269608823, 38.246208317355418 ], [ -85.74560492605876, 38.245119792736432 ], [ -85.74639688101783, 38.240530290237892 ] ] ] } },
{ "type": "Feature", "properties": { "district": 33 }, "geometry": { "type": "Polygon", "coordinates": [ [ [ -85.884761301401852, 38.071714697774709 ], [ -85.885234218950018, 38.06597162964681 ], [ -85.885505892132855, 38.064813690510782 ], [ -85.887306210155984, 38.060661209787504 ], [ -85.888247765227902, 38.059061960925099 ], [ -85.89063211046745, 38.056182441399699 ], [ -85.904064914166625, 38.063189248082786 ], [ -85.904795912217168, 38.063820249908531 ], [ -85.905724736628315, 38.063679061525932 ], [ -85.905993912685474, 38.064011247563244 ], [ -85.906396913165025, 38.06419124910191 ], [ -85.906333127732992, 38.064298888113747 ], [ -85.907271914913721, 38.064798250450416 ], [ -85.907658914330014, 38.064568249267381 ], [ -85.908076916385426, 38.064576248924645 ], [ -85.909466918311338, 38.065288247687612 ], [ -85.910177916181638, 38.065291248466664 ], [ -85.91013691674398, 38.06552424776563 ], [ -85.915754605086136, 38.065137268419257 ], [ -85.913528781807784, 38.072836274944123 ], [ -85.91328832024972, 38.073077856630903 ], [ -85.913242395960339, 38.071787001733632 ], [ -85.913087690035852, 38.071330848242553 ], [ -85.912153586330945, 38.073038847273068 ], [ -85.909168525916328, 38.079966160494742 ], [ -85.907673247017584, 38.082943077248871 ], [ -85.905312320290079, 38.088820587656294 ], [ -85.905037416926646, 38.090006936833333 ], [ -85.90480819125699, 38.09350080982766 ], [ -85.90436725313765, 38.097066513856348 ], [ -85.904252687372221, 38.099220257241079 ], [ -85.904407241068185, 38.101999564302382 ], [ -85.904258346196301, 38.103472172179593 ], [ -85.904470328663521, 38.10705400955171 ], [ -85.905427262835289, 38.111827705777898 ], [ -85.90808551949398, 38.129602670081958 ], [ -85.909093743971198, 38.142352316218371 ], [ -85.908669825196256, 38.14927724490456 ], [ -85.908234148854774, 38.153164128630181 ], [ -85.908159695020743, 38.158274839140262 ], [ -85.906939068817138, 38.165527768724495 ], [ -85.90617706198131, 38.167916759820521 ], [ -85.903443984585635, 38.174227284913293 ], [ -85.899066704631508, 38.18127839068179 ], [ -85.894757614475381, 38.187055974598245 ], [ -85.890718485246396, 38.19164191347101 ], [ -85.886220462086499, 38.197113086180124 ], [ -85.883550404491089, 38.199931466506406 ], [ -85.881894442936101, 38.201633044505158 ], [ -85.88085756127505, 38.20240591546002 ], [ -85.877872224309328, 38.205190608012188 ], [ -85.877540055229545, 38.205676390562651 ], [ -85.874955691221075, 38.207709477657872 ], [ -85.869976685984227, 38.210683820985629 ], [ -85.861622729428788, 38.216114671369276 ], [ -85.856924344009244, 38.218830438234633 ], [ -85.85565790818147, 38.219957093378184 ], [ -85.854678180112728, 38.220446384012639 ], [ -85.852031125916284, 38.222309637586115 ], [ -85.847573392427833, 38.227073788320766 ], [ -85.844044263314132, 38.231573649485739 ], [ -85.841700564713648, 38.235139745869297 ], [ -85.840692341815057, 38.237034947929374 ], [ -85.840302586987804, 38.23737361725096 ], [ -85.838859087870773, 38.240545469520114 ], [ -85.83833773801382, 38.244571943292456 ], [ -85.838171302210554, 38.244614551768876 ], [ -85.838068155823279, 38.245328292446416 ], [ -85.838045483710985, 38.246087984753323 ], [ -85.838194317693336, 38.246120977543029 ], [ -85.838085542193056, 38.24773048312791 ], [ -85.837260366498796, 38.250692891966139 ], [ -85.837128310534609, 38.252598988127424 ], [ -85.837282610704179, 38.255839031780063 ], [ -85.837609251125372, 38.257684304473052 ], [ -85.837591799284965, 38.259612001025914 ], [ -85.836915553953091, 38.262183255554525 ], [ -85.836680576909075, 38.263868960306226 ], [ -85.836044617217993, 38.265462275274594 ], [ -85.835368442253696, 38.266302929423532 ], [ -85.835403031511916, 38.266550323344525 ], [ -85.835139295815367, 38.267060614782622 ], [ -85.83387863347842, 38.268934121203493 ], [ -85.833202517620919, 38.269440214289382 ], [ -85.83241739578763, 38.271159452915924 ], [ -85.829059717416555, 38.27656003559693 ], [ -85.826745078911472, 38.278406149309589 ], [ -85.82476242563574, 38.279692281892885 ], [ -85.82307229469906, 38.280521831844084 ], [ -85.818614443255768, 38.282120760531562 ], [ -85.812197619919161, 38.283389737102127 ], [ -85.810633431649364, 38.283427973275771 ], [ -85.809602069073875, 38.283752086486913 ], [ -85.805986985187502, 38.284296007363139 ], [ -85.798821003018801, 38.28519590987181 ], [ -85.795772833474828, 38.286173312851133 ], [ -85.793544362151778, 38.287331864338888 ], [ -85.791074830021756, 38.287568049340145 ], [ -85.788055160477782, 38.288363940814122 ], [ -85.786295762416486, 38.288539152723466 ], [ -85.782158463764404, 38.288400734097856 ], [ -85.781579694938699, 38.288219673095718 ], [ -85.780983244671106, 38.288252536306906 ], [ -85.77710980292116, 38.286158689788898 ], [ -85.774010251599776, 38.285756277847085 ], [ -85.773070631562575, 38.285767156223329 ], [ -85.772005470455042, 38.285063546216129 ], [ -85.771467018019166, 38.284464462236009 ], [ -85.771598695472946, 38.284228619433833 ], [ -85.771369661311098, 38.283810885263911 ], [ -85.768917926918917, 38.282277187001448 ], [ -85.768030043658428, 38.281320987679372 ], [ -85.766758192792238, 38.280809845285773 ], [ -85.766174012801798, 38.280254778776914 ], [ -85.765950636203556, 38.279381750196499 ], [ -85.766036712536447, 38.279018963896021 ], [ -85.766638392429641, 38.278536033016735 ], [ -85.767182835381675, 38.277261871259704 ], [ -85.766839229960908, 38.276514156761827 ], [ -85.766432388783869, 38.276222994872953 ], [ -85.765177693641576, 38.276135076441754 ], [ -85.765191021255703, 38.275563411393492 ], [ -85.764771084835999, 38.275574102450982 ], [ -85.764444386923287, 38.275282938267011 ], [ -85.764696410827924, 38.274843712214995 ], [ -85.764100651482323, 38.274722630021735 ], [ -85.763052168968514, 38.273398072444053 ], [ -85.761235001032944, 38.272101880118818 ], [ -85.75866164890509, 38.27111187115085 ], [ -85.755973178521685, 38.269781614779895 ], [ -85.755090712242605, 38.26905591754057 ], [ -85.754420194743631, 38.269000632806765 ], [ -85.751479886593671, 38.268005295921114 ], [ -85.748650885086761, 38.267373295459507 ], [ -85.747463873965529, 38.26722117826894 ], [ -85.744113317846995, 38.267196108289305 ], [ -85.742221883612032, 38.267482294672419 ], [ -85.740861882040562, 38.267873294972546 ], [ -85.73776288059841, 38.269097295235447 ], [ -85.735358621730725, 38.270418928761849 ], [ -85.729537374320742, 38.262934893197645 ], [ -85.72748588002132, 38.26347529348191 ], [ -85.725239878489916, 38.264299296036654 ], [ -85.724143877507004, 38.26226729420415 ], [ -85.715420873730565, 38.2640992935195 ], [ -85.712482872657986, 38.265235295460414 ], [ -85.709700874390478, 38.266817294744925 ], [ -85.709183873290911, 38.266206296295685 ], [ -85.712459873107804, 38.264028295544342 ], [ -85.710520873566807, 38.262327296161857 ], [ -85.711218873656691, 38.261805294701013 ], [ -85.712545845082602, 38.259534414960228 ], [ -85.707587295718156, 38.259693714020401 ], [ -85.704007860527611, 38.258655318488579 ], [ -85.70165845460609, 38.258313434340018 ], [ -85.701691381187885, 38.257652594310038 ], [ -85.699882499751027, 38.253754654757095 ], [ -85.703189398363406, 38.253371306713056 ], [ -85.704808811772892, 38.253437985850013 ], [ -85.707188669375469, 38.253812031138196 ], [ -85.719187649455165, 38.253642749966176 ], [ -85.721969878069999, 38.256915291986253 ], [ -85.723039876688148, 38.255825292775775 ], [ -85.723908876090235, 38.255859294601017 ], [ -85.725426874729706, 38.255533295404774 ], [ -85.726193877284871, 38.255130294563507 ], [ -85.726746875171841, 38.254620294738153 ], [ -85.727487878354566, 38.253532294397374 ], [ -85.727229877363328, 38.252639294014685 ], [ -85.729111879200815, 38.25165129304969 ], [ -85.731039875335824, 38.249675292152645 ], [ -85.731379880297453, 38.249816293349738 ], [ -85.732096877833015, 38.249741290718674 ], [ -85.734485877856287, 38.250019293296255 ], [ -85.734368880684031, 38.250669292798541 ], [ -85.736389879797841, 38.250891293789529 ], [ -85.736265882140685, 38.251583280201501 ], [ -85.740293880290736, 38.252022294072461 ], [ -85.742361393776932, 38.240085455001157 ], [ -85.74639638997057, 38.24050645459198 ], [ -85.74560492605876, 38.245119792736432 ], [ -85.763205746828348, 38.246433911973199 ], [ -85.774940605661087, 38.248024470020297 ], [ -85.777202890304309, 38.235434285985825 ], [ -85.778543890922634, 38.235600286918988 ], [ -85.778720888346626, 38.234504289009124 ], [ -85.772056827368644, 38.233933581690593 ], [ -85.772409241069951, 38.231686950652332 ], [ -85.771028054346786, 38.23155201232133 ], [ -85.771306129896857, 38.230114126901853 ], [ -85.780997890278854, 38.231011283921134 ], [ -85.781409892324362, 38.226664284755977 ], [ -85.781660892239159, 38.226336286116748 ], [ -85.782101199273299, 38.223964082452639 ], [ -85.783495463090915, 38.22045648208961 ], [ -85.787851892172412, 38.221003282764151 ], [ -85.788865894527646, 38.218424283653526 ], [ -85.788060335013256, 38.218354787600433 ], [ -85.788294893174367, 38.217562282526323 ], [ -85.790262894478033, 38.217691280805248 ], [ -85.790874891826476, 38.216160280885546 ], [ -85.795266896348139, 38.21646928056613 ], [ -85.795992902469692, 38.214687283611653 ], [ -85.798353896595899, 38.214895281268518 ], [ -85.799172596013506, 38.210702993174415 ], [ -85.800508893457348, 38.207390279539709 ], [ -85.799245440646288, 38.206632621402193 ], [ -85.799558376858585, 38.20576370608547 ], [ -85.800692246477368, 38.20313758202645 ], [ -85.804841288344903, 38.196914464451403 ], [ -85.802016560277792, 38.195634281868188 ], [ -85.800467891744972, 38.196429279729422 ], [ -85.799072879162878, 38.196751190747186 ], [ -85.799184895781394, 38.19541927793184 ], [ -85.800400896656171, 38.194690277856481 ], [ -85.80071989352156, 38.194213275715718 ], [ -85.800924895783709, 38.190467275523289 ], [ -85.801493892392202, 38.187954276689823 ], [ -85.801070930863617, 38.186155194341502 ], [ -85.808951178422049, 38.185413811828958 ], [ -85.819552539070656, 38.171259927078978 ], [ -85.823729952219807, 38.173992100090395 ], [ -85.819106017889638, 38.177951310821179 ], [ -85.816051919021433, 38.180941308754718 ], [ -85.813623895496477, 38.184325277491702 ], [ -85.814804683805846, 38.184305936032608 ], [ -85.816009671607318, 38.184062668298225 ], [ -85.818419228221515, 38.183193331958115 ], [ -85.819889747316338, 38.183017970959625 ], [ -85.822150001007913, 38.18308709578892 ], [ -85.827285773867132, 38.18149826720532 ], [ -85.82718753677355, 38.18188258440108 ], [ -85.833531935705381, 38.182174120660967 ], [ -85.833702994695344, 38.180104615773033 ], [ -85.833831091640661, 38.180014551743596 ], [ -85.846472339846031, 38.181000216748714 ], [ -85.846635518170814, 38.179840278214769 ], [ -85.846931785902186, 38.179339722558112 ], [ -85.848221887638942, 38.17844998091492 ], [ -85.848822780018679, 38.17876393277816 ], [ -85.851594206943986, 38.175976734539226 ], [ -85.851355351645552, 38.175580670496736 ], [ -85.853909906435021, 38.174775274064089 ], [ -85.855875076557268, 38.172620031714651 ], [ -85.863540623705518, 38.176071899972001 ], [ -85.865137941855011, 38.173387394382715 ], [ -85.867452204324366, 38.170687739241686 ], [ -85.867758031301349, 38.169951380745744 ], [ -85.868047238746712, 38.169974281560073 ], [ -85.870348892274563, 38.167063091609869 ], [ -85.877505519342876, 38.170992349782018 ], [ -85.880236022699975, 38.174379220654153 ], [ -85.881991512461752, 38.175851028799492 ], [ -85.889584692012534, 38.175414652762967 ], [ -85.890087920295258, 38.175166268536735 ], [ -85.892002917532324, 38.169695269227383 ], [ -85.892779920992425, 38.166427267203474 ], [ -85.892470917119127, 38.166121267964868 ], [ -85.89131092106534, 38.16656726914686 ], [ -85.88992792042761, 38.166333269555757 ], [ -85.884566915480008, 38.163549269478985 ], [ -85.881646917034729, 38.161162266797888 ], [ -85.88372191796779, 38.159420268443228 ], [ -85.884672916320042, 38.1575252678251 ], [ -85.883088387960342, 38.1572629137058 ], [ -85.883308434185864, 38.154579114231304 ], [ -85.882844246831397, 38.153100485059092 ], [ -85.879984676853852, 38.151044564202714 ], [ -85.879249713440046, 38.150031310281875 ], [ -85.879336613688537, 38.149496651155481 ], [ -85.880032860937973, 38.14876509008419 ], [ -85.882135294090531, 38.147818840797562 ], [ -85.883503153296914, 38.146246262078172 ], [ -85.885779913568285, 38.140842265643023 ], [ -85.886136912041351, 38.13266726260396 ], [ -85.889249914631705, 38.129143263013283 ], [ -85.88933391409735, 38.128505261333508 ], [ -85.889031912925844, 38.126040262135142 ], [ -85.888143911895426, 38.12330626199752 ], [ -85.887536912348025, 38.122170259857612 ], [ -85.886924912195013, 38.120447260016789 ], [ -85.884744535916241, 38.118598700354568 ], [ -85.882651325236353, 38.118103644891548 ], [ -85.879926429751151, 38.115493989118058 ], [ -85.879456685924993, 38.114716796887258 ], [ -85.878933817101526, 38.112196575186381 ], [ -85.877346909816865, 38.113376259762738 ], [ -85.876765910302993, 38.11409626043568 ], [ -85.876497907918321, 38.114933260910689 ], [ -85.876740294948689, 38.116392436992506 ], [ -85.875434599176003, 38.11609750889977 ], [ -85.875114204911966, 38.115769825340415 ], [ -85.867734630118605, 38.113157511403344 ], [ -85.866959128931754, 38.114487341837837 ], [ -85.865613813574342, 38.114047336543003 ], [ -85.86485424935988, 38.114321192148402 ], [ -85.862518226682624, 38.113292875482955 ], [ -85.860578768500517, 38.115547587905823 ], [ -85.860165319674252, 38.115440255369329 ], [ -85.856198202376973, 38.115880223613566 ], [ -85.855685401812181, 38.112705300115913 ], [ -85.854721532924842, 38.112965538065509 ], [ -85.852642427208295, 38.113177944837275 ], [ -85.852019058856598, 38.111073886581934 ], [ -85.851349365917827, 38.110548186061045 ], [ -85.851221405890897, 38.110170964226057 ], [ -85.850792493822766, 38.107086923404978 ], [ -85.850998472279599, 38.105942942598773 ], [ -85.848202955574564, 38.105702382069602 ], [ -85.84480316976699, 38.105916178621953 ], [ -85.846159437691469, 38.103535798278898 ], [ -85.843296897411662, 38.102294257747296 ], [ -85.842772899131759, 38.099650257239141 ], [ -85.842039898394745, 38.097635259460695 ], [ -85.84134042872688, 38.097818738477834 ], [ -85.83918289701306, 38.097427258071505 ], [ -85.83790932175134, 38.097981201910386 ], [ -85.837344895708583, 38.09783225757527 ], [ -85.841946897179383, 38.096277256329437 ], [ -85.843174898410297, 38.095702258791952 ], [ -85.850288899798159, 38.090307258079775 ], [ -85.854456903602141, 38.088393256167961 ], [ -85.857015900512806, 38.086313256779988 ], [ -85.858920908159092, 38.086629256517398 ], [ -85.858721901368696, 38.086079254783812 ], [ -85.857651902769007, 38.085741253204155 ], [ -85.860395658722325, 38.083139635215716 ], [ -85.865466903089015, 38.076241253787764 ], [ -85.86618890540916, 38.074973252088355 ], [ -85.866617903676186, 38.073637251209085 ], [ -85.867631357994327, 38.067329225865656 ], [ -85.879572988906446, 38.070086467467654 ], [ -85.884761301401852, 38.071714697774709 ] ] ] } },
{ "type": "Feature", "properties": { "district": 35 }, "geometry": { "type": "Polygon", "coordinates": [ [ [ -85.759365436675225, 38.105549841064665 ], [ -85.761529565455902, 38.102573442978269 ], [ -85.762114117993605, 38.100309602132178 ], [ -85.761748020137787, 38.099555655583337 ], [ -85.762523701477903, 38.098175461965532 ], [ -85.763337993157762, 38.097326466596982 ], [ -85.763547513166415, 38.096054216915341 ], [ -85.7642261440581, 38.095382994153027 ], [ -85.764344373113545, 38.094724900571045 ], [ -85.764002944215477, 38.094167613049784 ], [ -85.764161837100303, 38.093493007185678 ], [ -85.76525587729239, 38.093194258676611 ], [ -85.765619874805168, 38.092624261859093 ], [ -85.771529877298121, 38.09877925996215 ], [ -85.770022659117188, 38.09990550940357 ], [ -85.778295338400923, 38.107575907756413 ], [ -85.77837069232605, 38.10769326281833 ], [ -85.776431448788031, 38.109167327069585 ], [ -85.776433312309308, 38.109397012894988 ], [ -85.781879399871428, 38.114123448855636 ], [ -85.78444372411748, 38.115426019370894 ], [ -85.781745363351007, 38.117318964134618 ], [ -85.780213639119637, 38.117786142112884 ], [ -85.779385336619242, 38.117907390311018 ], [ -85.77786143121719, 38.11708090034714 ], [ -85.776053430629787, 38.116562900540927 ], [ -85.774550432592292, 38.116625901564902 ], [ -85.773862880281243, 38.117207264545101 ], [ -85.776957882397397, 38.119835264113298 ], [ -85.777017879420782, 38.120513865622307 ], [ -85.776917880007247, 38.122129267001007 ], [ -85.775752883555739, 38.127348268205466 ], [ -85.772746882554642, 38.131049267292013 ], [ -85.772472881374895, 38.132453267316087 ], [ -85.772473880818822, 38.133087269819555 ], [ -85.77455888094039, 38.142763270922266 ], [ -85.771928883827741, 38.144444270652933 ], [ -85.76587187925152, 38.147320270102547 ], [ -85.763639880607442, 38.148659270421007 ], [ -85.751359875735318, 38.157438271509328 ], [ -85.750177875104839, 38.158730275072948 ], [ -85.749552875435896, 38.160158272603958 ], [ -85.7494330032021, 38.161031916917963 ], [ -85.749551876136735, 38.162102274949781 ], [ -85.761186084859233, 38.205168693469346 ], [ -85.765569378143411, 38.20515910294327 ], [ -85.766404237768313, 38.200471477438519 ], [ -85.768466865808932, 38.198545257132061 ], [ -85.777430148064823, 38.198631520196201 ], [ -85.777360889024393, 38.201879282841759 ], [ -85.781853290094176, 38.20184030643501 ], [ -85.776194047268703, 38.206335774803563 ], [ -85.775319888968113, 38.20607928086708 ], [ -85.770530886312869, 38.205715280420272 ], [ -85.769565744566947, 38.211252157934872 ], [ -85.771023888820821, 38.212462282846616 ], [ -85.771996560154562, 38.212527622471455 ], [ -85.772125049168295, 38.212704208466768 ], [ -85.776077303421502, 38.210890552405708 ], [ -85.77688399123214, 38.21198469536268 ], [ -85.779593079605945, 38.210737736669493 ], [ -85.781117965871687, 38.21280637514095 ], [ -85.783760042451732, 38.211541471280121 ], [ -85.784780054800265, 38.21290854099103 ], [ -85.791612441874946, 38.203287473546212 ], [ -85.798955058460479, 38.197422936748737 ], [ -85.80055109660637, 38.196398039274939 ], [ -85.800420421070342, 38.196447150992825 ], [ -85.800361265843549, 38.196466859640879 ], [ -85.802016560277792, 38.195634281868188 ], [ -85.804841288344903, 38.196914464451403 ], [ -85.800692246477368, 38.20313758202645 ], [ -85.799558376858585, 38.20576370608547 ], [ -85.799245440646288, 38.206632621402193 ], [ -85.800508893457348, 38.207390279539709 ], [ -85.799172596013506, 38.210702993174415 ], [ -85.798353896595899, 38.214895281268518 ], [ -85.795992902469692, 38.214687283611653 ], [ -85.795266896348139, 38.21646928056613 ], [ -85.790874891826476, 38.216160280885546 ], [ -85.790262894478033, 38.217691280805248 ], [ -85.788294893174367, 38.217562282526323 ], [ -85.788060335013256, 38.218354787600433 ], [ -85.788865894527646, 38.218424283653526 ], [ -85.787851892172412, 38.221003282764151 ], [ -85.783495463090915, 38.22045648208961 ], [ -85.782101199273299, 38.223964082452639 ], [ -85.781660892239159, 38.226336286116748 ], [ -85.781409892324362, 38.226664284755977 ], [ -85.780997890278854, 38.231011283921134 ], [ -85.771306129896857, 38.230114126901853 ], [ -85.771028054346786, 38.23155201232133 ], [ -85.772409241069951, 38.231686950652332 ], [ -85.772056827368644, 38.233933581690593 ], [ -85.778720888346626, 38.234504289009124 ], [ -85.778543890922634, 38.235600286918988 ], [ -85.777202890304309, 38.235434285985825 ], [ -85.774940605661087, 38.248024470020297 ], [ -85.763567528475676, 38.246476571204596 ], [ -85.760051234437199, 38.246208510056562 ], [ -85.760559604307588, 38.24336338977114 ], [ -85.760590213311602, 38.242055216738144 ], [ -85.754149597526407, 38.241339412733986 ], [ -85.754667005839437, 38.238398134552924 ], [ -85.748835198838279, 38.237769213158032 ], [ -85.749221884950643, 38.235527286184393 ], [ -85.747297882524009, 38.235334285953932 ], [ -85.747490879967003, 38.234203284790325 ], [ -85.745469878528979, 38.233994286010635 ], [ -85.744622882494255, 38.238880291310871 ], [ -85.740590557849828, 38.238457886165428 ], [ -85.740850759227399, 38.236947106056618 ], [ -85.74045348703001, 38.236891874210635 ], [ -85.74023839592823, 38.236651442194244 ], [ -85.738595738187044, 38.236453794361424 ], [ -85.737825880488259, 38.238363289884404 ], [ -85.73679387959568, 38.238272288888609 ], [ -85.73676884953278, 38.238415923344228 ], [ -85.733750490092035, 38.23812647828543 ], [ -85.73465363572042, 38.239301734668857 ], [ -85.733325243310077, 38.239179622966027 ], [ -85.73119787764449, 38.240286291673179 ], [ -85.73072170707924, 38.239662712919824 ], [ -85.727378376718661, 38.241294352423999 ], [ -85.728792080143663, 38.243091117492469 ], [ -85.728684349895673, 38.243871758515589 ], [ -85.72701476900825, 38.243748706689644 ], [ -85.728008877427015, 38.245025291759831 ], [ -85.725808876481011, 38.246162290768332 ], [ -85.726516874653356, 38.246997291151466 ], [ -85.724813877887556, 38.247888293561623 ], [ -85.725116758021244, 38.248291557671628 ], [ -85.722002507517985, 38.24989813637891 ], [ -85.721308873174777, 38.249221293473489 ], [ -85.718173972517107, 38.2489163591924 ], [ -85.715752492803944, 38.250213569051986 ], [ -85.712117326345947, 38.249061533239427 ], [ -85.710931933198097, 38.248200143995085 ], [ -85.708012687452921, 38.247692491122912 ], [ -85.707590422741376, 38.247388468086015 ], [ -85.707316359626262, 38.246214033265943 ], [ -85.706864658646452, 38.245761385477607 ], [ -85.706165844499338, 38.245563767780368 ], [ -85.704538919801763, 38.245542847469757 ], [ -85.704251096745779, 38.244048819737571 ], [ -85.705277908662794, 38.243324201643389 ], [ -85.70539217159569, 38.24253732117684 ], [ -85.706184776398004, 38.241128695714465 ], [ -85.706911958878493, 38.23897696559618 ], [ -85.707353734544768, 38.238303742273168 ], [ -85.708079175395952, 38.237652368865412 ], [ -85.71232012143885, 38.235463027507585 ], [ -85.712434179234762, 38.235254935695536 ], [ -85.713876874697348, 38.234511297427197 ], [ -85.71370287016633, 38.234412776734281 ], [ -85.717890873615005, 38.23224928849671 ], [ -85.719473872031855, 38.234202290003267 ], [ -85.724481875742285, 38.23164229018397 ], [ -85.727657194339997, 38.235737843140896 ], [ -85.73041427827475, 38.234520609701889 ], [ -85.731908876590154, 38.234201290765647 ], [ -85.735730255532886, 38.232773355077093 ], [ -85.737293929011699, 38.232921992239625 ], [ -85.737326205926095, 38.232192447475136 ], [ -85.740339965332922, 38.231043770309299 ], [ -85.740426818896168, 38.230383244136796 ], [ -85.741089685904328, 38.230780515854129 ], [ -85.741919790798917, 38.230808687126306 ], [ -85.742056750167563, 38.2297485709176 ], [ -85.741690322721084, 38.227540006274502 ], [ -85.741677626460088, 38.226306360392798 ], [ -85.743431773919383, 38.221744884931198 ], [ -85.745325880105383, 38.22286128817619 ], [ -85.75161887943959, 38.220146287046894 ], [ -85.752144657884145, 38.218326163519031 ], [ -85.751561882394057, 38.218228285892522 ], [ -85.750487880348444, 38.216797286953231 ], [ -85.749097881253007, 38.215349285994748 ], [ -85.745329964993246, 38.216981171279031 ], [ -85.743926731659542, 38.215476120602368 ], [ -85.743274041642465, 38.215819138406985 ], [ -85.741854272986956, 38.2135934781844 ], [ -85.747000880485757, 38.211374283258586 ], [ -85.747078877518035, 38.212472284493458 ], [ -85.747581878124805, 38.212038286133613 ], [ -85.748110879900182, 38.211863285618868 ], [ -85.747888911771824, 38.208789652610356 ], [ -85.751061880064924, 38.208661284691438 ], [ -85.750736880855513, 38.204282281507673 ], [ -85.750891881626032, 38.194896280246915 ], [ -85.750253880902648, 38.194874280568783 ], [ -85.750289918406949, 38.192858234532046 ], [ -85.748278876988337, 38.193295281252347 ], [ -85.747881877077717, 38.193537280821594 ], [ -85.747241879081372, 38.192695281895432 ], [ -85.743740876339132, 38.194319280439778 ], [ -85.740882876137348, 38.190626279561847 ], [ -85.742180875052469, 38.190096280150293 ], [ -85.744067877945255, 38.189944280629945 ], [ -85.746383876327926, 38.190019279611249 ], [ -85.747027878347907, 38.189653278849001 ], [ -85.745909879095322, 38.18954728002101 ], [ -85.744241878737384, 38.189533277481502 ], [ -85.718725868759051, 38.191079282194572 ], [ -85.716920867354006, 38.191262281606768 ], [ -85.714958390866997, 38.191719848347894 ], [ -85.713777869478406, 38.191137282529375 ], [ -85.712551868530568, 38.190768283325134 ], [ -85.709991866650981, 38.190540283570364 ], [ -85.704983867443104, 38.19131528133699 ], [ -85.706920339611543, 38.193755574941363 ], [ -85.706448867980441, 38.194089283336467 ], [ -85.705198866069665, 38.195932283641362 ], [ -85.704090868914349, 38.196498285037002 ], [ -85.704016866269683, 38.196754282388859 ], [ -85.704215868519725, 38.196788284825629 ], [ -85.702956297803681, 38.197603974889859 ], [ -85.701189866966288, 38.197701282625083 ], [ -85.701325933968604, 38.196845039627618 ], [ -85.697455863805473, 38.196906282866628 ], [ -85.698150865928, 38.194268281631921 ], [ -85.693857862277696, 38.193046282917976 ], [ -85.693593864434135, 38.194317285321148 ], [ -85.692522863891369, 38.194013283348774 ], [ -85.692453860958167, 38.194367283593856 ], [ -85.693132862199249, 38.194513282269867 ], [ -85.692994863400202, 38.194575281573499 ], [ -85.692517990407552, 38.197170673158766 ], [ -85.695777432954898, 38.197866449272468 ], [ -85.695756357917688, 38.198537020966228 ], [ -85.696412352959555, 38.198642784145122 ], [ -85.69324493039781, 38.200868179576098 ], [ -85.691605864381003, 38.201096284559902 ], [ -85.691258549744731, 38.201084511327906 ], [ -85.691332861272841, 38.200747285187283 ], [ -85.691145863882952, 38.200739285271283 ], [ -85.690903863608966, 38.200969283598788 ], [ -85.688222863150088, 38.200889285052398 ], [ -85.686761862398455, 38.201060286125859 ], [ -85.686143253792949, 38.200929517985521 ], [ -85.684896790241183, 38.200110957023178 ], [ -85.682286936031502, 38.197979356566357 ], [ -85.681006994936638, 38.198976356766238 ], [ -85.678446040089753, 38.200340313949042 ], [ -85.677866037703907, 38.20113119209654 ], [ -85.675541188886825, 38.202143491032743 ], [ -85.675400433313754, 38.202556393400421 ], [ -85.674398403883899, 38.202701989409178 ], [ -85.674407435137383, 38.203162771229707 ], [ -85.674017517484927, 38.203210207477412 ], [ -85.671154086725124, 38.199525402347469 ], [ -85.669906452716532, 38.200189110321759 ], [ -85.672087652562269, 38.202895854656106 ], [ -85.667261858984062, 38.205418409435147 ], [ -85.667719855574802, 38.20596228763474 ], [ -85.668581857164185, 38.20550828643831 ], [ -85.670209857208036, 38.20752628649231 ], [ -85.669737855979051, 38.207749288501311 ], [ -85.669406857965058, 38.207403285706988 ], [ -85.668521854587269, 38.207882285909562 ], [ -85.664566853693259, 38.203047287473986 ], [ -85.662457146965394, 38.20019282770695 ], [ -85.661961115252993, 38.200137613836532 ], [ -85.653636399550905, 38.195526026167073 ], [ -85.64393970457256, 38.190519125600744 ], [ -85.637852769015865, 38.187173012541585 ], [ -85.638067909630948, 38.186779265597934 ], [ -85.638326532006488, 38.18390360446741 ], [ -85.643291031007351, 38.184221035226514 ], [ -85.643374268926578, 38.183293921175483 ], [ -85.643677146974582, 38.183006909279186 ], [ -85.642365782710243, 38.1818963195146 ], [ -85.643144733460829, 38.181262394322559 ], [ -85.642102073598565, 38.180322381499522 ], [ -85.638676203138161, 38.180037929860767 ], [ -85.639137652643157, 38.174935838566405 ], [ -85.63989326305402, 38.171949725666664 ], [ -85.640667873232871, 38.16332890484874 ], [ -85.640638781797733, 38.162495050453167 ], [ -85.640177039692531, 38.161139144722853 ], [ -85.642587847577033, 38.15952127858165 ], [ -85.643684846070897, 38.157640278329986 ], [ -85.64543184446795, 38.156697278439765 ], [ -85.645479478249726, 38.156228092842788 ], [ -85.645511997142222, 38.155407638250523 ], [ -85.643514065286496, 38.153767261351234 ], [ -85.643243920074383, 38.153990556673619 ], [ -85.643715842029422, 38.140211275128102 ], [ -85.643472843536955, 38.139857274099811 ], [ -85.642082844126605, 38.139659276273719 ], [ -85.641860841192397, 38.13940727470527 ], [ -85.643153284391403, 38.122850285790093 ], [ -85.64607725134708, 38.12204589057469 ], [ -85.648830896519527, 38.121652891336502 ], [ -85.656718442739717, 38.119449523981245 ], [ -85.662325567443062, 38.118103556739122 ], [ -85.667070382543017, 38.117332434076019 ], [ -85.669124779940347, 38.117277243380322 ], [ -85.669431850329445, 38.11766226978385 ], [ -85.668714681301608, 38.11936348035465 ], [ -85.668902850501979, 38.119374269814536 ], [ -85.677970231075932, 38.11793537176311 ], [ -85.68346473676884, 38.116147255510569 ], [ -85.684754686642151, 38.11592996743623 ], [ -85.696498550006993, 38.117065058003732 ], [ -85.697432857604014, 38.117299268610729 ], [ -85.701511859983228, 38.116060268539435 ], [ -85.701595858772805, 38.118039268809532 ], [ -85.701859858374959, 38.118182267058316 ], [ -85.705590860848304, 38.117161266768882 ], [ -85.706294860966537, 38.116377267089888 ], [ -85.707229861313152, 38.115990269228867 ], [ -85.709694883317923, 38.116254836660616 ], [ -85.712882898289507, 38.116350737276377 ], [ -85.716044899330853, 38.115591543672743 ], [ -85.724289584420319, 38.116018139315564 ], [ -85.727354855565324, 38.11696424329196 ], [ -85.729570872301835, 38.11713440043944 ], [ -85.731822441517849, 38.117588562508743 ], [ -85.732766534871161, 38.117569444851185 ], [ -85.736156936484008, 38.116682167084541 ], [ -85.737160153050411, 38.116212311078108 ], [ -85.734401757593545, 38.106011193589033 ], [ -85.735067691028945, 38.105745977568269 ], [ -85.735131832718864, 38.105545689533301 ], [ -85.735529094302208, 38.105621480931703 ], [ -85.735765934366427, 38.106195287805555 ], [ -85.736035348152342, 38.106358971475636 ], [ -85.736077946045015, 38.106773518769089 ], [ -85.736730869480297, 38.106339308549195 ], [ -85.739744803679969, 38.103351358075713 ], [ -85.747238792604406, 38.11158165211252 ], [ -85.747734904149297, 38.112559945973018 ], [ -85.749352160071595, 38.111752008722675 ], [ -85.758559055185813, 38.105088585195368 ], [ -85.758714698442503, 38.10499970172544 ], [ -85.759365436675225, 38.105549841064665 ] ] ] } },
{ "type": "Feature", "properties": { "district": 36 }, "geometry": { "type": "Polygon", "coordinates": [ [ [ -85.555547291823984, 38.223008443896894 ], [ -85.559917823480333, 38.223030294119056 ], [ -85.570664826714065, 38.222510293210561 ], [ -85.574242831698939, 38.222641293396435 ], [ -85.579289829309772, 38.223515292883903 ], [ -85.590165835632448, 38.2269262933495 ], [ -85.597153835086615, 38.223148295152214 ], [ -85.596496836438632, 38.222399294217915 ], [ -85.603234839671813, 38.218823293454008 ], [ -85.6068428394004, 38.218982293293685 ], [ -85.606929840595797, 38.219369291464659 ], [ -85.61093584018306, 38.224621294485694 ], [ -85.615637840540302, 38.22995029515689 ], [ -85.615170842371612, 38.230178293615921 ], [ -85.616526841359686, 38.231859296070027 ], [ -85.614819844446188, 38.232823292980186 ], [ -85.6153668439581, 38.23329429635276 ], [ -85.615788844781761, 38.2340342949066 ], [ -85.616317846328826, 38.234431292222901 ], [ -85.617217842670769, 38.233558294916698 ], [ -85.618326841887338, 38.232951293472553 ], [ -85.6224516546568, 38.23775461950413 ], [ -85.623127001797215, 38.237895420338866 ], [ -85.619156136459196, 38.250553109416899 ], [ -85.618919313897109, 38.251914622058351 ], [ -85.61917010664439, 38.253280030808398 ], [ -85.619685295045272, 38.254344721184836 ], [ -85.622449480431342, 38.257803161824064 ], [ -85.61731958442823, 38.260633333067936 ], [ -85.617496856275764, 38.260843217731271 ], [ -85.609885000069411, 38.261237609527441 ], [ -85.606816345255851, 38.261952509625232 ], [ -85.609979099609163, 38.265274484097233 ], [ -85.609921892742079, 38.265852340219013 ], [ -85.610360454264907, 38.266641079678998 ], [ -85.607668737532677, 38.268136964917595 ], [ -85.606558663849896, 38.266880552241226 ], [ -85.605047902030648, 38.267665759174548 ], [ -85.604603565244332, 38.267937056189176 ], [ -85.605660300653014, 38.269080550068701 ], [ -85.60444738358261, 38.269782923706522 ], [ -85.599326785222559, 38.264143945036984 ], [ -85.577947241487806, 38.270027429420445 ], [ -85.575955487918165, 38.270538205148732 ], [ -85.573958833020797, 38.270811304378626 ], [ -85.573669260116048, 38.271035047081369 ], [ -85.569247268817122, 38.272322183648669 ], [ -85.568481831669274, 38.272262304973943 ], [ -85.567787834691003, 38.272744304611962 ], [ -85.563973303549247, 38.273950558685627 ], [ -85.566754831027367, 38.280179305993983 ], [ -85.566253832835855, 38.280300305002918 ], [ -85.566509830091078, 38.280800305460694 ], [ -85.569266834942354, 38.28444230744141 ], [ -85.571158836027635, 38.286186306675141 ], [ -85.572311117225112, 38.287612961051018 ], [ -85.57610006835786, 38.286171315524406 ], [ -85.577617903882185, 38.286081825422755 ], [ -85.582301245436355, 38.292121640998033 ], [ -85.582847154969826, 38.292591044262295 ], [ -85.583469838290924, 38.292856306444804 ], [ -85.584052840251104, 38.293636307570971 ], [ -85.584274840121779, 38.293559307666136 ], [ -85.584532841130198, 38.294098305915142 ], [ -85.584491838949688, 38.294677305713449 ], [ -85.583659838172309, 38.294533307096707 ], [ -85.583261839296028, 38.294919306801475 ], [ -85.582887836559038, 38.296189306080528 ], [ -85.583786840546622, 38.297544307374167 ], [ -85.583486839377642, 38.297688309454706 ], [ -85.58468083846067, 38.299265307712673 ], [ -85.584123837457184, 38.299394309390159 ], [ -85.585663838253481, 38.302949309761743 ], [ -85.587196863466005, 38.302375456177494 ], [ -85.5895878699869, 38.301963239430378 ], [ -85.598143634287723, 38.297747933679105 ], [ -85.598773605104554, 38.298613887726638 ], [ -85.597262384632259, 38.299407830850747 ], [ -85.598447247316741, 38.301024432986203 ], [ -85.59952404137114, 38.302074298352913 ], [ -85.598076745395062, 38.302630989081706 ], [ -85.598709865063157, 38.303709620568362 ], [ -85.597804325034716, 38.305062707405504 ], [ -85.596984542792597, 38.305890546728094 ], [ -85.597922901035574, 38.306674091312246 ], [ -85.593494264458002, 38.308902361800435 ], [ -85.594407842951242, 38.309700307558479 ], [ -85.594901842402265, 38.309848309956777 ], [ -85.595094844628534, 38.310213311455406 ], [ -85.595490846020226, 38.310232310011216 ], [ -85.595691841378354, 38.310549309680276 ], [ -85.596253845468937, 38.310378308528001 ], [ -85.597230766640195, 38.31090101572839 ], [ -85.597575844169498, 38.310785308941369 ], [ -85.600368842903748, 38.31174430889147 ], [ -85.600889844249011, 38.311732308882426 ], [ -85.601111846868889, 38.311501310666102 ], [ -85.602387763099443, 38.311147599064896 ], [ -85.602726843865, 38.31041630855178 ], [ -85.603192845294544, 38.31024531033146 ], [ -85.603270845771533, 38.309963311406811 ], [ -85.603873847883477, 38.309693310060091 ], [ -85.604106843970044, 38.309246310308168 ], [ -85.604680613533517, 38.30919928121304 ], [ -85.60527584566033, 38.3094703086241 ], [ -85.605544844670007, 38.309784309753525 ], [ -85.605718845905528, 38.309814309983309 ], [ -85.60588784841643, 38.309621307782301 ], [ -85.606203403370074, 38.309686331528702 ], [ -85.606889845504085, 38.310008310590462 ], [ -85.606823845623069, 38.310277309875211 ], [ -85.607549848778717, 38.310368309548004 ], [ -85.607919848072086, 38.310932311002766 ], [ -85.607802443845273, 38.311300496223318 ], [ -85.608051846821155, 38.311736311139647 ], [ -85.608047848465546, 38.312194310998194 ], [ -85.60866384586501, 38.312961309998244 ], [ -85.611304218839336, 38.312750379306912 ], [ -85.607921847315026, 38.31740931095834 ], [ -85.60603384481216, 38.31844631135192 ], [ -85.605722845102093, 38.318815311315504 ], [ -85.588495621362526, 38.316755891131159 ], [ -85.585180398983951, 38.316007682517288 ], [ -85.582252914845867, 38.31486771026772 ], [ -85.579204474547439, 38.316260801666473 ], [ -85.576205852564428, 38.317333464318644 ], [ -85.569799759137496, 38.318691114334257 ], [ -85.574489836303883, 38.330223316245245 ], [ -85.561049522581143, 38.333370019970012 ], [ -85.561012618501138, 38.33551638668488 ], [ -85.560005023640969, 38.33641903187209 ], [ -85.526810157933554, 38.317970838320697 ], [ -85.532340826531183, 38.317522314109915 ], [ -85.539527739394174, 38.317693093569822 ], [ -85.545340328799412, 38.317267097274815 ], [ -85.547984638387376, 38.317570183846826 ], [ -85.553884828910057, 38.317363314064607 ], [ -85.559921409917649, 38.3160103701873 ], [ -85.563139358824372, 38.314876752757819 ], [ -85.568037472678782, 38.312401036607426 ], [ -85.572377855214498, 38.309373300567515 ], [ -85.567558319721968, 38.306744150548376 ], [ -85.557648765581177, 38.303008771263748 ], [ -85.548618969320458, 38.297481263600325 ], [ -85.54078482572676, 38.299557310268717 ], [ -85.531808334157915, 38.30224698282322 ], [ -85.521609229065959, 38.304956327011872 ], [ -85.520230818199863, 38.305071313221454 ], [ -85.519833062049244, 38.30540889272207 ], [ -85.517359096906802, 38.306133621204815 ], [ -85.517157069982346, 38.306270048252117 ], [ -85.517130956301642, 38.306726620577578 ], [ -85.518965194226396, 38.308844130323862 ], [ -85.514533941292356, 38.311024637920696 ], [ -85.498326402111914, 38.301732895608509 ], [ -85.468104211258066, 38.285260212465609 ], [ -85.404850803761576, 38.263737605402945 ], [ -85.407348782986645, 38.248377306230097 ], [ -85.407648780931126, 38.248509306439139 ], [ -85.407766783278859, 38.248970305582176 ], [ -85.408253784119267, 38.249547305564981 ], [ -85.408392786751179, 38.249672308178035 ], [ -85.408635786352079, 38.24984430699741 ], [ -85.408814781968402, 38.250002306442845 ], [ -85.408999786683964, 38.250282305337898 ], [ -85.409093989032414, 38.250397727983874 ], [ -85.409796786689341, 38.251127305514309 ], [ -85.410077785608124, 38.251241304830842 ], [ -85.410233786943024, 38.251283306903986 ], [ -85.411051783243224, 38.251358306312227 ], [ -85.411130786109439, 38.251345307089871 ], [ -85.411257786364388, 38.25130230525486 ], [ -85.411312784418541, 38.251296307156451 ], [ -85.411618785392378, 38.251365307896528 ], [ -85.412017785484124, 38.251809306421848 ], [ -85.412261787090443, 38.252001307822809 ], [ -85.412366785257674, 38.252231306218533 ], [ -85.412641786936859, 38.252477308344687 ], [ -85.41314678595073, 38.252649305364272 ], [ -85.413195786250569, 38.252646308011634 ], [ -85.413267562416294, 38.252629831871467 ], [ -85.412649328952071, 38.252472005143211 ], [ -85.412269329084054, 38.251996004645591 ], [ -85.411626327366832, 38.251360004760478 ], [ -85.411320326408173, 38.251291004040134 ], [ -85.410241329010091, 38.251278003857351 ], [ -85.409804328772097, 38.251122002495769 ], [ -85.408822324006081, 38.249997003487103 ], [ -85.407774325285885, 38.248965002693573 ], [ -85.40765632289893, 38.248504003557855 ], [ -85.407571324305238, 38.248446004778017 ], [ -85.407356324962578, 38.248372003368097 ], [ -85.407305267117877, 38.24836699971415 ], [ -85.414651407477606, 38.203851660650464 ], [ -85.414761129060452, 38.204107174279578 ], [ -85.415183650463092, 38.204290387851849 ], [ -85.41573452390449, 38.20420214309857 ], [ -85.416003612625886, 38.204041134575121 ], [ -85.415963679969479, 38.203871074443057 ], [ -85.41619943382274, 38.203949129001074 ], [ -85.416939424668598, 38.203720166384535 ], [ -85.417637354377533, 38.20375454479192 ], [ -85.417884624772356, 38.203968749160907 ], [ -85.418102361844717, 38.203698729513704 ], [ -85.418413723215252, 38.2036737529466 ], [ -85.41855610402186, 38.203901199177345 ], [ -85.419871133839237, 38.203544745913383 ], [ -85.420033376686348, 38.20365022300394 ], [ -85.420395780746233, 38.203354362057084 ], [ -85.420779512245048, 38.203613493532266 ], [ -85.422633745750773, 38.203217518154432 ], [ -85.424469086546495, 38.203374384484555 ], [ -85.42470662170274, 38.203564313389322 ], [ -85.424879481794108, 38.20337025414954 ], [ -85.425773437280995, 38.203502436469201 ], [ -85.425912020982267, 38.203678777169721 ], [ -85.425798460398127, 38.203827257139658 ], [ -85.426292453218537, 38.203904749354393 ], [ -85.427087213488932, 38.203810312720968 ], [ -85.427381609905169, 38.203548180411133 ], [ -85.427757416403821, 38.203705373664498 ], [ -85.427981948037285, 38.204056521849616 ], [ -85.428545248563339, 38.203795599473558 ], [ -85.428994886741037, 38.20421518833011 ], [ -85.42897799903443, 38.204407760751806 ], [ -85.429455825839625, 38.204713176406202 ], [ -85.429766124675751, 38.204517638549561 ], [ -85.430697542726122, 38.204559272968616 ], [ -85.430884294419613, 38.204726195332242 ], [ -85.430743220526665, 38.204920134259893 ], [ -85.432180507703507, 38.205474992095063 ], [ -85.433162510075562, 38.205268685416065 ], [ -85.433903309864277, 38.205826653135055 ], [ -85.434702696948875, 38.205716409323855 ], [ -85.435050151927115, 38.205960263989716 ], [ -85.435846560303347, 38.205963956869013 ], [ -85.436014810189462, 38.206209684151588 ], [ -85.436987273450939, 38.206484804283917 ], [ -85.438100767385734, 38.207321708643413 ], [ -85.438416203618289, 38.207734746052758 ], [ -85.439771155860228, 38.208117555836445 ], [ -85.44150841309154, 38.208872079881772 ], [ -85.442468412817561, 38.208759079365386 ], [ -85.443006413158571, 38.209132080109228 ], [ -85.44371441325562, 38.20913608083017 ], [ -85.4446984139569, 38.209920077696758 ], [ -85.445790412062692, 38.209838080596725 ], [ -85.447243412549895, 38.210057077761654 ], [ -85.447662416464027, 38.209961078698612 ], [ -85.447697952262288, 38.209990582980666 ], [ -85.448814106851444, 38.210233577545772 ], [ -85.447703329782954, 38.209975801040713 ], [ -85.447599794737002, 38.209646297279363 ], [ -85.447274795045843, 38.209591297499053 ], [ -85.446764794531489, 38.208782295450774 ], [ -85.446817794874562, 38.207784297015039 ], [ -85.447999791031947, 38.207682297078833 ], [ -85.449002791203384, 38.206791296424733 ], [ -85.449513792732972, 38.206248295870516 ], [ -85.449942794121839, 38.204844297033581 ], [ -85.450146790816476, 38.204657297947854 ], [ -85.452517791839782, 38.205155296835478 ], [ -85.453426795942846, 38.203333294651422 ], [ -85.454452792281444, 38.202195295231746 ], [ -85.454385794489994, 38.20161729592958 ], [ -85.453787795437819, 38.200139293351342 ], [ -85.453580793700212, 38.198622296378943 ], [ -85.453161793709654, 38.197550294221664 ], [ -85.453168791658683, 38.196307294572193 ], [ -85.45251879547655, 38.195005293530208 ], [ -85.453700795026279, 38.191904294513776 ], [ -85.453668791202375, 38.191260294510286 ], [ -85.454197792006539, 38.190465294997722 ], [ -85.45420779517211, 38.189718292269035 ], [ -85.456124793325614, 38.189453291377212 ], [ -85.457526795146805, 38.189988294453109 ], [ -85.458663792537052, 38.188853293426156 ], [ -85.460434795690858, 38.188521293159916 ], [ -85.461311796969596, 38.188186294178351 ], [ -85.462543794715771, 38.187268293724536 ], [ -85.466641796848251, 38.186740292034543 ], [ -85.467721796047968, 38.186751291974382 ], [ -85.468292795769813, 38.186876290878104 ], [ -85.468301796283583, 38.187078290986271 ], [ -85.468552795782898, 38.187179293542442 ], [ -85.468771796515384, 38.187061292590684 ], [ -85.469347796806559, 38.187167291791681 ], [ -85.468972795355015, 38.186914293357503 ], [ -85.470449799552199, 38.187526293796573 ], [ -85.471419797782545, 38.188151290427363 ], [ -85.471932797634494, 38.188121292583645 ], [ -85.472350797884644, 38.187715290736278 ], [ -85.473349797680086, 38.187441290256928 ], [ -85.476601801867787, 38.187594292834397 ], [ -85.478433799041611, 38.187337290735947 ], [ -85.47990379860299, 38.187669291639857 ], [ -85.481144801881214, 38.188376293735772 ], [ -85.483378802655679, 38.188582290917871 ], [ -85.484347803364344, 38.188441291756199 ], [ -85.483692801341959, 38.188375291223366 ], [ -85.485009800587406, 38.188155290449018 ], [ -85.485761803293201, 38.187773290663344 ], [ -85.487130802308371, 38.18636528940366 ], [ -85.487155800516618, 38.185979290025358 ], [ -85.486834801857128, 38.185357291478631 ], [ -85.486212802086811, 38.184789290809711 ], [ -85.485322799749625, 38.183554291901324 ], [ -85.484031802735501, 38.181056292278704 ], [ -85.483453799599175, 38.17939428812182 ], [ -85.48382080033997, 38.17861728783101 ], [ -85.485947801350761, 38.177236287761922 ], [ -85.48865080096401, 38.176440290259968 ], [ -85.491035800986367, 38.17613528907507 ], [ -85.491477803981567, 38.176239287678186 ], [ -85.491165803960826, 38.176587288673964 ], [ -85.491317803898852, 38.176730286999863 ], [ -85.491469802159244, 38.176744289190026 ], [ -85.491507803262465, 38.17654828826997 ], [ -85.491995802828399, 38.176831288590279 ], [ -85.492926805041563, 38.176707287158195 ], [ -85.494216803910533, 38.17681428791532 ], [ -85.493837805220736, 38.17692928881678 ], [ -85.49407080286376, 38.177027287434598 ], [ -85.494522804181386, 38.176930288199117 ], [ -85.494307803712942, 38.176793290231785 ], [ -85.494773804960786, 38.176685289470932 ], [ -85.495326805817342, 38.175990289131519 ], [ -85.495524805161594, 38.175951289643329 ], [ -85.495618806898364, 38.175803288203483 ], [ -85.49541280501046, 38.175765288728051 ], [ -85.495740805314426, 38.175588287557964 ], [ -85.495896806931839, 38.175199290309109 ], [ -85.495885804089227, 38.174814287084338 ], [ -85.495026805462516, 38.174407289565863 ], [ -85.494876804691756, 38.174163287224829 ], [ -85.494935804044047, 38.173548288080639 ], [ -85.495577803455802, 38.172768286558821 ], [ -85.498279806057027, 38.17111728732656 ], [ -85.499199805190912, 38.170385288618967 ], [ -85.500120806233056, 38.170400287251297 ], [ -85.500802805328959, 38.169965285264368 ], [ -85.500423803748717, 38.169951287916156 ], [ -85.49960780675778, 38.170322286052944 ], [ -85.499405806003452, 38.170324288218836 ], [ -85.499465807041403, 38.170211288460067 ], [ -85.500639805785426, 38.169811287786366 ], [ -85.501638806734377, 38.169673287356403 ], [ -85.502076807083128, 38.169227287474058 ], [ -85.501947805332804, 38.168007287541371 ], [ -85.50122080704746, 38.166524285779012 ], [ -85.500916807167542, 38.165338286143331 ], [ -85.499328804955042, 38.16374328513745 ], [ -85.497787804760122, 38.160646286218508 ], [ -85.497706803219145, 38.159870284712341 ], [ -85.498106802077032, 38.158496283872502 ], [ -85.49747280289516, 38.156665285393423 ], [ -85.496705801361429, 38.155933284149718 ], [ -85.496468801340768, 38.155458283374173 ], [ -85.496624801758387, 38.154884284210304 ], [ -85.497250801926299, 38.154252284042201 ], [ -85.498248802682156, 38.153676282021074 ], [ -85.499496801870706, 38.153302284117622 ], [ -85.500047804027616, 38.153355284363215 ], [ -85.499989802047722, 38.15326528550338 ], [ -85.500671805963265, 38.153081281965477 ], [ -85.501616806636463, 38.152544284066508 ], [ -85.502885803644844, 38.152455284171424 ], [ -85.503308806087134, 38.152910285639962 ], [ -85.503755804134073, 38.154486284252059 ], [ -85.504089804829945, 38.1550612842343 ], [ -85.504225806272331, 38.155886285332812 ], [ -85.50477280320375, 38.156855285180313 ], [ -85.505945804896371, 38.157661283567968 ], [ -85.507184803198598, 38.157805284502835 ], [ -85.508260806494022, 38.157329285343806 ], [ -85.508912806325867, 38.156454286383031 ], [ -85.512822806240408, 38.155392285261406 ], [ -85.51328980653426, 38.155198283571394 ], [ -85.51328080496036, 38.154860285500419 ], [ -85.513406808133411, 38.155103285464406 ], [ -85.514235806836297, 38.154933284586534 ], [ -85.513898808117617, 38.155258283488386 ], [ -85.514594808919597, 38.155143284098749 ], [ -85.515760809542414, 38.153810285676045 ], [ -85.515843808903512, 38.153183282344045 ], [ -85.515480808731098, 38.15257028460271 ], [ -85.514384808235363, 38.151489285170193 ], [ -85.514687809367871, 38.151902282598193 ], [ -85.514461806290697, 38.151819282201359 ], [ -85.514433804751505, 38.152020284611552 ], [ -85.514298808064794, 38.151948284805016 ], [ -85.513967806401936, 38.151256285338704 ], [ -85.513224804995147, 38.150240284977194 ], [ -85.512956806447363, 38.150144283189732 ], [ -85.511935807993041, 38.148472281899352 ], [ -85.5102318056217, 38.146637281521834 ], [ -85.509963804923984, 38.14590128131853 ], [ -85.510033805684188, 38.144231282443876 ], [ -85.510172806082537, 38.143433281068958 ], [ -85.5105928032051, 38.143026283423765 ], [ -85.513833806263406, 38.142469282350348 ], [ -85.515641806415587, 38.142439279595891 ], [ -85.516250806276503, 38.142234283301498 ], [ -85.516830807064864, 38.141783280402194 ], [ -85.517363805278592, 38.13912927993487 ], [ -85.516881807134695, 38.136663279048818 ], [ -85.516702805810851, 38.136218281544522 ], [ -85.516125806592129, 38.135712281917243 ], [ -85.515741807530816, 38.135119279582241 ], [ -85.515674807457984, 38.13436327940942 ], [ -85.51587980623583, 38.133517279382261 ], [ -85.516429809338348, 38.133132280753394 ], [ -85.517517806527493, 38.132789279775466 ], [ -85.517782806544389, 38.132720278327632 ], [ -85.519853805882619, 38.134083279451858 ], [ -85.520445842233514, 38.134220393099959 ], [ -85.524258949608509, 38.132344928441029 ], [ -85.524630605468943, 38.132347402456972 ], [ -85.525725983336841, 38.13407888291156 ], [ -85.527009812593434, 38.134373019493445 ], [ -85.527576969205839, 38.134791961281408 ], [ -85.528360130877033, 38.135098350990013 ], [ -85.531939437269173, 38.135672414411971 ], [ -85.532059894015475, 38.135897934464467 ], [ -85.531957090982317, 38.13676096345764 ], [ -85.53245866497754, 38.137390008288975 ], [ -85.533410607985374, 38.136826430143891 ], [ -85.534864002837224, 38.136439921331153 ], [ -85.537032454760123, 38.136690555499634 ], [ -85.53835712408042, 38.136634897527486 ], [ -85.538973337025737, 38.138897220050289 ], [ -85.539264529790159, 38.139447051341932 ], [ -85.545876814338882, 38.14683328081572 ], [ -85.544874815871225, 38.147060279976252 ], [ -85.54398281729955, 38.147286280036717 ], [ -85.543662816510349, 38.147380282985281 ], [ -85.543295817917937, 38.147505279886119 ], [ -85.543055813930266, 38.147598280727671 ], [ -85.542616818676152, 38.147795281864731 ], [ -85.542406816265199, 38.147899280753087 ], [ -85.542232817955195, 38.147997281309337 ], [ -85.54194781493463, 38.148173280754641 ], [ -85.541422815766836, 38.148551280955481 ], [ -85.539966815436031, 38.149683281444936 ], [ -85.533349816677685, 38.155015281708579 ], [ -85.532610811690859, 38.155582281836239 ], [ -85.526186811599061, 38.16031728361353 ], [ -85.524673810045442, 38.16144428324418 ], [ -85.524309810243935, 38.161742285120987 ], [ -85.523721810064615, 38.162273283096823 ], [ -85.523217814260732, 38.162780285422883 ], [ -85.52292781079764, 38.163096283799902 ], [ -85.522631809021249, 38.163452284789486 ], [ -85.522364812127691, 38.163787285625254 ], [ -85.52192680921361, 38.164388285248499 ], [ -85.521702810573416, 38.164748287472065 ], [ -85.521031813100677, 38.165913284995128 ], [ -85.520104810308752, 38.167540286491899 ], [ -85.519892809286802, 38.16792928557652 ], [ -85.52054180987524, 38.168146285308573 ], [ -85.520856811848816, 38.168243285954588 ], [ -85.521073809699431, 38.168304285580376 ], [ -85.52219981085014, 38.168584285514861 ], [ -85.522336811479946, 38.168611287597251 ], [ -85.522738810422538, 38.168670286909851 ], [ -85.522973809425466, 38.168698285645732 ], [ -85.523309812652272, 38.168847284989425 ], [ -85.523605810306393, 38.169012288163792 ], [ -85.524066812612276, 38.169253287636479 ], [ -85.524157068106646, 38.169306953078113 ], [ -85.524217166731262, 38.169335987498471 ], [ -85.525957928625246, 38.171078098863816 ], [ -85.526985058462571, 38.172065851188762 ], [ -85.527678958899756, 38.172706186227863 ], [ -85.529953085430648, 38.174216215945421 ], [ -85.531133704259389, 38.174919792526801 ], [ -85.533101964362501, 38.175819104383407 ], [ -85.53368321499201, 38.176805110727884 ], [ -85.534041755400054, 38.17725834405806 ], [ -85.533104381796164, 38.175819077797463 ], [ -85.531136121663877, 38.17491976598167 ], [ -85.527681376231897, 38.172706159754263 ], [ -85.524219583952629, 38.169335961096614 ], [ -85.524069229831014, 38.169253261237728 ], [ -85.523608227517229, 38.169012261774633 ], [ -85.523312229857765, 38.168847258606363 ], [ -85.522976226626113, 38.168698259269625 ], [ -85.519895226463035, 38.167929259264234 ], [ -85.521929226271354, 38.164388258894085 ], [ -85.522930227812111, 38.163096257424762 ], [ -85.52431222721286, 38.161742258717169 ], [ -85.526189228519996, 38.160317257170846 ], [ -85.53261322845205, 38.155582255260441 ], [ -85.533352233419762, 38.155015255117483 ], [ -85.541425232291218, 38.148551254197102 ], [ -85.543058230422346, 38.147598253935463 ], [ -85.545879191872572, 38.146833264696312 ], [ -85.548266538853539, 38.149639285713896 ], [ -85.549097277363146, 38.150369834760937 ], [ -85.551843984757497, 38.151480297750872 ], [ -85.558411883270637, 38.153316172403088 ], [ -85.559383619509362, 38.153779856861853 ], [ -85.559981620043857, 38.154393890012138 ], [ -85.560424213364726, 38.155616765130439 ], [ -85.561132414456168, 38.156772389672767 ], [ -85.56546833106367, 38.161160699454598 ], [ -85.566890573540604, 38.163839769713661 ], [ -85.561515996165681, 38.163662105291117 ], [ -85.560158395347898, 38.164100099830499 ], [ -85.555839760829414, 38.166040892059279 ], [ -85.554921368178185, 38.167225845209288 ], [ -85.554634298983345, 38.168165270644927 ], [ -85.554101816128266, 38.169037655323592 ], [ -85.553749059523753, 38.169273331105643 ], [ -85.552812129236457, 38.168991069770122 ], [ -85.552227741723172, 38.168070195892433 ], [ -85.551680498155676, 38.167668834568182 ], [ -85.551210567503162, 38.16756557077963 ], [ -85.550211969118308, 38.167661260122969 ], [ -85.550403765452813, 38.169233003328451 ], [ -85.549950907747245, 38.171678660012901 ], [ -85.550227272972904, 38.17307781355138 ], [ -85.550231429269786, 38.173942439698408 ], [ -85.550023098389403, 38.177819267531866 ], [ -85.549574003522736, 38.17966558121838 ], [ -85.549651876938981, 38.180617761609405 ], [ -85.550377555886584, 38.181480252718224 ], [ -85.55094227880241, 38.182549655129357 ], [ -85.552352819846391, 38.186486289055487 ], [ -85.552435715262234, 38.187266984154682 ], [ -85.552040646308541, 38.188306249337899 ], [ -85.560240824233091, 38.190111288624053 ], [ -85.561707816279451, 38.190622286562594 ], [ -85.563763813619275, 38.188689081162885 ], [ -85.56459482518494, 38.188427289091699 ], [ -85.565261826559961, 38.188424287268617 ], [ -85.568959826730989, 38.190207287936119 ], [ -85.56807982866431, 38.191695287946288 ], [ -85.56847252031956, 38.192348677288599 ], [ -85.565462935246856, 38.194282930967745 ], [ -85.568637826606547, 38.197275289738563 ], [ -85.570807091563296, 38.198766189824021 ], [ -85.571635806030301, 38.200346670239078 ], [ -85.5722008230574, 38.200968816876888 ], [ -85.5760270503405, 38.203078015562909 ], [ -85.571037416848355, 38.202737784224169 ], [ -85.563724301961429, 38.203418115634456 ], [ -85.56220968333875, 38.202970260723852 ], [ -85.560600827074495, 38.201683290448983 ], [ -85.559829824491175, 38.202836289891259 ], [ -85.559637826361865, 38.203450291866595 ], [ -85.558886839384613, 38.209757911205642 ], [ -85.559086248763904, 38.210948308355611 ], [ -85.558794195472814, 38.212610949166468 ], [ -85.556166082644467, 38.216306164690145 ], [ -85.553554412726328, 38.221678529063375 ], [ -85.555546822159613, 38.223253294615233 ], [ -85.555547291823984, 38.223008443896894 ] ] ] } },
{ "type": "Feature", "properties": { "district": 37 }, "geometry": { "type": "Polygon", "coordinates": [ [ [ -85.837390895099361, 38.097901256940474 ], [ -85.83790932175134, 38.097981201910386 ], [ -85.83918289701306, 38.097427258071505 ], [ -85.84134042872688, 38.097818738477834 ], [ -85.842039898394745, 38.097635259460695 ], [ -85.842772899131759, 38.099650257239141 ], [ -85.843296897411662, 38.102294257747296 ], [ -85.846159437691469, 38.103535798278898 ], [ -85.84480316976699, 38.105916178621953 ], [ -85.848202955574564, 38.105702382069602 ], [ -85.850998472279599, 38.105942942598773 ], [ -85.850792493822766, 38.107086923404978 ], [ -85.851221405890897, 38.110170964226057 ], [ -85.851349365917827, 38.110548186061045 ], [ -85.852019058856598, 38.111073886581934 ], [ -85.852642427208295, 38.113177944837275 ], [ -85.854721532924842, 38.112965538065509 ], [ -85.855685401812181, 38.112705300115913 ], [ -85.856198202376973, 38.115880223613566 ], [ -85.860165319674252, 38.115440255369329 ], [ -85.860578768500517, 38.115547587905823 ], [ -85.862518226682624, 38.113292875482955 ], [ -85.86485424935988, 38.114321192148402 ], [ -85.865613813574342, 38.114047336543003 ], [ -85.866959128931754, 38.114487341837837 ], [ -85.867734630118605, 38.113157511403344 ], [ -85.875114204911966, 38.115769825340415 ], [ -85.875434599176003, 38.11609750889977 ], [ -85.876740294948689, 38.116392436992506 ], [ -85.876497907918321, 38.114933260910689 ], [ -85.876765910302993, 38.11409626043568 ], [ -85.877346909816865, 38.113376259762738 ], [ -85.878933817101526, 38.112196575186381 ], [ -85.879456685924993, 38.114716796887258 ], [ -85.879926429751151, 38.115493989118058 ], [ -85.882651325236353, 38.118103644891548 ], [ -85.884744535916241, 38.118598700354568 ], [ -85.886924912195013, 38.120447260016789 ], [ -85.887536912348025, 38.122170259857612 ], [ -85.888143911895426, 38.12330626199752 ], [ -85.889031912925844, 38.126040262135142 ], [ -85.88933391409735, 38.128505261333508 ], [ -85.889249914631705, 38.129143263013283 ], [ -85.886136912041351, 38.13266726260396 ], [ -85.885779913568285, 38.140842265643023 ], [ -85.883503153296914, 38.146246262078172 ], [ -85.882135294090531, 38.147818840797562 ], [ -85.880032860937973, 38.14876509008419 ], [ -85.879336613688537, 38.149496651155481 ], [ -85.879249713440046, 38.150031310281875 ], [ -85.879984676853852, 38.151044564202714 ], [ -85.882844246831397, 38.153100485059092 ], [ -85.883308434185864, 38.154579114231304 ], [ -85.883088387960342, 38.1572629137058 ], [ -85.884672916320042, 38.1575252678251 ], [ -85.88372191796779, 38.159420268443228 ], [ -85.881646917034729, 38.161162266797888 ], [ -85.884566915480008, 38.163549269478985 ], [ -85.88992792042761, 38.166333269555757 ], [ -85.89131092106534, 38.16656726914686 ], [ -85.892470917119127, 38.166121267964868 ], [ -85.892779920992425, 38.166427267203474 ], [ -85.892002917532324, 38.169695269227383 ], [ -85.890087920295258, 38.175166268536735 ], [ -85.889584692012534, 38.175414652762967 ], [ -85.881991512461752, 38.175851028799492 ], [ -85.880236022699975, 38.174379220654153 ], [ -85.877505519342876, 38.170992349782018 ], [ -85.870348892274563, 38.167063091609869 ], [ -85.868047238746712, 38.169974281560073 ], [ -85.867758031301349, 38.169951380745744 ], [ -85.867452204324366, 38.170687739241686 ], [ -85.865137941855011, 38.173387394382715 ], [ -85.863540623705518, 38.176071899972001 ], [ -85.855875076557268, 38.172620031714651 ], [ -85.853909906435021, 38.174775274064089 ], [ -85.851355351645552, 38.175580670496736 ], [ -85.851594206943986, 38.175976734539226 ], [ -85.848822780018679, 38.17876393277816 ], [ -85.848221887638942, 38.17844998091492 ], [ -85.846931785902186, 38.179339722558112 ], [ -85.846635518170814, 38.179840278214769 ], [ -85.846472339846031, 38.181000216748714 ], [ -85.833831091640661, 38.180014551743596 ], [ -85.833702994695344, 38.180104615773033 ], [ -85.833531935705381, 38.182174120660967 ], [ -85.82718753677355, 38.18188258440108 ], [ -85.827285773867132, 38.18149826720532 ], [ -85.822150001007913, 38.18308709578892 ], [ -85.819889747316338, 38.183017970959625 ], [ -85.818419228221515, 38.183193331958115 ], [ -85.816009671607318, 38.184062668298225 ], [ -85.814804683805846, 38.184305936032608 ], [ -85.813623895496477, 38.184325277491702 ], [ -85.816051919021433, 38.180941308754718 ], [ -85.819106017889638, 38.177951310821179 ], [ -85.823729952219807, 38.173992100090395 ], [ -85.819552539070656, 38.171259927078978 ], [ -85.808951178422049, 38.185413811828958 ], [ -85.801070930863617, 38.186155194341502 ], [ -85.801493892392202, 38.187954276689823 ], [ -85.800924895783709, 38.190467275523289 ], [ -85.80071989352156, 38.194213275715718 ], [ -85.800400896656171, 38.194690277856481 ], [ -85.799184895781394, 38.19541927793184 ], [ -85.799072879162878, 38.196751190747186 ], [ -85.80055109660637, 38.196398039274939 ], [ -85.798955058460479, 38.197422936748737 ], [ -85.791612441874946, 38.203287473546212 ], [ -85.784780054800265, 38.21290854099103 ], [ -85.783760042451732, 38.211541471280121 ], [ -85.781117965871687, 38.21280637514095 ], [ -85.779593079605945, 38.210737736669493 ], [ -85.77688399123214, 38.21198469536268 ], [ -85.776077303421502, 38.210890552405708 ], [ -85.772125049168295, 38.212704208466768 ], [ -85.771996560154562, 38.212527622471455 ], [ -85.771023888820821, 38.212462282846616 ], [ -85.769565744566947, 38.211252157934872 ], [ -85.770530886312869, 38.205715280420272 ], [ -85.775319888968113, 38.20607928086708 ], [ -85.776194047268703, 38.206335774803563 ], [ -85.781853290094176, 38.20184030643501 ], [ -85.777360889024393, 38.201879282841759 ], [ -85.777430148064823, 38.198631520196201 ], [ -85.768466865808932, 38.198545257132061 ], [ -85.766404237768313, 38.200471477438519 ], [ -85.765569378143411, 38.20515910294327 ], [ -85.761186084859233, 38.205168693469346 ], [ -85.749551876136735, 38.162102274949781 ], [ -85.7494330032021, 38.161031916917963 ], [ -85.749630878616529, 38.159881274441496 ], [ -85.750025876851936, 38.158981272860139 ], [ -85.75067286200175, 38.158084650241186 ], [ -85.751538877525959, 38.157300274797983 ], [ -85.764136877691769, 38.148325272703275 ], [ -85.76587187925152, 38.147320270102547 ], [ -85.771928883827741, 38.144444270652933 ], [ -85.77455888094039, 38.142763270922266 ], [ -85.772473880818822, 38.133087269819555 ], [ -85.772472881374895, 38.132453267316087 ], [ -85.772746882554642, 38.131049267292013 ], [ -85.775752883555739, 38.127348268205466 ], [ -85.776917880007247, 38.122129267001007 ], [ -85.777017879420782, 38.120513865622307 ], [ -85.776957882397397, 38.119835264113298 ], [ -85.773862880281243, 38.117207264545101 ], [ -85.774550432592292, 38.116625901564902 ], [ -85.776053430629787, 38.116562900540927 ], [ -85.77786143121719, 38.11708090034714 ], [ -85.779385336619242, 38.117907390311018 ], [ -85.780213639119637, 38.117786142112884 ], [ -85.781745363351007, 38.117318964134618 ], [ -85.784438639890482, 38.11542930647154 ], [ -85.789122885536329, 38.117634263393647 ], [ -85.793582035781341, 38.11837001257009 ], [ -85.794482599223173, 38.118665282420231 ], [ -85.795277888610016, 38.119183264891667 ], [ -85.796346888965829, 38.118956262623122 ], [ -85.806058891434787, 38.111721262469935 ], [ -85.806323888278243, 38.111253262046851 ], [ -85.80634989026224, 38.110863261603903 ], [ -85.80573089105286, 38.109798264467855 ], [ -85.811235601139217, 38.107504676965107 ], [ -85.81471542405518, 38.105835667452297 ], [ -85.825924894080998, 38.098911259319095 ], [ -85.841392896733595, 38.090037256962553 ], [ -85.844048900056805, 38.088958256813527 ], [ -85.846709900116778, 38.08840125506341 ], [ -85.848938901116952, 38.088289254873146 ], [ -85.854032902569813, 38.088618257454876 ], [ -85.850288899798159, 38.090307258079775 ], [ -85.843005899424384, 38.095798257363498 ], [ -85.837390895099361, 38.097901256940474 ] ] ] } },
{ "type": "Feature", "properties": { "district": 38 }, "geometry": { "type": "Polygon", "coordinates": [ [ [ -85.812922136271482, 38.106736609675174 ], [ -85.80573089105286, 38.109798264467855 ], [ -85.80634989026224, 38.110863261603903 ], [ -85.806323888278243, 38.111253262046851 ], [ -85.806058891434787, 38.111721262469935 ], [ -85.796414887700223, 38.118929262726354 ], [ -85.795277888610016, 38.119183264891667 ], [ -85.794482599223173, 38.118665282420231 ], [ -85.793582035781341, 38.11837001257009 ], [ -85.788883526561705, 38.117550516340046 ], [ -85.781954993054327, 38.114178921779569 ], [ -85.77647680730756, 38.109445576677025 ], [ -85.776431448788031, 38.109167327069585 ], [ -85.77837069232605, 38.10769326281833 ], [ -85.778295338400923, 38.107575907756413 ], [ -85.770022659117188, 38.09990550940357 ], [ -85.771529877298121, 38.09877925996215 ], [ -85.765619874805168, 38.092624261859093 ], [ -85.76525587729239, 38.093194258676611 ], [ -85.764161837100303, 38.093493007185678 ], [ -85.764002944215477, 38.094167613049784 ], [ -85.764344373113545, 38.094724900571045 ], [ -85.7642261440581, 38.095382994153027 ], [ -85.763547513166415, 38.096054216915341 ], [ -85.763337993157762, 38.097326466596982 ], [ -85.762523701477903, 38.098175461965532 ], [ -85.761748020137787, 38.099555655583337 ], [ -85.762114117993605, 38.100309602132178 ], [ -85.761529565455902, 38.102573442978269 ], [ -85.759365436675225, 38.105549841064665 ], [ -85.758714698442503, 38.10499970172544 ], [ -85.758559055185813, 38.105088585195368 ], [ -85.748587447490564, 38.112244138152114 ], [ -85.747734904149297, 38.112559945973018 ], [ -85.747238792604406, 38.11158165211252 ], [ -85.739744803679969, 38.103351358075713 ], [ -85.736730869480297, 38.106339308549195 ], [ -85.736077946045015, 38.106773518769089 ], [ -85.736035348152342, 38.106358971475636 ], [ -85.735765934366427, 38.106195287805555 ], [ -85.735529094302208, 38.105621480931703 ], [ -85.735131832718864, 38.105545689533301 ], [ -85.735067691028945, 38.105745977568269 ], [ -85.73440446860188, 38.10600778099591 ], [ -85.737160153050411, 38.116212311078108 ], [ -85.736156936484008, 38.116682167084541 ], [ -85.732468205419792, 38.117607411044311 ], [ -85.729425099851198, 38.117115048360525 ], [ -85.727354855565324, 38.11696424329196 ], [ -85.724289584420319, 38.116018139315564 ], [ -85.716044899330853, 38.115591543672743 ], [ -85.712882898289507, 38.116350737276377 ], [ -85.709694883317923, 38.116254836660616 ], [ -85.707229861313152, 38.115990269228867 ], [ -85.706294860966537, 38.116377267089888 ], [ -85.705590860848304, 38.117161266768882 ], [ -85.701859858374959, 38.118182267058316 ], [ -85.701595858772805, 38.118039268809532 ], [ -85.70130686022398, 38.111370268573587 ], [ -85.699403859127386, 38.110501267049457 ], [ -85.698643858724566, 38.109323266537963 ], [ -85.700195856738773, 38.108987265690473 ], [ -85.700107857205026, 38.107008265593258 ], [ -85.699345414735802, 38.106938920727309 ], [ -85.698887855873352, 38.106531265574141 ], [ -85.698759399510479, 38.104190029197412 ], [ -85.696043858748226, 38.104272266364077 ], [ -85.695571857108646, 38.102971264259054 ], [ -85.695744854773125, 38.102632264887156 ], [ -85.694774853712858, 38.101307267067746 ], [ -85.694844854098704, 38.100824265767017 ], [ -85.694656858820196, 38.100669266482079 ], [ -85.693497367125858, 38.102839999241532 ], [ -85.692956097503867, 38.105102245889817 ], [ -85.69175433285983, 38.107956348219105 ], [ -85.686984918354725, 38.106766166373482 ], [ -85.68619281749676, 38.106734211670606 ], [ -85.682288067188821, 38.105885239532533 ], [ -85.680540759187139, 38.105173413513143 ], [ -85.680019850132425, 38.105973266446071 ], [ -85.678909853198448, 38.105999265667094 ], [ -85.678802853580066, 38.105200268018237 ], [ -85.677712398941495, 38.104600527335734 ], [ -85.676174849365864, 38.104313268254742 ], [ -85.676464851142896, 38.103575268215899 ], [ -85.675389324809373, 38.103436898888098 ], [ -85.673265441284727, 38.103326929044385 ], [ -85.671444066264115, 38.103819852596537 ], [ -85.670709167114822, 38.103851305570572 ], [ -85.650430283618363, 38.102853065908441 ], [ -85.646954649965934, 38.110601130191561 ], [ -85.627324399552506, 38.109642214266138 ], [ -85.627152624691547, 38.109754427234307 ], [ -85.627070125172509, 38.110652869875828 ], [ -85.626894838893534, 38.11079527191368 ], [ -85.621721481647924, 38.110575084916569 ], [ -85.621536085672844, 38.109533656087258 ], [ -85.62138018735665, 38.109404270072794 ], [ -85.614152832825638, 38.109115272239507 ], [ -85.613881344880937, 38.109022430277236 ], [ -85.613836709686495, 38.108717068628444 ], [ -85.611913830860487, 38.108665269797797 ], [ -85.611749476010957, 38.111363624415361 ], [ -85.606255444961548, 38.11106388020869 ], [ -85.605883288786032, 38.114915101680985 ], [ -85.605299694850828, 38.114936306412602 ], [ -85.604704449635548, 38.11537541607423 ], [ -85.603135723177061, 38.115404703527027 ], [ -85.602334817723872, 38.116616616872626 ], [ -85.601840714847256, 38.122974642790211 ], [ -85.594613832404363, 38.122764359291502 ], [ -85.594797350984962, 38.123305741093809 ], [ -85.595136393001553, 38.123556469454527 ], [ -85.595049686096061, 38.123810214483726 ], [ -85.595471870395258, 38.12491332204938 ], [ -85.595023300581886, 38.125767909857416 ], [ -85.594517923126418, 38.126275108692255 ], [ -85.594090580926391, 38.127754704300607 ], [ -85.592713962508327, 38.129489272337075 ], [ -85.591560090959277, 38.130059372242428 ], [ -85.591478545164321, 38.130333899504478 ], [ -85.591847820699613, 38.131310253610067 ], [ -85.59026193519432, 38.131676260770135 ], [ -85.589510864993002, 38.132828818364324 ], [ -85.589847574509974, 38.133283750840739 ], [ -85.589921260866291, 38.133756150829747 ], [ -85.589721997190509, 38.135478188995101 ], [ -85.589377954529084, 38.136068261850603 ], [ -85.589597417221768, 38.136356411799419 ], [ -85.590299229534878, 38.136578351859086 ], [ -85.590479513423588, 38.136827073881186 ], [ -85.590387362836765, 38.137440041737491 ], [ -85.590110598175812, 38.137958268401235 ], [ -85.590189381777478, 38.138842860276107 ], [ -85.589239353515822, 38.139777390989593 ], [ -85.589443847173484, 38.140079170169464 ], [ -85.588197828865219, 38.140619279679157 ], [ -85.583365794029774, 38.141895513034356 ], [ -85.579153688093825, 38.133236995362694 ], [ -85.578220827935937, 38.131512277126042 ], [ -85.576435825682381, 38.129091276602807 ], [ -85.574625161163823, 38.12543210894038 ], [ -85.575142480070255, 38.125263150385194 ], [ -85.573462430590482, 38.121640613497419 ], [ -85.569122349578933, 38.107656438392318 ], [ -85.566505816989334, 38.100213269246247 ], [ -85.564625817221483, 38.094094269981802 ], [ -85.563456817928241, 38.094646268832214 ], [ -85.562478816184168, 38.09599626922212 ], [ -85.56003581838155, 38.094756268233638 ], [ -85.5588908171555, 38.093869271436589 ], [ -85.557820816318383, 38.092378272132777 ], [ -85.556447815578338, 38.088999267862079 ], [ -85.556005813847975, 38.0875162671175 ], [ -85.555480815543461, 38.08469426927406 ], [ -85.552296815478655, 38.086447269366012 ], [ -85.551286814451316, 38.086750269838767 ], [ -85.548601813654642, 38.088499268544119 ], [ -85.547673812434141, 38.088835271241763 ], [ -85.547405813309098, 38.089218269743256 ], [ -85.546258812309119, 38.089458271119412 ], [ -85.544979812933676, 38.089454269410147 ], [ -85.543874811575932, 38.089812270128512 ], [ -85.542405809842322, 38.089265271782978 ], [ -85.542377812073937, 38.088834270490558 ], [ -85.54214781136956, 38.088648269555051 ], [ -85.540844809983696, 38.088675271490928 ], [ -85.539928811033548, 38.08828226986406 ], [ -85.537989810748698, 38.088226271473197 ], [ -85.537093807615975, 38.087744269452692 ], [ -85.535707806775051, 38.087749271232489 ], [ -85.534960806643895, 38.087193271131078 ], [ -85.53388980832095, 38.086689271174052 ], [ -85.533668805844997, 38.086837270627676 ], [ -85.531984807784156, 38.087083268880278 ], [ -85.530891806553186, 38.086695271455177 ], [ -85.530499808662825, 38.085937269846291 ], [ -85.530069809623427, 38.08568826975781 ], [ -85.530546806115311, 38.085449269981467 ], [ -85.529707805090112, 38.084434268736793 ], [ -85.529468042293857, 38.083847362046576 ], [ -85.55724225836093, 38.073810000125988 ], [ -85.578598198966858, 38.075771527870025 ], [ -85.712591364300067, 38.08729379739664 ], [ -85.842234243391061, 38.051469444818643 ], [ -85.842609654619395, 38.05272500128104 ], [ -85.842887803813099, 38.054503813372484 ], [ -85.842153859161527, 38.05683828508699 ], [ -85.841940322725208, 38.0584563950123 ], [ -85.841766564511573, 38.059212314949221 ], [ -85.841632545101263, 38.05976499964595 ], [ -85.841583961295797, 38.059956271000843 ], [ -85.841528367398425, 38.060162163432395 ], [ -85.841462360957308, 38.060312829540109 ], [ -85.841397515349371, 38.060454636157445 ], [ -85.84152833259725, 38.060162160474839 ], [ -85.841621186906721, 38.059809523849431 ], [ -85.841007564081494, 38.061292578655859 ], [ -85.840501930870275, 38.062033638869316 ], [ -85.838616695856658, 38.063065336352658 ], [ -85.838163487923381, 38.063806714533293 ], [ -85.838352863855491, 38.064670638708172 ], [ -85.839720598167332, 38.065805244982151 ], [ -85.841188924046293, 38.066075635399585 ], [ -85.841898235514265, 38.066361792688028 ], [ -85.844169661314496, 38.068241220728119 ], [ -85.847915930701078, 38.067052531042442 ], [ -85.849881821004203, 38.065547252773818 ], [ -85.851733176033761, 38.065280218924244 ], [ -85.852120030593483, 38.065365697011131 ], [ -85.85285991788389, 38.065945486083805 ], [ -85.85337196882341, 38.066047693581389 ], [ -85.858025881890413, 38.066289610151408 ], [ -85.860171570392424, 38.066235170948325 ], [ -85.861699902029301, 38.065912250716423 ], [ -85.864323775125413, 38.066203712828909 ], [ -85.865831081539127, 38.066826339757206 ], [ -85.867631357994327, 38.067329225865656 ], [ -85.866617903676186, 38.073637251209085 ], [ -85.86618890540916, 38.074973252088355 ], [ -85.865466903089015, 38.076241253787764 ], [ -85.860395658722325, 38.083139635215716 ], [ -85.857651902769007, 38.085741253204155 ], [ -85.858721901368696, 38.086079254783812 ], [ -85.858920908159092, 38.086629256517398 ], [ -85.857015900512806, 38.086313256779988 ], [ -85.855192900769168, 38.087909256070965 ], [ -85.854032902569813, 38.088618257454876 ], [ -85.847597901263541, 38.088319255167839 ], [ -85.844953898321108, 38.088715256975632 ], [ -85.842509896203268, 38.089497256537925 ], [ -85.825924894080998, 38.098911259319095 ], [ -85.815239564514386, 38.105540168240111 ], [ -85.812922136271482, 38.106736609675174 ] ] ] } }
]
}
